source,user,timestamp,information,uuid
Zotero,Lauren Klein,2012-08-21T14:19:19,The Visual Display of Quantitative Information,d53053d7-d93d-53b7-82af-c84df83c26c5
Zotero,Lauren Klein,2013-12-09T17:19:28,"Statistical tables;: exhibiting a view of all the states of Europe: showing, with the greatest accuracy, their population, military and marine strength, revenue and expenditures, form of government; with their seas, rivers, and mountains, climate, soil, and productions; division of each country, chief towns, situation, number of houses and inhabitants; historical occurrences, &c",efda7261-91e9-5f24-b122-6f0dad2f9ed1
Zotero,Lauren Klein,2013-12-09T17:20:12,"Geographical and statistical chart of the world,: published by J.F. Whitney & Co., to accompany their map of the Hudson River, &c. &c",bed4dd3a-163c-5d29-9474-960730a92365
Zotero,Lauren Klein,2013-12-09T17:21:45,British family antiquity,045090a7-3ec9-515d-837b-5c1491e6b4b7
Zotero,Lauren Klein,2013-12-09T17:22:12,"European commerce, shewing new and secure channels of trade with the continent of Europe:: detailing the produce, manufactures, and commerce, of Russia, Prussia, Sweden, Denmark, and Germany; as well as the trade of the rivers Elbe, Weser, and Ems; with a general view of the trade, navigation, produce, and manufactures, of the United Kingdom of Great Britain & Ireland",ccddce38-65b5-5cd7-9ecb-dc672501ad8a
Zotero,Lauren Klein,2013-12-09T17:22:29,"The history of Jacobinism, its crimes, cruelties and perfidies:: comprising an inquiry into the manner of disseminating, under the appearance of philosophy and virtue, principles which are equally subversive of order, virtue, religion, liberty and happiness",63f1d315-51e6-5161-a4b6-d3dedd777bb1
Zotero,Lauren Klein,2013-12-09T20:22:38,Inevitable consequences of a reform in Parliament,2d517394-6057-5bdf-a08d-2396a4e4f589
Zotero,Lauren Klein,2013-12-09T20:23:20,An inquiry into the nature and causes of the wealth of nations,e4dddf44-faaf-54fd-9f7d-64915fd7cab4
Zotero,Lauren Klein,2013-12-09T21:00:41,"Treasury Department, February 15, 1791.: Sir, I do myself the honor to transmit through you to the House of Representatives, a general return of the exports of the United States, abstracted from Custom-House returns",12216678-a016-5083-b580-6e4c7ee5f62f
Zotero,Lauren Klein,2013-12-10T15:46:16,A Concise view of North and South America,ba605bff-e5a8-52f2-afe4-e33430a56651
Zotero,Lauren Klein,2013-12-10T15:50:47,"The Dollar newspaper almanac, comprising valuable time tables, statistics, etc.: Annual supplement for the use of subscribers to the Dollar newspaper. Philadelphia, 1853. This will be found convenient if posted up for reference during the year",a470fc4e-6585-5ab1-b273-ea455361368b
Zotero,Lauren Klein,2013-12-10T15:54:26,A gazetteer of the United States of America,fa272932-6775-5270-b8e2-ad7d65070735
Zotero,Lauren Klein,2013-12-10T15:58:20,General post-office almanac. Annual supplement to the Dollar newspaper.: Almanac for the year 1845,b987d83e-cd42-53f6-87a9-ed1f002d2474
Zotero,Lauren Klein,2013-12-10T15:59:28,"The gentleman's pocket companion: or, A series of valuable tables and useful forms of writing",2d633e0b-3447-55a8-91a2-3519223f3c97
Zotero,Lauren Klein,2013-12-10T16:02:49,"The Ledger almanac, comprising valuable time tables, statistics, &c.: Annual supplement, as a gratuitious accompaniment the Public ledger, Philadelphia, 1857. This will be found, if posted up, convenient for reference during the year",3a2f126a-4b74-5a17-bd28-1347780bf3fa
Zotero,Lauren Klein,2013-12-10T16:32:25,A New display of the United States,c84547fe-99f0-511a-a024-2ae52474ca4b
Zotero,Lauren Klein,2013-12-10T16:33:48,"Pictorial history of the United States: containing the seals of the states and territories, discoveries, continental troops and militia of 1776, chronology, distinguished men, state debts and the last census",ee278538-3fc6-5fdd-899f-0f07a9502ec1
Zotero,Lauren Klein,2013-12-10T16:38:58,A Statistical and chronological view of the United States and territories: and traveler's guide through the United States,6ad90bfc-e533-5d7a-91fb-1d9e18ae80dd
Zotero,Lauren Klein,2013-12-10T16:41:17,Statistical chart.: 1844,06e9fa1d-84b5-5338-aa48-aa19ca92e7c8
Zotero,Lauren Klein,2013-12-10T16:42:02,Statistical chart.: 1845,d8859f19-0354-5f1b-ac1e-b7a73f73910e
Zotero,Lauren Klein,2013-12-10T16:44:09,"A Statistical chart of the United States, with the distances and population of the principal towns.: According to the census of 1830",23a06fc2-8843-5f2e-a0a6-aff240183b2a
Zotero,Lauren Klein,2013-12-10T16:46:15,"A Statistical table for the United States of America, for a succession of years, compiled chiefly from official documents",6f7aad0d-2435-5522-8f16-052746689e66
Zotero,Lauren Klein,2013-12-10T16:48:58,The United States at one view[.],19d40b67-2568-512a-bbce-05d8fa2458b1
Zotero,Lauren Klein,2013-12-10T17:32:53,"Comparison of products, population, and resources of the free and slave states",6d1fe1a0-df14-55a4-b49d-8803e72da6ff
Zotero,Lauren Klein,2013-12-10T17:42:03,Economica:: a statistical manual for the United States of America.: [Two lines of quotations],4111f073-00b0-5d87-a8e0-1a7b5008bfa4
Zotero,Lauren Klein,2013-12-10T17:45:41,"A reference chart of New-England,: showing the population of each state, county, and town, according to the official returns of the last census; also the distances between the principal towns; and containing an account of the banks, and many other useful and important tables.----",a34ecc98-e745-5bfe-bb2e-91d7864f245c
Zotero,Lauren Klein,2013-12-10T17:48:12,"The census of 1860.: To meet the wishes of numerous teachers who are now using Cornell's school geographies, we have obtained all that can, at present, be relied upon as accurate of the ""eighth census of the United States."" The information is presented in this form ... until the publication of the official census complete, at which time a thorough revision of the books, in this respect, will be made",4e8560b9-629b-527f-a3f0-bac37674ad16
Zotero,Lauren Klein,2013-12-10T17:51:41,"Comparative views of New England, New York, and the United States.: Commercial, statistical, moral and political",93c2210f-7340-56f1-b48d-5d5a18d096ea
Zotero,Lauren Klein,2013-12-10T21:02:47,Tree of liberty[.],268c2a5d-18d6-57a7-be78-dd4b307d57bc
Zotero,Lauren Klein,2013-12-10T21:16:43,"A concise view of the United States,: their situation, extent, boundaries, population, divisions, &c.--",c6981a3f-cc09-5769-9869-d0078cc5e1ff
Zotero,Lauren Klein,2013-12-10T21:24:42,"Ribbon map of the Father of Waters. Steamboat fares vary from two to four cents per mile, state rooms and meals included",5fe8f736-5e2c-5ea3-ae11-88ddb37f8319
Zotero,Lauren Klein,2013-12-10T21:39:37,"A book of the United States:: exhibiting its geography, divisions, constitution, and government, institutions, agriculture, commerce, manufactures, religion, education, population, natural curiosities, railroads, canals, public buildings, manners and customs, fine arts, antiquities, literature, mineralogy, botany, geology, natural history, productions, &c. &c. &c.: And presenting a view of the republic generally, and of the individual states; together with a condensed history of the land, from its first discovery to the present time. The biography of about two hundred of the leading men; a data of the principal cities and towns;: with statistical tables, relating to the religion, commerce, manufactures, and various other topics",253c14e5-9482-51b0-be5a-47ba96067c85
Zotero,Lauren Klein,2013-12-10T21:49:58,"United States statistical & chronological almanac, for 1843",55ed6af9-91a6-5d75-8ba8-44aa3b49b0e2
Zotero,Lauren Klein,2013-12-11T14:45:28,Facts and calculations respecting the population and territory of the United States of America,7cc5f478-cc82-5d30-8bd1-07b689dd75ea
Zotero,Lauren Klein,2013-12-11T14:52:02,"Geography of the United States--upon a new plan.: By which the most important questions, relative to any state or territory in the union, can be easily answered at a glance of the eye",4858dfdf-afe7-5b28-b007-cf4407a9982a
Zotero,Lauren Klein,2013-12-11T15:14:29,A geographical view of all the post towns in the United states of America and their distances from each other according to the establishment of the Postmaster General,929a77ab-71c3-58df-a395-23e8167dda11
Zotero,Lauren Klein,2013-12-11T15:17:45,"Statistical and geographical atlas of North America,: showing the latitude and longitude of the capital cities, their distances from each other in every direction, from Quebec to Panama. The whole so concise, that the road distance from any one city or town, to any other city or town in any direction, may be found in five seconds, by inspecting the table; also the number of inhabitants in each city, county, district, intendency, and state; and also, the square miles contained in each state and province, and their boundaries.: Abstracted from my great manuscript map of North America, containing 224 square feet; likewise the population and square miles of all the West India islands on the 1st of January, 1825",77d0e64e-4e42-533a-abe2-79f590854787
Zotero,Lauren Klein,2013-12-11T15:36:51,"Statistical annals: embracing views of the population, commerce, navigation, fisheries, public lands, post-office establishment, revenues, mint, military and naval establishments, expenditures, public debt and sinking fund of the United States of America",8eb2b6d6-b225-591a-af38-a9920053c8e8
Zotero,Lauren Klein,2013-12-11T15:41:55,"Epitome of universal geography,: giving a definite data of the United States; and also, many of the most important particulars relative to any other part of the globe; to which is annexed, the form of government of the United States and also of the separate states",ec645f47-011f-5a60-b0eb-d1785f5167f1
Zotero,Lauren Klein,2013-12-11T15:46:51,"Declaration of Independence.: In Congress, July 4, 1776: The unanimous declaration of the thirteen United States of America",c987845a-2177-5c92-8ec4-74e2c2185527
Zotero,Lauren Klein,2013-12-11T15:49:28,A comprehensive chart of American history,84cfc13e-f2e4-5758-a888-2e1707c3f452
Zotero,Lauren Klein,2013-12-11T16:17:04,"U.S. Pacific Rail Road Exploration & Survey. War Department. Botanical Profile, representing the FOREST TREES Along the route explored by Lieut. A.W. Whipple, Corps of Top'l Eng'rs. near the Parallel of 35° North Latitude. 1853-1854.",cc89ea90-ea37-5e5f-a6d1-c94c7a0ec80d
Zotero,Lauren Klein,2013-12-11T16:31:45,"A statistical view of the United States,: containing a geographical data of the United States, and of each state and territory; with topographical tables of the counties, towns, population, &c",70d8fdee-05f6-52ce-ab26-3c531c462455
Zotero,Lauren Klein,2013-12-11T21:08:30,"The Columbian traveller and statistical register.: Principally relating to the United States. November, 1833",7d6f96ff-36a8-56b2-b33a-1539e4ae668e
Zotero,Lauren Klein,2013-12-12T15:17:04,Schem's statistics of the world. ... Edited by Prof. Alexander J. Schem,71bcb09e-eae4-570f-aabb-27b085b742b5
Zotero,Lauren Klein,2013-12-12T15:34:36,"A system of physical geography;: containing a data of the natural features of the land and water, the phenomena of the atmosphere, and the distribution of vegetable and animal life.: To which is added, a treatise on the physical geography of the United States",33e6eaf9-a92e-5730-aaf1-aad9e124553b
Zotero,Lauren Klein,2013-12-12T15:56:15,"The commercial chart, and universal traveller.: ... Containing, 1. A statistical table of the United States, with a brief data of New-York, Boston, Philadelphia, Baltimore, Washington, Charleston, and New-Orleans ... 2. Columns, which, under their respective heads notice the offices, counting-houses, stores, hotels, steam-boats, stages, packets, &c. ... Arranged in pages for the double purpose of being put up as a common map, or folded as a pocket companion for travellers. The first publication of the kind which has appeared in the United States. To be published every year or oftener",361eb4fa-8679-5cf8-9830-9bdf3455a8c9
Zotero,Lauren Klein,2013-12-12T16:43:12,"A geographical chart: or, A scheme, comprehending the most important particulars relative to the geography of North and South-America.: Designed to be an auxiliary to the student",56df3c94-9428-54b7-8dfc-d851aee8418b
Zotero,Lauren Klein,2013-12-12T17:27:16,Chronological history of the United States.: Arranged with plates on Bem's principle,75ef8ec6-fcc5-5502-9f65-0202d2ce8c0a
Zotero,Lauren Klein,2013-12-13T15:08:50,Blank centuries for monographs of history: noted according to Zaba's method for organizing the memory,70dce549-bfdc-5f46-80a4-45a5a4203dc9
Zotero,Lauren Klein,2013-12-13T16:06:57,"Remembrancer.: Geography, on a new and improved plan, topographically demonstrated, with maps, charts, and globes, by delineation, reference, and instruction.: Embracing all the elementary principles, in the philosophy of the science.: [Six lines of quotations]",5b370663-db06-5add-a0ff-816468b44aa6
Zotero,Lauren Klein,2013-12-13T16:09:37,"The Polish-American system of chronology,: reproduced, with some modifications, from General Bem's Franco-Polish method",fa889d41-46ba-5530-87ef-79fb36488b27
Zotero,Lauren Klein,2013-12-13T17:33:59,"The Polish-American system of chronology,: reproduced, with some modifications, from General Bem's Franco-Polish method",51ce884d-bafa-58fa-af60-0e37d7a877e4
Zotero,Lauren Klein,2013-12-13T19:32:13,"The Polish-American system of chronology,: reproduced, with some modifications, from General Bem's Franco-Polish method",2a2e0a65-9422-5dd4-99e0-74de73916e59
Zotero,Lauren Klein,2013-12-13T19:45:15,"The Polish-American system of chronology,: reproduced, with some modifications, from General Bem's Franco-Polish method",6b180ced-71a2-5aab-90bc-bd3d1b34f940
Zotero,Lauren Klein,2013-12-13T19:48:52,"A geographical grammar;: comprising charts of rivers, and tables of extent, population, chief cities, heights of mountains, points of latitude, &c.: Designed as a companion for maps.: For the use of schools",1f419969-6694-5c6a-86fc-3e514deb0599
Zotero,Lauren Klein,2013-12-13T19:51:23,"Elements of elocution:: in which the principles of reading and speaking are investigated; and such pauses, emphasis, and inflexions of voice, as are suitable to every variety of sentence, are distinctly pointed out and explained:: with directions for strengthening and modulating the voice, so as to render it varied, forcible, and harmonious.: To which is added a complete system of the passions, showing how they affect the countenance, tone of voice, and gesture of the body.: Exemplified by a copious selection of the most striking passages of Shakespeare.: The whole illustrated by copper-plates, explaining the nature of accent, emphasis, inflection, and cadence",ac61ba71-ec81-51dd-a7e2-1fb879aa5a23
Zotero,Lauren Klein,2013-12-13T19:55:48,"A view of the earth,: containing an account of its internal structure; its caves and its subterranean pas-sages, its rivers, moun-tains, and cataracts.: to which are added, problems of the globes, directions for drawing maps, and tables of latitudes and longitudes.: With plates",d19ed51b-5104-57d7-9afe-365d60005df7
Zotero,Lauren Klein,2013-12-16T16:32:18,"Mitchell's new general atlas,: containing maps of the various countries of the world, plans of cities, etc. Embraced in forty-seven quarto maps, forming a series of seventy-six maps and plans, together with valuable statistical tables",e0527b48-7b37-5f1a-9d32-49d22bad1451
Zotero,Lauren Klein,2013-12-16T16:36:17,"Mitchell's new general atlas,: containing maps of the various countries of the world, plans of cities, etc., embraced in sixty-three quarto maps, forming a series of one hundred maps and plans, together with valuable statistical tables",474a41ec-7b5b-561f-bb98-e1f5f7b01447
Zotero,Lauren Klein,2013-12-16T16:39:00,"Mitchell's school atlas:: comprising the maps, etc., designed to illustrate Mitchell's School and family geography. Maps. ... Geographical and statistical tables",2270d877-62eb-57b6-b8d2-21c30e02d1d4
Zotero,Lauren Klein,2013-12-16T16:43:10,Mitchell's school atlas:: comprising the maps and tables designed to accompany Mitchell's school and family geography.: Maps. [Sixteen double lines describing 32 maps]: Geographical and statistical tables. [Nine double lines describing nine tables],7690fb2a-102e-517f-9002-6f0e3386ff3c
Zotero,Lauren Klein,2013-12-16T16:44:37,"An historical atlas,: containing the following charts: I. Chart of general history. II. Chart of mythology. III. Chart of sacred history. IV. Chart of ancient chronology. V. Chart of modern chronology. VI. Charts of sovereigns of Europe. VII. Historical chart of England. VIII. Historical chart of France. IX. Historical chart of the German Empire. X. Historical chart of Spain. XI. Chart of American history. XII. Chart of biography",f633eabb-de04-5996-ae93-3d8a80305cb3
Zotero,Lauren Klein,2013-12-16T17:13:49,Stories about the heathen and their children,0362a903-855b-5ac5-8dbc-0a2a6ef01dbe
Zotero,Lauren Klein,2013-12-16T17:44:12,"A practical grammar of the English language;: accompanied with notes, critical and explanatory",502f7fc6-e1b8-57b3-8a93-4173098b37cb
Zotero,Lauren Klein,2013-12-16T17:48:20,An historical atlas accompanying Worcester's Epitome of history;: containing the following charts: 1. Chart of history. 2. Chart of ancient chronology. 3. Chart of modern chronology. 4. Chart of American history,95d6730e-0a53-5d33-9a70-c3c9e6b2ebe8
Zotero,Lauren Klein,2013-12-16T18:02:16,"Atlas, designed to illustrate the Malte-Brun school geography.: Containing the following nineteen maps, charts, and tables. 1. New England States, 2. Middle States, Maryland, and Virginia, 3. United States, 4. North America, 5. South America, 6. Atlantic Ocean--its island and coasts, 7. Europe, 8. Africa, 9. Asia, 10. Pacific Ocean--its islands and coasts. 11. Western Hemisphere, 12. Eastern Hemisphere, 13. Northern Hemisphere, 14. Southern Hemisphere, 15. Height of the principal mountains on the globe, 16. Length of the principal rivers on the globe, 17. Chart, exhibiting the comparative extent of oceans, continents, countries, islands, seas, and lakes, 18. Tabular views, of extent, population, canals, roads, Indian tribes, universities, missionary stations, &c. 19. Picture of the world",57966205-f5f9-59f0-8561-d1e7edcc3fc6
Zotero,Lauren Klein,2013-12-16T21:14:42,"Woodbridge's school atlas, to accompany The rudiments of geography.: Atlas, on a new plan, exhibiting the prevailing religions, forms of government, degrees of civilization, and the comparative size of towns, rivers and mountains",31f17aa8-541a-5e9f-8add-1e9bf6c5d2aa
Zotero,Lauren Klein,2013-12-16T21:20:21,"Ready reference table. Population of the principal cities of the United States of America, according to the census of 1860; with other statistics",f34ed47c-9fc9-5a61-934f-f8da8b7d2894
Zotero,Lauren Klein,2013-12-16T21:38:16,Willard's map of time:: a companion to The historic guide,df432a65-4f89-5654-a1c0-aff6c7b3cacc
Zotero,Lauren Klein,2013-12-17T15:03:57,Charts Drawer 1: Folder: United States State Seals,5b475a6f-9ca5-57ff-8bfb-971695c558c7
Zotero,Lauren Klein,2013-12-17T15:15:59,"Lloyd's new political chart, 1861.: With a map of the United States, showing the free states, border slave states, cotton states, and territories, in different colors",a15e8d19-76ea-5db8-903a-c6e852b5dd29
Zotero,Lauren Klein,2013-12-17T15:22:54,"Charts Drawer 1: Folder: Alphabets, Elements of Speech, Grammars",502fea1b-9b5c-556b-93de-5216f8429550
Zotero,Lauren Klein,2013-12-17T15:41:02,"Charts Drawer 1: Folder 5: Alphabets, Grammars, Book-keeping, Numerical Tables, Price Lists, Sciences, Stenography",98af5644-e015-5d56-84e0-e3f12adea97d
Zotero,Lauren Klein,2013-12-17T16:06:43,"Charts Drawer 1: Folder 4: Universal history + geography, chronology + geology",d6b97f0d-810a-5056-b2fb-cb74e190b719
Zotero,Lauren Klein,2013-12-17T17:18:53,"Ancient geography,: as connected with chronology, and preparatory to the study of ancient history: accompanied with an atlas",454a93e2-d54e-5dc7-98cb-152dfae434a7
Zotero,Lauren Klein,2013-12-18T15:38:13,"Charts Drawer 1: Folder: Charts, United States, Historical and Graphical",7339be4b-ed70-52a8-aae3-a99a3f5e0dd8
Zotero,Lauren Klein,2013-12-18T20:29:49,Charts Drawer 2: Folder:Bible Chronology and Millerite Charts,001e1326-e284-59c5-9fb2-844843e82f9b
Zotero,Lauren Klein,2013-12-18T20:46:22,Charts Drawer 2: Folder: Flags and Signals,58505400-69c0-5507-b524-29b0376a7e0e
Zotero,Lauren Klein,2013-12-18T20:54:33,Charts Drawer 2: Folder: Charts Astronomical,5acc07bc-dd34-53c8-991b-1ab3aacab558
Zotero,Lauren Klein,2013-12-18T21:10:18,"Charts Drawer 2: Folder: Character, Health, Music, Phrenology, Miscellaneous, Geneology",e16c08b0-12ea-5cb4-b438-d623eae94438
Zotero,Lauren Klein,2013-12-18T21:28:02,Publications of the American Statistical Association,a9b97f33-41c9-5218-9b18-71d25f85ca5b
Zotero,Lauren Klein,2013-12-18T21:40:54,"History of the United States, or, Republic of America:: exhibited in connexion with its chronology & progressve [sic] geography; by means of a series of maps: the first of which, shows the country as inhabited by various tribes of Indians at the time of its discovery, and the remainder, its state at different subsequent epochas; so arranged, as to associate the principal events of the history and their dates with the places in which they occurred: arranged on the plan of teaching history adopted in Troy Female Seminary.: Designed for schools and private libraries",400d3415-e7a9-528d-ac71-220b5d26fe74
Zotero,Lauren Klein,2013-12-18T21:55:17,"A system of universal history, in perspective.: Accompanied by an atlas, exhibiting chronology in a picture of nations, and progressive geography in a series of maps.: Designed for schools and academies",4c1c23c2-a651-5c73-960a-cb390cb8d5cf
Zotero,Lauren Klein,2013-12-19T16:02:03,"A New American atlas,: designed principally to illustrate the geography of the United States of North America; in which every county in each state and territory of the Union is accurately delineated, as far as at present known: the whole compiled from the latest and most authentic information",cb192906-3246-526a-8d2b-d7f8ab2532ae
Zotero,Lauren Klein,2013-12-19T16:44:34,Diagram and statistical record of the signers of the Declaration of Independence,2f867544-d864-5422-a236-b2cd9fafcb46
Zotero,Lauren Klein,2013-12-19T18:45:56,Chart Illustrating Gospel Baptism,0a53023f-1c07-5018-9450-43b3981ae80e
Zotero,Lauren Klein,2013-12-19T18:55:50,Charts Drawer 3: Miscellaneous Charts: Folder: Broadside Almanacs,215cb2fc-3fae-542c-ac7e-4eb2e8a433dc
Zotero,Lauren Klein,2013-12-19T19:03:42,Charts Drawer 3: Miscellaneous Charts: Folder: Vine of Liberty,6ced12b3-5ede-52eb-81e8-cd1fc86bd0d1
Zotero,Lauren Klein,2013-12-19T19:11:38,Charts Drawer 3: Miscellaneous Charts: Folder: Dial of the Seasons,918891c8-086f-5671-baf6-3ad1ebaf9a9c
Zotero,Lauren Klein,2013-12-19T19:19:27,Principles of statistical inquiry;: as illustrated in proposals for uniting an examination into the resources of the United States with the census to be taken in 1840,f8b3e1ee-7b01-588f-a7c0-d29a2ecf6252
Zotero,Lauren Klein,2013-12-30T15:05:53,"A historical and classical atlas,: illustrating, by a series of maps and charts, ancient history and geography, both sacred and profane; and also, Grecian and Roman mythology",125469e5-de59-5d10-aa28-44e338eba4fb
Zotero,Lauren Klein,2013-12-30T15:17:43,Dadd's chart of veterinary reformed practice:: Being a condensed synopsis of the diseases,e1b03142-9e20-5810-9eff-4ee9b2c267a3
Zotero,Lauren Klein,2013-12-30T15:24:34,"Remarks on the statistics and political institutions of the United States,: with some observations on the ecclesiastical system of America, her sources of revenue, &c.: To which are added statistical tables, &c",44346a3d-61a9-5675-9d5f-9372311bd2e9
Zotero,Lauren Klein,2013-12-30T16:15:12,"Elements of history, ancient and modern: with a chart and tables of history, included within the volume",8889eebb-e3c8-539b-bd33-ba0f8b6194dc
Zotero,Lauren Klein,2013-12-30T16:52:59,"A chronological chart of ancient, modern and Biblical history",d6b9b1eb-9f69-54c8-8cac-a1d3b220b3f6
Zotero,Lauren Klein,2014-01-06T14:47:54,Statistical atlas of the United States: based on the results of the ninth census 1870 ; with contributions from many eminent men of science and several departments of the government,13598d72-a868-55b2-be5f-9405cd4fac3b
Zotero,Lauren Klein,2014-01-06T17:07:34,"Statistical atlas of the United States,: based upon results of the eleventh census",4e393d46-5e62-52b2-934d-130d48d8a2cd
Zotero,Lauren Klein,2014-01-23T15:55:41,"Denotatively, Technically, Literally",bf7e1f96-dba8-53b1-9386-1f6b35ee75b0
Zotero,Lauren Klein,2014-01-29T21:30:50,The Statistical Turn in Early American Political Economy: Mathew Carey and the Authority of Numbers,44670352-1344-54e7-a391-bec109b6dad2
Zotero,Lauren Klein,2014-02-24T16:49:22,NA,8467fc1f-260a-5a43-bb77-200af6c48a21
Google Drive,Lauren Klein,2014-05-13T18:34:25,phelps.jpg,4c17ec44-e291-5351-b57d-c442e1b0a297
Google Drive,Lauren Klein,2014-05-13T18:34:25,placeholder-phelps.jpg,664388c2-876e-584d-8bec-c8bfa0643f2d
Zotero,Lauren Klein,2014-05-30T15:08:05,"The national political manual,: comprising facts and figures, historical, statistical, documentary, poltical, from the formation of the government to the present time. With a full chronology of the rebellion. From official and other sources",9307e105-7acc-5897-8f60-65a8f314d147
Zotero,Lauren Klein,2014-12-17T18:13:55,A Handbook for Women Engaged in Social and Political Work,c017b20e-d522-5c18-b4b4-1789e643eac4
Zotero,Lauren Klein,2014-12-18T20:37:37,Code as Cartography,17e51b93-34fb-577a-a86e-1768d6d8a2a0
Google Drive,Lauren Klein,2015-03-13T16:14:07,am1801pla-5215-q-opp21.tif,b18ac345-83f4-558f-8523-07880286a058
Github,Lauren Klein,2015-08-20T01:49:21,Reference imagesAdded reference images.,a2e8680a-7a60-5876-8459-5885b0ea7b8f
Github,Lauren Klein,2016-03-21T14:13:02,Update Peabody_landing_parallax_3.htmlTweaking the language on our preferred front page.,2290724c-dc0d-5cab-94de-7a58576915a2
Github,Lauren Klein,2016-03-21T14:17:08,"Added working version of longer landing page  An initial / partial draft of the ""data narrative"" version.",ae3f80eb-fd13-57b9-ad1d-0fdf8dbeea5c
Github,Lauren Klein,2016-03-21T14:41:54,Update Peabody_landing_parallax_3.html,53765492-e07f-549c-884f-e7c298f31f0a
Github,Lauren Klein,2016-03-21T14:45:01,Final text (for now) for the landing page. Still need to deal with some formatting...,1afcc7c7-87e3-50d6-a34d-204059840252
Github,Lauren Klein,2016-04-05T14:22:27,Update Peabody_build.html,6726711e-e8d7-5d0a-8bee-2e6128388df2
Github,Lauren Klein,2016-04-05T14:23:22,Updated title / nav bar,deeb2fe8-59a9-5eb9-bb04-9d0837080a2a
Github,Lauren Klein,2016-04-05T14:24:07,Updated title / nav bar,1aab6c3d-a03e-5b28-ad90-2a84a4cf42a3
Github,Lauren Klein,2016-05-18T13:04:32,Added the first chunk of textStill pretty drafty.,3952caec-9708-534d-8c68-ce85180a50b9
Github,Lauren Klein,2016-05-18T13:06:45,Merge pull request #8 from laurenfklein/masterAdded the first chunk of text,a18a0aa0-5133-5e77-bcf2-bda8474eaf42
Github,Lauren Klein,2016-06-28T13:34:29,Merge pull request #9 from yueerchu/masterFixed the navigation arrow,52fef572-d3f1-538d-8b2c-cd52cbe6f152
Github,Lauren Klein,2016-08-12T15:56:49,Merge pull request #11 from jessicallison/masterMaster,13c39ab2-dade-57f0-afbb-bb816c1a53a0
Github,Adam Hayward,2016-09-11T14:55:54,Implemented rudimentary crosshairs. committing to begin work on new grid layout.,45fd771e-6524-5cd9-91f7-c626b487ca8a
Github,Adam Hayward,2016-09-11T16:03:34,Fixed view grid to mirror new layout. Still need to fix some line length issues.,72a412f2-42e6-5eb7-a3a0-fa705010a203
Github,Adam Hayward,2016-09-11T16:16:48,Transferred makeGrid function to build.js and refactored to fix grid for build as well. Both grids are now up to par.,07a2fa52-20e1-538a-a699-85da9b82e09d
Github,Adam Hayward,2016-09-11T16:40:13,"Added cursor: pointer property to build grid, and added black stroke to selected color.",c73a9af2-51ff-503a-8236-70a74485d122
Github,Lauren Klein,2016-09-16T16:22:38,"Revised title, tag line, and ""About"" text",6220abe4-bc89-54a6-9bd9-399e5bf06492
Github,Adam Hayward,2016-09-19T14:46:59,Began work on Events list. Committing current setup as back up to be safe.,57fbb6f2-b487-5696-a758-76fcbaea9e39
Github,Lauren Klein,2016-09-21T16:48:43,"Updated text for ""Interact"" section.",064875d2-e980-5706-88c8-2fc3c1c4aeea
Github,Adam Hayward,2016-09-26T02:37:32,Rewrote grid functions and grid. Broke compare until merge. Wanted to avoid conflicts. Created and added svgs for validator in events list,8795ab44-4afb-57ad-9d3b-04509a821b7f
Github,Adam Hayward,2016-09-26T22:18:26,Final commit before merge. Fixed show.,8a09806c-5f67-5141-a25e-de86ede359f5
Github,Adam Hayward,2016-09-26T22:23:13,Merge branch 'master' of https://github.com/GeorgiaTechDHLab/speculative into NewGrid# Conflicts:#	index.html,935f825b-fe83-5cda-a51a-6f0538a56462
Github,Adam Hayward,2016-09-26T22:35:41,fixed unpushed conflict reolution in index.html,9672ea34-5575-5cd2-bee1-eab4a9c6b309
Github,Adam Hayward,2016-09-29T15:53:19,Fixed show hide bug. Created event object to better manage events in the future,e902e634-83df-592e-9f3b-b4a1e79bbe2e
Github,Adam Hayward,2016-09-29T16:01:45,added stroke highlight to palette,d04cca32-d403-58c0-b04b-e062d6f8012c
Github,Lauren Klein,2016-09-30T20:13:00,Tweaked some of the headers and subtitles,600bb172-f50a-5add-9c25-e3833e2349f6
Github,Lauren Klein,2016-09-30T20:15:45,Additional language tweaks,4fc0cf04-4df0-55d9-9692-5817d75f988a
Github,Adam Hayward,2016-10-04T00:28:57,fixed some of the many build placement bugs. Still have a few random ones here and there.,3ab43856-9e2a-5db2-b011-499464b011c7
Github,Lauren Klein,2016-10-04T16:02:37,Updated section titles,1deba585-b227-57e4-bc1f-d0ded37f2723
Github,Lauren Klein,2016-10-04T16:24:33,"Added text for ""Compare"" section.",42f24e50-b4ec-5dfa-8fac-81e3504c694e
Github,Adam Hayward,2016-10-04T19:17:21,fixed header alignment and svg for correct/incorrect,9a0ddc95-bc4b-5622-bf8a-2e320642b423
Github,Adam Hayward,2016-10-04T19:17:25,Merge branch 'master' of https://github.com/GeorgiaTechDHLab/speculative,f29a6764-0084-5158-b6f1-19fe1df6bf14
Github,Adam Hayward,2016-10-04T19:57:53,"added square fill to build mode on empty squares, shrunk svg for correct/incorrect feedback, and shifted and bolded event header in view",47b60014-bc67-5d88-b837-6cf7835ef44e
Github,Adam Hayward,2016-10-04T19:57:57,Merge branch 'master' of https://github.com/GeorgiaTechDHLab/speculative,aada79bd-efe5-5fbf-b049-8e5221815c57
Github,Lauren Klein,2016-10-05T01:40:21,Inserted credits.,92b7baf8-0e6c-5438-8aa3-596e50a83d28
Github,Lauren Klein,2016-10-07T17:43:10,New section titles,1754f820-6984-5dcd-8208-dca156f5c0f8
Google Drive,Lauren Klein,2016-10-07T18:04:10,Infovis Quotes - CF,b4318a39-1a61-5add-8ec0-a7ea6c27260f
Google Drive,Lauren Klein,2016-10-08T02:33:40,FMH Project Statement,f8b8bc75-9690-5f1e-8085-094b15db38b7
Github,Adam Hayward,2016-10-13T16:23:29,fixed a conflict in classes between highlightSquare and buildSquare,4719597b-e325-59a5-a0eb-8a0a8d8d6933
Github,Adam Hayward,2016-10-13T16:23:34,Merge branch 'master' of https://github.com/GeorgiaTechDHLab/speculative,33098357-e2e9-51ba-88eb-454923449f12
Github,Adam Hayward,2016-10-13T16:34:47,Fixed a small highlighting problem with view. Fixed show link to be more visible in build navigation,1325fb59-e8e2-57fd-b5cd-511644483940
Google Drive,Lauren Klein,2016-10-26T16:01:54,DH Physicalization draft,dc547080-7c83-5ca2-8628-2b9a66d493dd
Github,Adam Hayward,2016-10-27T03:42:32,"began two js implementation of grid. Added event sets, added Evt class. Added test html page for testing all of that.",a27a2640-a2dc-5bfa-a136-6728db18fb2e
Google Drive,Lauren Klein,2016-10-28T15:51:14,DH 2017 Paper Notes,9014eb78-1236-503b-8252-49d34d84fdd2
Google Drive,Lauren Klein,2016-10-28T16:09:32,DH Paper Draft,5687cbe4-f9b6-5f6d-a1fe-7e487fe67a66
Google Drive,Lauren Klein,2016-10-31T19:23:59,DH Paper Final,8a9e70d0-e1d0-5156-80d1-716ad841deeb
Github,Adam Hayward,2016-11-01T23:54:10,finished grid drawing. evt lines still causeing trouble.,9c17bfc0-4ac9-58f6-9e15-7fcc6563e040
Github,Adam Hayward,2016-11-08T21:02:14,Testing GitHub Slack integrations,2278c5ff-5956-540d-9bc5-bb7f4dc304f6
Github,Adam Hayward,2016-11-14T00:59:26,"Build and play mode now implemented. Minor highlighting problems now exist with grid, but these can be fixed.",8dd68d92-ee6a-509e-abcb-ef3bfb974768
Github,Adam Hayward,2016-12-03T23:13:40,added synchronized highlighting and functioning event key,1edae964-d0a7-5b4a-a137-76c5dac25c09
Github,Adam Hayward,2016-12-07T21:16:30,"Completed timeline work, fixed highlighting bugs across all visualization objects",22c5248c-1b3e-50ca-83e0-dae70fc1e153
Github,Adam Hayward,2016-12-18T21:27:04,implemented rudimentary play page. not styled yet.,a57e5aef-eecf-5ef0-9806-3b234e8df955
Github,Adam Hayward,2016-12-19T19:16:03,merging with master,ac3dcc42-24f9-51d8-bde2-16edeaf8d2f5
Github,Adam Hayward,2016-12-19T19:18:52,fixed styles conflicts,9f089da0-ce58-5785-8f0b-b9318a899ed6
Github,Adam Hayward,2016-12-19T19:22:23,still fixing merge issues,880a784d-e8b2-55f8-b55a-e788dd5a7cca
Github,Adam Hayward,2016-12-19T19:35:12,Fixed another styling conflict in style.css,c5280031-48b7-53b8-834e-12f08b8c378c
Github,Adam Hayward,2016-12-22T17:47:23,migrated all visualizations to single page,8f75ceb0-e867-56da-a9c2-67c5bf47be2a
Github,Adam Hayward,2016-12-22T17:47:28,Merge branch 'master' of https://github.com/GeorgiaTechDHLab/speculative,ecc86fc9-1315-5994-893a-d6133c43d23b
Github,Adam Hayward,2016-12-22T18:28:15,data set changes now affect all datasets.,07ee78f0-ed94-522e-87a6-4b46848944f0
Github,Adam Hayward,2016-12-22T18:58:51,finished click-through how to (looking for opinions on it),4ae2db12-ef0b-5e1f-baf3-2f2aa36d5394
Github,Adam Hayward,2016-12-22T19:04:10,"fixed ordering of click through, added cursor:pointer for usability",6855ce24-9e1e-54a3-95ba-3f942e0a9b55
Github,Lauren Klein,2016-12-23T16:53:19,"Updated subtitles, expanded ""credits"" text",5571372d-73ac-5032-9e13-c72c947ec71d
Github,Lauren Klein,2016-12-23T17:03:42,Missing bracket!,8f2589ee-aa2a-53c5-b8d3-69d6453552da
Github,Lauren Klein,2016-12-23T17:07:38,A few more textual tweaks,a6ad409a-b4b9-5e03-b539-3c7869192d7b
Github,Lauren Klein,2016-12-27T15:06:43,"Updated ""Credits"" text.",a9908b4f-4dad-533d-a599-2005af8e7660
Github,Adam Hayward,2016-12-27T18:56:03,"converted back to one page app without routing. All scroll based. Minor restyling needed for all explanations (font size, etc).",649822bf-c83e-54c9-90cc-e602ce6e3174
Github,Adam Hayward,2016-12-27T22:14:32,finished very basic scrolling navigation buttons. still need styling and arrows. hid scrollbars for sake of simplicity.,ddf4d586-e1b4-52a8-8235-abf5389d7523
Github,Lauren Klein,2016-12-31T14:45:19,Starting the style tweaks; trying out orange grid,4542be12-8efa-5395-907f-01c5232b9317
Github,Lauren Klein,2016-12-31T14:49:44,Updates to credits section.,daa1b51f-91e8-5e13-a69d-26b82abeaa55
Github,Adam Hayward,2016-12-31T15:07:25,preparing* to merge with master. Also waking up still apparently,ec9bd696-c0b8-56b8-8124-eaf27cb15c47
Github,Adam Hayward,2016-12-31T15:07:54,Merge branch 'onepage' of https://github.com/GeorgiaTechDHLab/speculative into onepage,a3f7aae4-7663-51c8-8eef-e002d9e9d902
Github,Lauren Klein,2016-12-31T15:20:06,Resolved style-related merge conflicts (I hope),c7429ed7-40fd-50dd-8dad-2e33b8279fd3
Github,Adam Hayward,2016-12-31T16:22:39,"fixed conflicts, added arrows. didn't style arrows entirely. Use .suggested to style entire bar with arrow contained inside.",231db447-7ac3-5ba3-9a0c-85f85076f67f
Github,Adam Hayward,2016-12-31T16:28:51,fixed more conflicts,acd2354d-61b7-51b4-8b8b-03ca8236c8ed
Github,Adam Hayward,2016-12-31T16:32:05,fixed annoying white lines above top gridline and beside left gridline.,e32b4e0c-5344-566f-9a29-aaf4c5ab96d4
Github,Adam Hayward,2016-12-31T16:45:50,"did some styling for the gridlines. Let me know what you think, and if we should be switching it all to match the original design (white borders)",34d9dec7-e7be-5685-a72c-b30eb8ed2874
Github,Adam Hayward,2017-01-02T02:36:19,"set up burger nav. not yet clickable, but fully styled",133f7c30-4b56-5444-8ced-c84e422309f5
Github,Lauren Klein,2017-01-03T23:29:17,"Draft of ""Play"" text.",d3b25d14-4799-58f7-b4de-d6677384e187
Github,Adam Hayward,2017-01-06T16:14:46,fixed bug with keyboard input not registering.,4fd2b1fc-da32-5e0f-9f3f-02b7987b475c
Github,Lauren Klein,2017-01-12T04:41:51,Typo and some formatting fixes before I dive in,c1c83e4e-0199-5ffe-b85f-7dc17a68212b
Github,Adam Hayward,2017-01-13T21:33:31,adding new dataset for testing,eb304fd0-1b83-5c95-a633-9120ae864127
Github,Adam Hayward,2017-01-13T21:33:37,Merge branch 'master' of https://github.com/GeorgiaTechDHLab/speculative,df9b8527-2a69-5023-84c1-53c6628e7a28
Github,Adam Hayward,2017-01-15T19:44:40,"fixed header styles, repositioned interactive elements, removed spaces between bars, and replaced special characters in p's with html-safe identifiers",05eec1f1-2c57-5315-84ad-8f2595f7587c
Github,Adam Hayward,2017-01-15T21:10:48,fixed pallete bug when loading new csv format,22bb1278-a078-5c04-9454-7d630450be0c
Github,Adam Hayward,2017-01-15T21:19:26,fixed the annoying timeline bug. *proceeds fist pumping*,0d7ea1f5-7ef3-512f-b5e8-93100f266e70
Github,Adam Hayward,2017-01-20T20:16:12,brought back HIW0.png from the depths of git history,e2fed9eb-d5ab-5299-81e6-71cf8f976c92
Github,Adam Hayward,2017-01-20T22:45:15,"linked shivani's routing to borders, made borders seamless, simplified routing function, added drop shadow to navigation icon, increased size of nav chevrons to 1.7em",00ec9016-c8c9-539b-ae77-71d1c58e3146
Github,Lauren Klein,2017-01-24T17:11:36,Some text edits and CSS tweaks,edd70889-ee80-5470-89e5-d699a6275761
Github,Lauren Klein,2017-01-24T17:17:20,Can't stop tweaking!,1fb2ae8e-3e3c-516a-a19d-199e2587b6e2
Github,Lauren Klein,2017-01-24T20:18:08,Caught a missing bracket.,2412abd7-effa-5235-bbd8-18f787767aa7
Github,Lauren Klein,2017-02-12T20:57:34,Added a link the credits section (minor),aa7cd88f-4815-5a06-8091-a60319d94839
Github,Adam Hayward,2017-03-10T14:53:36,Switching between devices,c955bc41-3b77-5116-b1ec-c4ad58850c71
Github,Adam Hayward,2017-03-10T15:42:11,fixed color animations,cc4b6f3c-3693-5133-b1d3-c65d1d368d23
Github,Adam Hayward,2017-03-10T16:05:09,added browser support warning for non-chrome browsers (safari can be added too if it works),15e08756-9051-5232-97e3-d001fc361c04
Github,Adam Hayward,2017-03-16T19:37:48,fixed navbars to show up on white bg,959b7437-53c7-5640-b60a-deacc85d5482
Github,Lauren Klein,2017-03-16T19:56:59,Adding datasets,5d69d6c1-0f1e-52be-a194-bf73c4418dc3
Github,Lauren Klein,2017-03-17T15:46:33,Added more credits/further reading.,c665af15-cc45-582e-8d0d-9ca11f09297a
Github,Adam Hayward,2017-03-30T17:24:08,almost completed event key updates,f59514da-c4b1-530e-926b-d2df86718703
Github,Adam Hayward,2017-03-31T01:12:10,completed event key updates. fixed errors. Women set not yet adjusted,f57111a0-4b4c-5fc3-b74e-64ce817f96ae
Github,Adam Hayward,2017-03-31T20:00:31,fixed year offset so Women's History works,bf809d50-b33f-5260-8b0e-6d8bfa8acd05
Github,Adam Hayward,2017-03-31T20:09:59,"Changed 'Table of the Women's history' to 'Table of Women's History,' removed console.logs to speed up load times for production.",d16391cc-a58b-5541-ba15-97761a44e543
Github,Lauren Klein,2017-04-22T20:20:19,Adding in anchors,75bbe236-bbb9-54b9-a6bf-03edf780b285
Github,Lauren Klein,2017-04-22T21:13:17,Added in navigate-to-location on load,5a75515e-4a75-542b-9e79-e1511ab1a10d
Github,Adam Hayward,2017-04-23T15:38:00,minor change to site reload (no longer scrolls back to start),7688d5d7-8bb9-5f75-88c3-1252eed92fde
Github,Adam Hayward,2017-04-23T16:30:07,fixed menu navigator to update based on given position,27749c2a-6ead-54dc-b6b0-1b66fd36c00f
Github,Lauren Klein,2017-04-23T22:17:58,Edits to women's history and election categories,930bfb04-0e7d-58d3-95eb-4ab8bcde927f
iCalendar,Everyone,2017-05-18T20:00:00,dh lab mtg,e27b1d93-0ea8-5e91-b151-fa3305105414
iCalendar,Everyone,2017-05-25T20:00:00,dh lab mtg,d888898f-eb68-510b-ab14-9caf7cd4383b
iCalendar,Everyone,2017-06-01T19:30:00,dh lab mtg,2f464231-3ad1-50bc-ae81-e1e075d04d46
iCalendar,Everyone,2017-06-05T20:00:00,dh lab mtg,ec17e191-c1ad-506e-beee-cc592b15d422
iCalendar,Everyone,2017-06-08T20:00:00,dh lab mtg,1b02f87b-299d-56f2-a8c5-accc9716d3f9
iCalendar,Everyone,2017-08-22T15:55:00,lab group meeting,af12c4b6-d832-5334-9ce3-660c49370502
iCalendar,Everyone,2017-08-30T18:30:00,dh lab meeting,dc2ddd7b-6c5a-5ea3-9afe-f1e889dc9be7
iCalendar,Everyone,2017-09-18T18:30:00,dh lab meeting,f43d89ce-72c9-5614-a453-65f24ebbe4e1
iCalendar,Everyone,2017-09-25T18:30:00,dh lab meeting,8c7b38e4-be5b-55b6-9381-ced9ed6ba50a
iCalendar,Everyone,2017-10-02T18:30:00,dh lab meeting,5b611c52-e83c-5e5c-9202-5b5e6515927d
iCalendar,Everyone,2017-10-16T18:30:00,dh lab meeting,7ff72735-8739-563b-8a05-9a20fb484c27
iCalendar,Everyone,2017-10-23T18:30:00,dh lab meeting,0d3b966d-083e-5332-b971-edb865274540
iCalendar,Everyone,2017-10-30T18:30:00,dh lab meeting,f351256a-60ef-5442-b51b-4962a923fb9a
iCalendar,Everyone,2017-11-06T19:30:00,dh lab meeting,badf5b2b-bb7f-500f-9ac9-1c1444ad4709
iCalendar,Everyone,2017-11-13T19:30:00,dh lab meeting,157b3c77-178d-5007-ae3e-1ecfb9707b86
Google Drive,Lauren Klein,2017-11-26T02:47:49,1856-3.jpg,fd9103ec-4787-5a95-9b07-2fc256e9e03d
Google Drive,Lauren Klein,2017-11-26T02:48:04,1856-4.jpg,25ea3382-5d0f-5446-a68b-4043b7e175b5
iCalendar,Everyone,2017-12-04T19:30:00,dh lab meeting,5011c713-a3bb-53f0-8605-68837c2fd83f
iCalendar,Everyone,2018-01-18T18:00:00,lab group meeting,69fc1903-1381-58e0-91b6-958782d93cdb
iCalendar,Everyone,2018-01-24T18:30:00,zoe / dh lab mtg,a3f52e12-a5e6-579b-9b87-a001fe7796bb
iCalendar,Everyone,2018-02-08T18:15:00,lab group meeting,449a5712-6874-5ca1-86a8-8c3a8fb4cf24
Google Drive,Lauren Klein,2018-04-24T18:13:46,1856-1.jpg,6549338b-688c-5a03-8923-c2c211ebf6ee
Google Drive,Lauren Klein,2018-04-24T18:14:10,1856-2.jpg,fdfe7c5c-6939-5734-8150-2e6a09fc8187
Google Drive,Lauren Klein,2018-04-30T17:41:19,Datasets for Visualizations,c28321de-0788-5348-9d33-cdf6806d6cb8
iCalendar,Everyone,2018-05-02T17:00:00,lab group meeting,8456f33f-0207-567d-983f-909ab4d8633a
Google Drive,Adam Hayward,2018-05-10T18:13:29,Data By Design Object Brainstorming,08ae8a44-7c2c-5a01-95ca-c174c18c82ea
Google Drive,Adam Hayward,2018-05-10T18:22:10,Development Guidelines/Plan,a7b4f032-ee59-542a-a626-99b7f9f967bd
Github,Adam Hayward,2018-05-10T18:47:36,Initial commit,ef8fb108-9838-56be-b091-f9956c305f6b
Github,Lauren Klein,2018-05-10T19:05:22,Updated README.mdThe first of many updates...,3429018b-58c1-5155-b5f4-24d4aedc1fda
Google Drive,Lauren Klein,2018-05-17T18:23:25,Chapter Detail.png,fa1d7573-6ae0-5611-be8d-a006bbe1d92a
Google Drive,Lauren Klein,2018-05-17T18:23:26,Chapter Selection.png,b7b4b317-735c-506f-8af6-23cd1817d50d
Google Drive,Lauren Klein,2018-05-17T18:23:26,Chapter with Notes.png,ffd2b885-945f-5cec-8b60-2ecf8a1b4eeb
Google Drive,Lauren Klein,2018-05-17T18:23:26,Desktop HD Copy 2.png,cc65d9c7-58a2-50e3-9d0a-e8626f145354
Google Drive,Lauren Klein,2018-05-17T18:23:27,Desktop HD Copy 5.png,8a2cb663-ab0e-5cbc-a1fa-b5bf119fdabc
Google Drive,Lauren Klein,2018-05-17T18:23:27,Desktop HD Copy 7.png,c3ea9fa6-3684-5459-a995-fed6a4349162
Google Drive,Lauren Klein,2018-05-17T18:23:27,Desktop HD Copy 6.png,19279a88-27b4-5863-bc67-fb07425ce244
Google Drive,Lauren Klein,2018-05-17T18:23:27,Desktop HD Copy.png,1dd4bfc5-0bf7-52d8-8f1f-603f19d00a88
Google Drive,Lauren Klein,2018-05-17T18:23:27,Desktop HD Copy 3.png,993462a4-550b-5b7d-bd06-10b334135002
Google Drive,Lauren Klein,2018-05-17T18:23:27,Desktop HD Copy 4.png,3059c5da-eafd-5d0e-a383-3e5faaf4a047
Google Drive,Lauren Klein,2018-05-17T18:23:30,Note Detail.png,8ee393e7-1e72-5a53-abfd-ad6e55c476da
Google Drive,Lauren Klein,2018-05-17T18:23:31,Note Export.png,581bfcf1-8b11-5da6-ab28-284fadae3d42
Google Drive,Lauren Klein,2018-06-11T18:06:14,Du Bois Research Notes / Tips,cff442ec-2f25-5bbc-a8a4-8a832ced8e62
Google Drive,Lauren Klein,2018-06-14T17:48:22,MO Older Versions,86854100-cc4a-5753-a856-d838027aacea
Google Drive,Lauren Klein,2018-06-14T17:48:53,DXD_Qing.pdf,d7a1aee5-59d2-519d-b75b-23b3b8bd12fb
Google Drive,Lauren Klein,2018-06-14T17:50:06,Desktop HD Copy 3.png,d90bb225-bb61-534b-928f-e13a0774fd38
Google Drive,Lauren Klein,2018-06-14T17:50:07,Chapter Selection.png,a8d006c7-6981-5edd-a1fc-f605d91fa06d
Google Drive,Lauren Klein,2018-06-14T17:50:07,Desktop HD Copy 6.png,8357520c-f758-5145-bc29-043b2fe88e67
Google Drive,Lauren Klein,2018-06-14T17:50:07,Desktop HD Copy 4.png,5eec7f18-b861-5d04-ace7-e9d8ee5aeae1
Google Drive,Lauren Klein,2018-06-14T17:50:07,Desktop HD Copy 5.png,002897e5-45e1-56d1-ac91-661bc8ae7ca1
Google Drive,Lauren Klein,2018-06-14T17:50:07,Desktop HD Copy 7.png,a40225b5-1371-5fc4-8ced-021760578f0a
Google Drive,Lauren Klein,2018-06-14T17:50:07,Desktop HD Copy.png,c9601ebf-0cbe-5ff3-919e-11f4a742cc28
Google Drive,Lauren Klein,2018-06-14T17:50:08,Desktop HD Copy 2.png,9569e798-0c93-5ddd-a4dd-29500787ecca
Google Drive,Lauren Klein,2018-06-14T17:50:08,Chapter with Notes.png,b6f26d1d-cc90-53e3-8617-9e3c70c3a066
Google Drive,Lauren Klein,2018-06-14T17:50:08,Chapter Detail.png,2a508cdb-d6c9-52cb-bdf8-ae18e41f7634
Google Drive,Lauren Klein,2018-06-14T17:50:12,Note Detail.png,911e8586-f35e-5431-bfd6-69fe1ea9b666
Google Drive,Lauren Klein,2018-06-14T17:50:13,Note Export.png,5285d6eb-6960-5bda-a518-e4058be2fed5
Google Drive,Lauren Klein,2018-06-14T17:51:01,Sign in page.png,a1047343-3808-50da-92ab-35a50ddc39d4
Google Drive,Lauren Klein,2018-06-14T17:51:02,Sign up page.png,7458e166-485e-5754-ab2b-3bd6f0cc2634
Google Drive,Lauren Klein,2018-06-14T17:51:02,All features page.png,5ebaef5a-9329-5882-9f45-5fed627bf71a
Google Drive,Lauren Klein,2018-06-14T17:51:03,Individual feature page.png,f2526b81-505f-5dbe-80e3-ed7c459f8016
Google Drive,Lauren Klein,2018-06-14T17:51:03,All chapters page.png,e8108b0b-adb4-5db8-b473-c814639bdc48
Google Drive,Lauren Klein,2018-06-14T17:51:05,Credit page.png,06acd43e-5f25-5d05-9c27-37d61967cbf5
Google Drive,Lauren Klein,2018-06-14T17:51:09,Desktop HD Copy 6 (1).png,0f66fa69-1293-50d8-8be9-c3bb74da00d6
Google Drive,Lauren Klein,2018-06-14T17:51:10,Note Detail (1).png,56542e02-322b-5a72-97c8-dca2423c3467
Google Drive,Lauren Klein,2018-06-14T17:51:10,Chapter Selection (1).png,cedfbad5-c088-5ed2-ba44-31bbb5d8fa59
Google Drive,Lauren Klein,2018-06-14T17:51:10,Desktop HD Copy 5 (1).png,3b7de5f7-a7f9-5ed6-83cd-27becd6106bf
Google Drive,Lauren Klein,2018-06-14T17:51:10,Desktop HD Copy 7 (1).png,a4d90acb-0638-5da4-8cc8-3e3c4e623a1b
Google Drive,Lauren Klein,2018-06-14T17:51:10,Desktop HD Copy 4 (1).png,01043c97-5dac-58c9-83d4-8c951c8b6d7b
Google Drive,Lauren Klein,2018-06-14T17:51:10,Note Export (1).png,89c47975-d04a-5d36-b632-89bd9eb0ad03
Google Drive,Lauren Klein,2018-06-14T17:51:12,Chapter Detail (1).png,f1cb38bc-1406-5139-bd20-9838b0157e0a
Google Drive,Lauren Klein,2018-06-14T17:51:12,Chapter with Notes (1).png,864f6d1e-4708-5d2b-b8d2-63aa49f39cf9
Google Drive,Lauren Klein,2018-06-14T17:55:25,DXD_MO.pdf,39cb2a27-ccc7-5a54-8057-e08813a0cf33
Google Drive,Adam Hayward,2018-06-18T15:06:55,Code Documentation,23dfb86e-0779-55eb-9922-bfa99c70945a
Github,Adam Hayward,2018-06-26T13:50:40,chapter started,3e779710-f477-5389-8f58-fe42f30319b3
Github,Adam Hayward,2018-06-26T14:00:59,Merge pull request #13 from GeorgiaTechDHLab/node-configchapter started,26216c29-4d9e-534a-a978-4f8062a3c568
Google Drive,Adam Hayward,2018-07-12T18:16:33,DxD Questions and Issues,ac27c3c8-f5f8-5a50-a3b3-8853f9a250f1
Github,Adam Hayward,2018-07-13T00:13:54,vuex datasets set up,db03dbde-3a77-5082-a7d3-b56875890e4d
Github,Adam Hayward,2018-07-13T16:36:46,Added mutable visualizations for peabody.,d314379e-85da-5f2c-b4f5-3511818a710e
Github,Adam Hayward,2018-07-13T17:27:36,moved dataset store actions into its own module,e390420e-2912-5a16-a028-1ab1c26c836d
Google Drive,Adam Hayward,2018-07-13T17:36:16,Running DxD Locally,3decf0f7-03a5-5cc4-9307-70f3932026d5
Github,Adam Hayward,2018-07-13T17:47:00,Mutation types used in place of Magic Strings now,3e60f321-2c37-575e-a24b-26d203c6578d
Github,Adam Hayward,2018-07-13T20:41:23,Added proof of concept for Peabody interactions and datasets,3d22449b-ad1b-5d03-b898-06b0e94e0ee4
Google Drive,Lauren Klein,2018-07-17T16:40:11,All chapters page Copy.png,9fd0ce51-8eb2-535f-a7ce-aae93b1cd5d7
Github,Adam Hayward,2018-07-24T13:01:56,switching computers,6ba862e5-06b7-5e85-8b97-96ba6fd89b7f
Github,Adam Hayward,2018-07-30T18:38:37,"unignored datasets, added images for basic scrollytelling",29acef7c-ae68-5f91-9238-78d565b50147
Github,Adam Hayward,2018-07-31T14:00:29,merging to work on waypoints,23fe4efc-cfd9-5a33-bc54-99c834f93c3a
Github,Adam Hayward,2018-07-31T14:06:59,Merge branch 'dev' of github.com:GeorgiaTechDHLab/DataByDesign into dev,feceb3d2-b3c3-5ae8-89e0-4da417741b3e
Github,Adam Hayward,2018-08-07T14:46:39,auth stuff updated (works on basic level now),2970a861-c56b-5ae5-9b24-1463f4d46d5e
iCalendar,Everyone,2018-08-24T18:00:00,dh lab meeting?,3daae0eb-df47-58b4-8fa1-077e3429f711
Google Drive,Lauren Klein,2018-09-07T16:59:18,Summer 2018 meeting notes,e70a985b-7030-5eea-9e55-f23fe55f05c4
iCalendar,Everyone,2018-09-07T18:00:00,dh lab mtg,6a16215b-d939-5603-bab7-dafcdf1545e8
Google Drive,Adam Hayward,2018-09-11T19:19:18,Running Developer Notes,ee30371c-14d7-571f-acdf-236bc00d1968
iCalendar,Everyone,2018-09-17T18:00:00,dh lab mtg,c526bee2-326b-54f9-91f9-1ac5a8f7080c
Google Drive,Adam Hayward,2018-09-27T04:13:31,Database plans,fe440d28-4054-56e2-9de9-540adc20351e
Google Drive,Adam Hayward,2018-10-01T17:00:08,Whiteboard Notes,aff41018-a23f-5d3d-a350-73aa278f2293
Google Drive,Adam Hayward,2018-10-01T17:00:25,Highlighting and Text Changes,b7642959-be77-5519-af6b-557974952284
Google Drive,Adam Hayward,2018-10-01T17:01:41,VersioningDescription.jpg,749313f1-d3b0-5795-8142-68f39e5017e9
Google Drive,Adam Hayward,2018-10-01T17:01:53,ProsCons.jpg,8b162d58-d97b-55f3-9d8e-445e0cfd166f
Google Drive,Adam Hayward,2018-10-01T17:02:17,HowCanFrontEndDoIt.jpg,0bc4de77-b3c7-56d8-bb3f-2cf280833682
Google Drive,Adam Hayward,2018-10-01T17:02:30,ChapterExample.jpg,886a1266-284f-59bd-a748-6896bd54ea5c
Google Drive,Adam Hayward,2018-10-01T17:02:56,ProblemDescription.jpg,d70bdf9a-954f-5156-8d04-8e43e1537106
Google Drive,Adam Hayward,2018-10-01T17:03:08,FrontEndIssues.jpg,089bdb7e-dad4-5911-8e34-011d95bb51d0
Github,Adam Hayward,2018-10-08T18:25:54,beginning notebook work,9155e486-b394-5966-a63e-c866d7fa0f0b
Google Drive,Lauren Klein,2018-10-18T02:24:04,1898-1899 catalog.pdf,d6a41813-1e73-5e33-b502-1845195e1e74
Google Drive,Adam Hayward,2018-11-29T20:07:02,Project Management,3875820a-2d7f-59b2-8467-8c40f82ae73c
Github,Adam Hayward,2018-11-29T23:57:08,switching machines,bfda424c-57e1-5a60-b7cb-0854084959e3
iCalendar,Everyone,2018-12-03T20:00:00,dh lab mtg -- maybe move to 2pm?,d770e7b7-5f44-5f78-8eed-7fb8d4bb0a2f
Google Drive,Lauren Klein,2019-01-08T13:28:13,DXD_Qing-0119.pdf,1fc50cc9-9e50-5a3a-9578-89fc1b3ea6ee
Google Drive,Lauren Klein,2019-01-08T13:34:50,Chapter 5 - Du Bois,66ada98b-bc7e-5e58-9b24-bf4381b532a7
Google Drive,Lauren Klein,2019-01-08T13:35:46,Older Design Files,eccaacb5-0fd7-5b34-b9c8-f7df2c29ab9c
Google Drive,Lauren Klein,2019-01-08T13:36:24,Misc Notes / Docs / Etc,ce75706e-1f89-5c14-bb0f-e34105933a30
Google Drive,Adam Hayward,2019-01-08T16:12:58,User Stories,222dc30a-2e1b-5395-bb46-f1365700834d
Google Drive,Adam Hayward,2019-01-08T16:29:45,Project Planning,cc9cdb28-61b1-5581-9bf5-51849843749d
Google Drive,Lauren Klein,2019-01-11T14:23:41,DXD_Qing-0119.sketch,b692ede2-aefb-541d-bc02-398ec93d9079
Github,Jianing Fu,2019-01-24T16:57:14,first peek,e87717e5-4741-55a5-94b0-8b3ce8f3f097
Github,Jianing Fu,2019-01-27T18:42:16,change to 0114 Design style,f9da404d-136e-5e52-8eb9-d7bff4688744
Github,Jianing Fu,2019-02-02T21:57:42,"added place holder to credits, lined up TheHeader. comment out the flex block for TheHeader",54946e41-1509-52d2-9410-1ffe38331dc9
Github,Jianing Fu,2019-02-04T03:22:14,Update Home.vueadded placeholder and lined up headers,c7517ad7-2aea-55e6-9bc8-20bc24398aef
Github,Jianing Fu,2019-02-09T22:02:46,edited homepage style,e2252ac0-2352-52ed-9839-7cc6f4551c05
Github,Jianing Fu,2019-02-09T22:36:12,edited homepage style,0248f137-1ad2-5660-8ac0-072f1e7c9c2b
Github,Jianing Fu,2019-02-09T23:02:50,started on building slideshows,b38338dd-2ce0-5cf9-8906-bb38f715b396
Github,Adam Hayward,2019-02-14T16:09:15,updated npm packages,8860e8ba-65e1-54c7-8042-35b37229f7a1
Github,Adam Hayward,2019-02-18T21:41:14,updated npm packages,0911654c-b049-5be7-9799-abcd2da4f10f
Github,Adam Hayward,2019-02-18T21:44:24,Merge pull request #50 from GeorgiaTechDHLab/devDev,8312c460-d79d-56f7-b082-95a335ff5e19
Github,Jianing Fu,2019-02-19T02:44:10,"changed font, color, formatting",40cd08b9-4cc5-5427-9010-5dc72f839164
Github,Jianing Fu,2019-02-19T02:53:27,Merge remote-tracking branch 'origin/JFdev' into JFdev,d2de0bd0-cb0b-50b5-8718-55daaca05b93
Github,Jianing Fu,2019-02-19T16:22:12,Merge branch 'dev' into JFdev,6c0e6a00-e215-55e9-9d91-6a2520663e16
Github,Jianing Fu,2019-02-19T16:22:29,Merge pull request #51 from GeorgiaTechDHLab/JFdevJ fdev,2df357d6-17e0-570d-8c65-e5d2d1862ac3
Github,Adam Hayward,2019-02-19T20:34:00,added better readme,e4feb880-88fd-594e-aadd-4dfc995e3f6f
Github,Adam Hayward,2019-02-19T20:34:57,Updated readme,d43115c1-6251-5703-b82b-e61bac45f39e
Github,Jianing Fu,2019-02-22T02:09:52,"changed Homepage cards, added feature templates",110f5d37-d2b8-539d-8cec-7472ea0e3f21
Github,Jianing Fu,2019-02-22T02:37:31,redid the features page,a6b47650-3cd9-565b-a4c1-dc94f9b97d4a
Github,Jianing Fu,2019-02-22T02:41:08,redid the credit page,58bf2d8a-4de2-5acc-b456-c042cae451ff
Github,Jianing Fu,2019-02-22T02:57:46,fixed other details on Home adn Header,713cbb68-0e28-57a6-8209-f17754978f1b
Github,Jianing Fu,2019-02-24T19:15:04,modified homepage,8deadde1-c70a-5030-b798-12b19dee722d
Github,Jianing Fu,2019-03-02T22:49:24,modified some text,71c7088e-7222-56b1-8b2f-801d0c871ce6
Github,Jianing Fu,2019-03-03T20:07:40,added ChapList template,29f8df51-ca12-53e3-ae57-5415fca0c159
Github,Jianing Fu,2019-03-03T20:20:48,fixed footer..,b6d89991-198b-5812-9168-afd5b22b1ded
Google Drive,Lauren Klein,2019-03-07T04:46:07,Chapter Titles Etc.,c0b83b15-6fe0-5691-b1c7-b8cb73eb96f6
Github,Jianing Fu,2019-03-07T05:08:30,hard coded chapter listfixing fonts,9e4f7140-7769-5760-9f4b-9c1aa6c8270d
Github,Jianing Fu,2019-03-11T00:08:05,fixed fonts,2677c152-e003-5c8b-aa01-cb4672e0cc2d
Github,Jianing Fu,2019-03-30T23:00:36,added svg,20734a46-da5b-507a-a1e1-49ed883c5f84
Github,Jianing Fu,2019-04-08T00:50:03,edited svg mouseover,a0b94e68-3414-5bc6-8b37-53dd3242d41b
Github,Jianing Fu,2019-04-14T16:38:42,added arrow,cf2dd69b-6d3b-557e-a791-57d32223a25a
Github,Jianing Fu,2019-05-20T20:32:22,add svg,e53d0676-9a84-5ebb-a3d4-f84ab1fc14ca
Github,Adam Hayward,2019-05-22T18:03:14,creates basic picture line for use on home page (find on /sandbox),8b639a5e-27b7-5bfd-b416-aee19309fdc9
Github,Adam Hayward,2019-05-23T17:30:53,Updates home page with reading progress bar and some new styles,683b8c10-19cc-5392-a3f5-444ac261c57f
Github,Adam Hayward,2019-05-23T21:59:54,fixes chapter list colors,8f0458aa-dca1-5a2f-af0c-be9ecd67a7a0
Github,Adam Hayward,2019-05-23T22:01:30,reimplements feature section,6c4bef97-ae84-5c3f-91c0-4dddec65fc37
Github,Adam Hayward,2019-05-29T19:36:31,demo of image collage with events and masking,392299ac-378d-5546-bb4b-553760e415f2
Github,Jianing Fu,2019-06-24T00:19:10,"fixed header links, fixed styles according to the style guide",a1bb8ccc-0ac6-5397-be44-fbcac5a9730f
Github,Jianing Fu,2019-07-17T20:37:56,update files,e1cd19bb-a981-52ae-86ae-0ac8a537f150
Github,Adam Hayward,2019-07-18T23:32:09,temporary fix before test data is updated,744a1c06-5765-5193-9d08-430a378fc6ef
Github,Adam Hayward,2019-07-18T23:32:11,Merge branch 'dev' of github.com:GeorgiaTechDHLab/DataByDesign into dev,5b896175-8a2b-50b9-ab67-61c8894926b6
Github,Dan Jutan,2019-07-30T16:45:02,Initial commitSet up an express api,7ae207ca-ca3f-52bf-b2a5-bec055be6a33
Github,Jianing Fu,2019-08-03T14:34:11,add canvas on timeline& put in sample data,58161bf5-bc98-531d-8b5e-e26733784d8e
Google Drive,Lauren Klein,2019-08-04T08:17:56,Start of Summer 2019 Project Status Notes,dd4e1531-f689-52d4-979c-d42f327a56b7
Github,Jianing Fu,2019-08-06T09:32:07,"added canvas and pic to the timeline, still working on position the pics",14441468-300e-5ad8-80bc-07d9c255e810
Github,Jianing Fu,2019-09-26T03:56:48,"added pic, formatted text to timeline, working on frame pos x for points from the same year",eb4c37e8-db7e-5a97-9ec6-1212550a5da2
Github,Dan Jutan,2019-10-04T13:51:46,tried auth,12d22c2e-e773-5268-86ca-a2b1875ee6f0
Github,Jianing Fu,2019-10-16T04:23:23,"frame to polygons, all points on the timeline",87e95ede-70cd-5e69-a8b4-22a421203852
Github,Jianing Fu,2019-11-13T22:36:12,timeline interactive,dac6d81b-7857-5784-aa10-b8a6b962ad7f
Github,Dan Jutan,2019-11-14T18:49:31,New api completed,98955c91-c6c9-55f1-8472-fa1e017adc25
Github,Dan Jutan,2019-11-14T18:59:12,deleted file to assist merge,a87d0577-7f2d-5f6d-810d-0d4a1c73d24f
Github,Dan Jutan,2019-11-14T19:01:13,Merge branch 'api-auth' into no-loopbackchoose to keep file,dbc6cd0b-469f-5c75-b2f2-e349fb8accdd
Github,Dan Jutan,2019-11-14T19:10:18,choose their home file,eb61131a-5903-57b6-9c3b-1f6ac6e35b91
Github,Dan Jutan,2019-11-14T20:27:48,Merge pull request #54 from GeorgiaTechDHLab/devMerge with Dev. (Will add all our work from this fall to master),aef298c6-de22-597a-bdf6-0a480cb2b99f
Github,Jianing Fu,2019-11-19T21:30:49,updatae home.vue,b5d9883e-1135-5704-beae-ed8a9b5d1336
Github,Dan Jutan,2019-11-19T21:40:28,Merge pull request #55 from GeorgiaTechDHLab/devupdate Home.vue,28d5bd17-021c-5790-91c5-575e5969c27f
Github,Jianing Fu,2019-11-19T22:22:56,update pictures,f005ec6e-50c3-5cad-8224-22d697e84e3e
Github,Dan Jutan,2019-11-22T14:53:49,use a .env,41b01609-e5f9-58b9-8e85-43b3f52f4e98
Github,Dan Jutan,2019-11-22T14:55:04,Merge branch 'master' of https://github.com/GeorgiaTechDHLab/DataByDesign into dev,5df0e9a6-26c9-5336-bb48-ec3c9cfc35b9
Github,Dan Jutan,2019-11-22T14:56:44,Merge branch 'dev' of https://github.com/GeorgiaTechDHLab/DataByDesign into dev,f6cafcf6-7769-5f13-80e5-ea45ba8bd765
Github,Dan Jutan,2019-11-22T15:02:54,fix production scripts for new server,6b417eae-8502-51d4-aed8-50d007fcd49b
Github,Jianing Fu,2019-12-15T17:19:14,"added grid, fixed some bug in the time line",68ebce27-b380-5c26-a349-781843979760
Github,Jianing Fu,2019-12-15T17:26:40,Merge branch 'dev' of github.com:GeorgiaTechDHLab/DataByDesign into dev,f6a21449-554b-5080-a2ea-760561bef183
Github,Dan Jutan,2019-12-17T19:39:10,make header fixed,0ef2cc06-914e-5459-b946-3e1ce01b44c1
Github,Dan Jutan,2019-12-17T20:39:55,add border gradient,6cd9db07-9f4e-58f1-a1ba-90092552ef2b
Github,Dan Jutan,2019-12-17T22:20:44,start making nav look right,0745c0c6-75c9-5aea-a8fe-dcf69d039b06
Github,Dan Jutan,2019-12-18T15:51:06,fix fonts,8ee8fc16-6db2-561a-9a66-8ba3e0c7b1e7
Github,Dan Jutan,2019-12-18T16:22:05,fix Roboto fonts,d47955da-2bc1-5455-84d4-8f64f0da87da
Github,Dan Jutan,2019-12-18T16:23:35,make nav look like design,472f260c-45cb-5b6d-b91a-6a861d05952c
Github,Dan Jutan,2019-12-18T16:30:26,make main content move down below fixed nav,50885e14-132f-5bee-95cc-08529aa335ee
Github,Jianing Fu,2019-12-18T16:31:11,"fixed grid pos, fixing style",a7acfd17-1457-5f3c-816c-a1480c67feec
Github,Dan Jutan,2019-12-18T16:32:36,remove dummy nav from chapter scaffolding,5c604c83-50af-5954-8f4b-4d868262648c
Github,Dan Jutan,2019-12-18T16:34:58,(temporarily?) make p text more bold,825600ec-0925-5e4e-aecb-9d2335c4b270
Github,Dan Jutan,2019-12-18T16:36:50,(temporarily?) make h3 text more bold,1c026853-dc5c-5871-b278-1999371d9836
Github,Jianing Fu,2019-12-18T16:38:27,Merge branch 'dev' of github.com:GeorgiaTechDHLab/DataByDesign into dev,c0ddfe1b-f6fd-5848-b24e-fa102eeae3fa
Github,Dan Jutan,2019-12-18T16:38:36,increase vertical padding on drop down item,8d359ce8-fb0d-5822-9066-bd052753167f
Github,Dan Jutan,2019-12-18T16:45:30,fix merge,03b2fae6-b93d-5476-b374-1495d03ce214
Github,Jianing Fu,2020-01-10T20:50:44,timeline complete. cleaned up some css,b2d93bcb-3750-5bf1-b320-b68ebe6d02bb
Github,Dan Jutan,2020-01-13T19:45:34,Merge pull request #56 from GeorgiaTechDHLab/devMerge dev into master,d190ba0d-c76d-5994-b253-6310688d3139
Google Drive,Lauren Klein,2020-01-13T19:50:26,timelines.png,a0347d7e-655d-5dec-8cb4-7cc57254cff7
iCalendar,Everyone,2020-01-13T20:00:00,dxd mtg,9ae8f095-21b4-5952-823d-46a906265901
Google Drive,Adam Hayward,2020-01-15T18:34:20,API Documentation,519b5bd2-cd23-5e1d-a9da-91e8ac6423cd
Google Drive,Dan Jutan,2020-01-17T20:39:02,DxD Notebook Feature Planning,92a49e53-c6aa-5e2b-aafc-b7a964a31120
Github,Jianing Fu,2020-02-06T00:46:04,add naline svg,027392ea-c963-536b-9fdc-79d6e2a47ba5
Github,Dan Jutan,2020-02-06T17:27:45,committing highlight stuff,97e16354-e948-5f9d-aa27-1cb491531559
Github,Dan Jutan,2020-02-06T18:52:24,fix double highlighting,a6dad2bc-f495-59d9-9e75-8f675629886f
Github,Dan Jutan,2020-02-06T21:50:42,"fix a bunch of bugs, including cross-paragraph highlights!",4c5ff1ad-9e88-51a4-9633-e8ea0475193f
Github,Dan Jutan,2020-02-06T21:51:41,delete logs and comments,f8550f78-0e6b-5684-84ae-34e5d1b2585b
Google Drive,Lauren Klein,2020-02-10T18:08:22,Wireframes,3ede5171-8cb8-5255-a43f-56675adfc8f4
Github,Dan Jutan,2020-02-10T18:59:15,add context menu,6e3e6a32-8596-563e-bf12-54ee87f19a91
Github,Jianing Fu,2020-02-14T01:47:54,organize navline svg,235b33f9-74f0-52db-bce0-1414cc41f4ec
Github,Jianing Fu,2020-02-29T23:07:12,navline static part fully functioning. able to adjust itself based on parsed in data,edcc8504-52f6-5be5-90cc-ced4cdcbfac6
Github,Dan Jutan,2020-03-01T21:13:03,fix y pos of context menu,919d0150-e6cd-5616-bb8a-071ae8a907fe
Github,Dan Jutan,2020-03-01T21:49:22,fix pointer and further narrow down y pos,5501d853-2713-5094-9c41-4549d4dc27f7
Github,Dan Jutan,2020-03-02T16:51:16,create notebook vue components,9341d6fa-bb2e-5031-aafb-caaf80e46fe2
Github,Dan Jutan,2020-03-02T17:10:32,allow the dev app to run via proxy,2bc04cc9-f071-59af-994a-cb5ceb7ef4a9
Github,Dan Jutan,2020-03-02T21:21:59,fix drop,bab41149-5e2a-5234-a532-1a66c5711a8b
Github,Jianing Fu,2020-03-09T03:50:22,"added hoverover, working on click event",d00d5cc3-3cc2-5f6b-9a8c-1ec010c87d92
Github,Dan Jutan,2020-03-09T18:24:49,drag to change position,d23418d5-e9a6-56ac-80cb-44b1e8a83aa7
Github,Dan Jutan,2020-03-09T18:40:36,fix wholeText bug,1ad9df8f-1174-508d-8472-8187d31100a1
Github,Dan Jutan,2020-03-23T13:34:41,expand drag to full highlight element (for cases where the highlight element has multiple children,59cca846-91d0-5925-bd86-b5e5ecc421ac
Github,Dan Jutan,2020-03-23T13:49:02,don't fire highlight functions on right click,7082e153-d03c-561d-a577-504be9302d5e
Github,Dan Jutan,2020-03-23T13:54:06,fix highlight breakage which was due to triggering the highlight code twice,285c155e-123c-59b7-8db2-abedfbd9eee8
Github,Dan Jutan,2020-03-23T13:59:42,move anonymous function into component method,83fcb19e-67de-5018-91a1-68a88864fbe2
Github,Dan Jutan,2020-03-23T21:42:34,add text input; fix continuous trans-paragraph highlighting,5e4c8091-e882-52ec-b1ed-3fb702f65696
Github,Dan Jutan,2020-03-25T22:32:14,add basic serialization,39a5545a-c757-5baf-b8d3-fe341f25652d
Github,Dan Jutan,2020-03-25T23:00:46,strip attributes from highlight (we might not want this but it makes sense right now,a4c1511b-93ab-5d57-b34f-fe1ad07e10a3
iCalendar,Everyone,2020-03-30T18:30:00,dxd mtg,9bb6a4be-273f-574e-a609-df6fd6d0cbdc
Github,Jianing Fu,2020-04-05T03:10:15,motifing for eventbus,c953190f-db1d-5dbc-81f3-6dc009e2847b
Github,Jianing Fu,2020-04-05T04:59:41,added vuex part for chapters,a139fae3-f4a9-506f-b957-b26a18b3227c
Github,Dan Jutan,2020-04-06T13:47:25,"Add gitpod configthis commit adds support for Gitpod.io, a free automateddev environment that makes contributing and generally working on GitHubprojects much easier. It allows anyone to start a ready-to-code devenvironment for any branch, issue and pull request with a single click.",299bd941-f4d2-5d70-b849-cc2f48102cc3
Github,Dan Jutan,2020-04-06T14:15:10,mongod setup command,e27269fd-bfef-5808-9a52-e82c3eac9a78
Github,Dan Jutan,2020-04-06T18:19:14,new notebook endpoints and tests,f6e97444-9a2c-5373-b536-e1f57d6a2639
Github,Jianing Fu,2020-04-09T02:13:32,navline portal complete,2495a47e-7fda-535f-8f9b-e19033a17f5b
Github,Jianing Fu,2020-05-02T02:40:17,navline scrolling complete,5be1dabe-44a4-5f6b-8d6a-7537ad6531ed
Google Drive,Lauren Klein,2020-05-04T18:23:11,timelines-and-colors.pdf,37f77890-7446-512c-ba15-e45d261e0081
Github,Dan Jutan,2020-05-04T21:29:52,Merge pull request #57 from GeorgiaTechDHLab/devDev,f0bd4942-2784-5a79-b42b-dabda372f5d7
Github,Dan Jutan,2020-05-05T01:53:46,create a script and an accompanying command to generate .env files (so we can store the template without having to store the password),a61a1141-02d6-54ee-88b2-b5fbc50f2bd4
Github,Jianing Fu,2020-05-05T04:00:42,"added power chapter, navline functioning, need to add seperate vuex",70cee388-d3af-5a6e-a2d0-d48a667d4bb3
Github,Dan Jutan,2020-05-05T19:55:05,add flexbox in notebook header,0d6488ec-cf04-5b8e-9f0f-2149c4fbe9eb
Github,Dan Jutan,2020-05-05T20:01:35,Merge branch 'master' into highlights-and-notebook,c0f00d95-a57d-53bb-98c0-9c290c37524d
Github,Dan Jutan,2020-05-05T20:02:14,Merge pull request #58 from GeorgiaTechDHLab/highlights-and-notebookNotebook feature's beginnings,1f41e6f9-7b8d-5e3b-aea2-329a096a7f02
Github,Dan Jutan,2020-05-06T04:15:20,deprecate unused vuex and create new auth vuex,7390f457-0aa9-512e-a4d6-61893f49bac3
Github,Dan Jutan,2020-05-07T06:06:52,notebook auth seems to work,2117f486-a5b7-5a9d-b7bb-159f72984b11
Github,Dan Jutan,2020-05-07T16:59:57,validation message display improvements,7f26c8f4-513f-5973-b2aa-2f4eed2698c9
Google Drive,Lauren Klein,2020-05-10T21:00:27,Peabody Chapter Outline,9a83d6a3-d53c-54ba-b1b5-4986d49818fa
Github,Dan Jutan,2020-05-11T19:12:33,sync notebook,993813c0-b909-5661-b77e-463978229620
Github,Jianing Fu,2020-05-11T22:02:18,power navline complete,57bd138f-d1fa-5340-bf33-a8861cc4cd01
Github,Jianing Fu,2020-05-11T23:59:01,playfiar navline drafy,47e020fd-8c73-5f6d-af65-31a22432e2c0
Github,Dan Jutan,2020-05-12T17:56:02,removeHighlightSpan method stub,201bd12f-889d-53d7-ab64-a700127e21d0
Github,Dan Jutan,2020-05-12T19:47:32,check if user actually highlighted anything,52ff8700-d29e-5023-b61b-a104d29b42bd
Github,Dan Jutan,2020-05-13T04:06:45,remove on context-menu button click and on log-out,cbca3721-e1e2-5ef5-9437-27a5030049c8
Github,Dan Jutan,2020-05-13T16:18:15,clean some code and improve context menu's y position,55609138-5f0d-5f3d-9cac-f22334f078e3
Github,Dan Jutan,2020-05-13T17:10:30,fix issue when multi-selecting into a non-block element,9bb4c340-5ed6-5bc7-9008-733f0eecb53e
Github,Dan Jutan,2020-05-13T17:16:56,hide context menu on remove,477ea937-0b93-5290-bb39-ee4c4db9191b
Github,Dan Jutan,2020-05-13T18:34:56,remove overflow neighbors; don't freak out when we remove everything at once,000bbc18-e2ab-5bb3-a221-aede65f13f90
Github,Dan Jutan,2020-05-13T18:46:06,fix conflicts,0da4e9e6-70b0-5886-a21d-2dec973ba1b9
Github,Dan Jutan,2020-05-13T18:50:29,Merge branch 'highlights-improvements',d777d29a-58cb-5e49-868e-cd06ae5279dc
Github,Dan Jutan,2020-05-14T19:33:55,make sure chapter scaffolds are using the new notebook,eb05721f-8adc-5145-94ec-da966f23d55a
Github,Dan Jutan,2020-05-14T23:15:19,gray out and hide mini squares,6be19a4e-085e-5a87-8767-bb6d99b7c64f
Github,Jianing Fu,2020-05-15T00:03:31,organized chapterscaffold,1a567ec4-954e-5303-85a7-8916dcd210a2
Github,Jianing Fu,2020-05-15T00:04:21,organized chapterscaffold,92bf749b-6d4a-510e-8d29-fea2bcf19cd3
Github,Dan Jutan,2020-05-15T01:56:45,Merge pull request #60 from GeorgiaTechDHLab/devDev,dcb14ab5-d0fe-5db5-add7-72bc55f7d655
Github,Dan Jutan,2020-05-16T00:02:15,first four slides,1ad82795-ea88-5666-b5da-8bd3b3b80324
Google Drive,Lauren Klein,2020-05-18T19:12:03,Peabody Assets,6c5cc8f6-6baa-5a22-98da-40ded60fab18
Google Drive,Lauren Klein,2020-05-18T19:14:26,Peabody images,19a48a1a-7886-5a89-9cd8-6f8b6bcbc577
Google Drive,Lauren Klein,2020-05-18T19:14:46,1600s.jpg,344a5481-c1b7-5190-9025-cf99bad4efd0
Google Drive,Lauren Klein,2020-05-18T19:14:53,1500s.jpg,ce672c1d-592f-51e4-8e3c-ea0e56c22dc7
Google Drive,Lauren Klein,2020-05-18T19:15:09,1800s.jpg,f0d294df-3777-50ee-bb4e-407e9a65fb26
Google Drive,Lauren Klein,2020-05-18T19:15:30,1700s.jpg,ed2dc726-a93a-5bc3-b01a-69b7522cd4fe
Github,Dan Jutan,2020-05-19T14:02:33,implement EventKey,98dda3ce-7b6c-50ab-8577-3ef9c63d39c9
Github,Dan Jutan,2020-05-19T18:17:08,fix small eventkey positioning,0e1c51ef-8731-5c4a-a5c0-5fd237c1e1a3
Github,Dan Jutan,2020-05-19T18:22:47,slightly better positioning,2d1cc091-3e78-5257-9a9c-cf30ebb1c477
Github,Dan Jutan,2020-05-19T19:33:51,two way eventkey highlighting,9bb48f23-9142-5edb-a2a6-16d146943ddc
Github,Dan Jutan,2020-05-19T19:48:35,all tutorial slides completed,36dfc889-5280-596e-9ea2-3c7eb91a959d
Github,Dan Jutan,2020-05-19T20:20:11,dot slide selection,d9a6c004-467f-5100-9210-8e623eaa419f
Github,Dan Jutan,2020-05-19T20:27:17,click to advance slide,49e969ea-2927-5d3d-9d0a-dbbd2680af7f
Github,Dan Jutan,2020-05-19T22:01:39,make dots tabbable + some accessibility placeholders,f15dc766-2125-51c9-ac87-e041bbe9dc9d
Github,Dan Jutan,2020-05-19T22:06:21,Merge pull request #61 from GeorgiaTechDHLab/peabody-tutorialCompleted Peabody Tutorial / HowItWorks Component,ef3b7e65-7ae1-5dc6-b969-fe124577162f
Github,Dan Jutan,2020-05-19T22:58:20,start highlighting,5bf10ded-41ae-5cb4-91ce-265775323dd3
Github,Dan Jutan,2020-05-22T00:53:52,dataset.js routes are now specified in datasets.json and work with json as well as csv,5f53258c-7b6a-5fc6-a498-7fb70eb7cf6a
Github,Dan Jutan,2020-05-22T19:09:09,add new notebook properties and set up mongoose validation,03dfef9f-bd76-5a87-9132-167f7563ab1a
Github,Dan Jutan,2020-05-22T23:58:30,remove unused methods,eb1d10c1-482b-5f56-bf69-2c3a6d1a3a2d
Github,Dan Jutan,2020-05-24T23:46:51,new dataset vuex store,550f7954-f108-5774-83a2-682eefff6b33
Github,Dan Jutan,2020-05-25T17:59:37,create mutable visualization store,f03e6d02-6204-52dc-a4a3-351a327dbecc
Github,Dan Jutan,2020-05-26T17:44:59,it loads properly!,cd7bee45-a3a1-5ce9-8887-1aa49ad85ac3
Github,Dan Jutan,2020-05-29T00:39:08,almost there,21ff75e4-2ed3-5c20-bdc9-bf79740f7bbe
iCalendar,Everyone,2020-05-29T18:30:00,Dxd mtg,ac186852-a7c7-5b1a-b094-9a5988829755
Github,Dan Jutan,2020-06-01T16:49:34,viz reactivity works,8bca457e-43b8-5774-b162-09af09c80c49
Github,Dan Jutan,2020-06-04T19:50:33,"Beginning Visualization highlight/drag systemAs part of creating a robust highlight system,we need a way to deal with when the user highlights""unhightable"" portions of the text. I tried a solutionand I think I'm going to start over, but I want to save thisin case I go back to it.",30b21bad-2327-54af-9ffd-63ea3cb9a637
Google Drive,Lauren Klein,2020-06-07T16:25:38,NEH Questions,544c394b-ec39-54bf-bd15-f3094d3b9199
Github,Dan Jutan,2020-06-07T23:10:04,attempt2,f31d656c-3615-5ee8-8d50-210f9ae94fda
Github,Dan Jutan,2020-06-08T15:18:32,in progress,ee985927-fb30-5d4c-9269-5259ccf6a2ed
Github,Dan Jutan,2020-06-10T06:01:19,now works with non-highlightable elements!,744ef305-e8fd-5e06-8ad5-f616ac33e7f0
Github,Dan Jutan,2020-06-11T03:00:35,custom drag image for multi-span highlights to let the user know exactly what they're dragging!,18849f7b-1816-5e4f-9c58-d19c039d33a1
Github,Dan Jutan,2020-06-11T18:22:25,use vuex for drag data,6ca90386-6e5f-5833-bb73-cad3742a776b
Github,Dan Jutan,2020-06-12T03:31:50,repair saving/loading highlights from server function,00f2bc03-6880-523c-9612-cfe6fd0afc5a
Github,Dan Jutan,2020-06-17T17:32:36,(stuff in progress),1d45047a-3bac-5d1a-b4e2-cf2c7eaefdc0
Github,Dan Jutan,2020-06-17T17:32:59,(stuff in progress),e2211e2a-4cf5-5ef1-b2fe-b559d85ca2d7
Github,Dan Jutan,2020-06-17T19:57:01,Mutable data successfully saves/loads from server,ca84b7a6-d6bb-5757-ab86-6a50474a5692
Github,Dan Jutan,2020-06-17T19:59:00,Merge pull request #63 from GeorgiaTechDHLab/datavizMerge new data architecture,7ae605c3-a181-5efc-8b4f-176599263552
Github,Dan Jutan,2020-06-19T17:02:07,fix peabodytimeline,58938164-654e-5603-bb3c-753f6a86d07e
Google Drive,Lauren Klein,2020-06-19T18:17:24,Chapter Text,47e5edc5-17f0-5d67-8642-bd820b33037b
Github,Dan Jutan,2020-06-21T03:41:41,deprecate chapters store and rename notebook store to fit index.js convention,20634b1a-c899-58b7-b9b1-13dbbd83a00a
Github,Dan Jutan,2020-06-28T21:35:21,working section system + navline integration,5f73ca3d-b8b4-5918-a038-49b1bd2c1da6
Github,Dan Jutan,2020-06-28T23:22:15,scrollTo navline sort of works...,cd985ecc-bf99-5717-8467-4e9f2c06583c
Github,Dan Jutan,2020-06-29T15:06:14,new placeholder text,1c0ba5e4-c158-5c37-89a9-de19fcbff316
Github,Dan Jutan,2020-06-30T19:27:56,scrollytell,c8af5204-b0db-5f52-aad4-183674268d08
Github,Dan Jutan,2020-07-01T03:03:56,more accurate scrolling,d7c2ce55-2cfc-574d-8f70-2a648a5aa7c8
Github,Dan Jutan,2020-07-01T18:22:26,comment cleanup,d272a4ad-cc21-5719-abc5-ff739164efc6
Github,Dan Jutan,2020-07-02T21:20:36,initial scrolling map,7981b389-7819-5174-baa7-dcbb2c6a12f9
Github,Dan Jutan,2020-07-03T16:11:52,smoother scrolling,9796ed2d-2019-56b2-97f4-704ab1508879
Github,Dan Jutan,2020-07-03T20:39:27,scrolling always starts from current viewport state,50ac544e-c94d-5985-b0af-18f85ee55dd6
Github,Dan Jutan,2020-07-03T21:14:59,viewports are relative to image size,96b88bfb-0364-55aa-873e-1a5945a4489d
Github,Dan Jutan,2020-07-05T17:16:30,a couple changes,03a3c06c-36bf-5f1f-a478-41e215669e51
Github,Dan Jutan,2020-07-08T17:22:22,Consistent line endings,3ab3c991-3447-5c52-b52e-393fffa34041
Github,Dan Jutan,2020-07-08T17:40:23,consistent line endings,0c6da573-5376-5571-b53f-edf5db4c3da2
Github,Dan Jutan,2020-07-10T21:34:19,update vuejs,9d56c694-053a-5d6d-83c0-190c6472a114
Github,Dan Jutan,2020-07-13T02:04:49,fix offset issue,97c2e367-539d-5a49-8880-679f2f7f444f
Github,Dan Jutan,2020-07-13T02:21:34,reset the scroll before refresh,921388c4-6bc6-5918-b503-7337b2ab3f36
Github,Dan Jutan,2020-07-13T17:30:54,tutorial scrollytell,6714402e-c244-5112-997d-aa8ae7dfe650
Github,Dan Jutan,2020-07-13T17:35:28,always show blocks regardless of scroll,e6fd0121-7333-5286-8729-498ace5e5a8d
Github,Dan Jutan,2020-07-14T18:04:34,New Scrollytell structure that allows the collected elements to slide away together,2f6acb72-9e80-5f1a-a3b7-298e6c821c0f
Github,Dan Jutan,2020-07-14T18:08:25,fix bug in non-collect version,64733f9d-7bff-5c94-90c6-ad6154607980
Google Drive,Lauren Klein,2020-07-15T01:32:34,.DS_Store,1c006e24-339f-5032-8713-aafa04c9edb8
Google Drive,Lauren Klein,2020-07-15T01:34:18,1600s-rect-cropped.jpg,9823a3af-470f-5a4f-82e6-f70c4af8b394
Github,Dan Jutan,2020-07-15T13:26:18,"register MapScroller for dragging to notebook, and allow components to specify non-data props to retain when dragged to notebook",eaf2b3e0-97af-56e2-9c1f-14932e6bf6ed
Github,Dan Jutan,2020-07-16T02:17:31,set highlight cursor to grab,4fec6382-b0f0-58fa-bea9-52f0f61119c0
Github,Dan Jutan,2020-07-19T01:51:57,been working on the peabodycanvas last week and forgot to commit,dcf6a0c9-4c50-551a-b88b-0917b3c2217b
Github,Dan Jutan,2020-07-19T21:26:34,"mini overlay squares, and don't show when on border",2784d34a-349b-5eb8-a4c2-8fc430e7f059
Github,Dan Jutan,2020-07-19T21:43:00,commit,9a97ea6c-bd2c-556b-9fbc-89c4fb9e9f33
Github,Dan Jutan,2020-07-19T22:20:08,nearest color,7cc30fbf-dc4f-5c68-833b-b264307714eb
Github,Dan Jutan,2020-07-20T17:47:27,added footnote system,40a84629-7407-5828-8b8a-95ca6bb9db4a
Github,Dan Jutan,2020-07-27T19:27:05,PeabodyCanvas works with v-modelgit add .,833d5861-3195-540f-885b-173a29f176da
Github,Dan Jutan,2020-07-27T20:20:11,EventKey works with v-model,9519df61-e0a0-5c4f-8d4a-f1515b5b26f5
Google Drive,Lauren Klein,2020-07-29T15:29:44,Design Elements,85161e46-8273-5345-9945-a05e2004fa3b
Github,Dan Jutan,2020-08-03T17:18:54,new peabody grid,adbc3663-5e5a-54bf-a246-655812e996ee
Github,Dan Jutan,2020-08-05T16:17:55,fix glitchy scroll trigger,564175f3-d167-5b39-bd8a-ffb12daedf6d
Github,Dan Jutan,2020-08-07T20:20:05,event box and error fixes,d0e83d4f-8a5e-59d7-a6c5-408e468afe4c
Github,Dan Jutan,2020-08-11T16:04:40,just gotta push,39787a29-8b16-529a-a9f5-cc80e3b95bbf
Github,Dan Jutan,2020-08-14T19:38:17,peabody grid and peabody canvas interreactive,7c9d7d26-975c-5b06-9665-64fa00a3d81b
Github,Dan Jutan,2020-08-14T21:10:10,update peabody text,235a7ed7-525b-5bfd-b6b9-6efa7e1d8e1b
Github,Dan Jutan,2020-08-14T23:32:46,filter out header elements when dividing subsections,04d3e6c2-6265-5256-be0e-5f7271653453
Github,Dan Jutan,2020-08-14T23:49:58,get rid of double timeline bug in debugging,30755d83-2d67-5c7d-b586-78603b423e9f
Github,Dan Jutan,2020-08-14T23:55:08,fix conflicts,9be6bbb3-0fbc-5497-b1a1-35926dbea820
Github,Dan Jutan,2020-08-17T16:09:09,bunch of notebook/highlighting bug fixes,cf2ea2ed-6eca-52b4-a987-4dba7d4b539c
Google Drive,Lauren Klein,2020-08-21T13:57:25,frontpage-wireframe.png,f10fff00-77d3-55f4-b2d2-da976fe6269b
Google Drive,Lauren Klein,2020-08-21T14:21:47,ch5-power,136c6c28-2079-5fa0-a827-7cd2ddbe1219
Google Drive,Lauren Klein,2020-08-21T14:21:47,ch4-peabody,997d0be5-c7a9-5697-acc8-81c692e1f687
Google Drive,Lauren Klein,2020-08-21T14:22:12,timeline images,e6c61d04-481e-5651-bbb4-e2175491ddc3
Github,Jianing Fu,2020-08-22T22:51:45,fixed homepage issues,317bbdfd-10fb-5788-96ce-2e53cd97b68b
Google Drive,Lauren Klein,2020-08-24T19:24:19,DXD_Qing.v3.pdf - FINAL NAVS/FONTS/ETC,4e3b8ca4-d931-5ee2-b65f-65965f1ef08d
iCalendar,Everyone,2020-08-24T19:30:00,DxD mtg,d61b2fe4-c4d0-5e00-814f-54808b3be831
Google Drive,Lauren Klein,2020-08-25T17:25:51,gradient wave.sketch,0648c1ea-8813-537b-bcfc-d354fd087b57
Google Drive,Lauren Klein,2020-08-25T17:27:36,curve-long.png,ca0bad1d-64d6-5789-95d1-030aa144c868
Google Drive,Lauren Klein,2020-08-25T17:31:59,curve-trimmed.png,2097f4cd-5033-5e79-9a5f-854ec9cf3637
Google Drive,Lauren Klein,2020-08-25T17:58:34,1801-1.jpg,729c4e35-8423-5286-81fd-15080aee1f98
Google Drive,Lauren Klein,2020-08-25T17:58:42,1801-2.jpg,2f2ca4a6-c5b5-529b-b86c-7309f9abbf53
Google Drive,Lauren Klein,2020-08-25T17:59:19,1786-3.png,dd044f4e-8839-5977-a169-afde75f0c791
Google Drive,Lauren Klein,2020-08-25T17:59:32,1801-0.jpg,043063f9-a911-5783-9eda-de2748adbde1
Google Drive,Lauren Klein,2020-08-25T17:59:45,1801-3.jpg,9db265cd-2d10-59bc-9285-6f6a3036e121
Google Drive,Lauren Klein,2020-08-25T17:59:52,1821-2.jpg,ca1acb92-b766-52aa-b3a3-b50f0f746b1f
Google Drive,Lauren Klein,2020-08-25T18:00:04,1801-1.jpg,9ba23df7-af21-5bae-b2c0-c40929b5aba5
Google Drive,Lauren Klein,2020-08-25T18:00:15,1786-2.jpg,008324af-95b6-50b9-933f-d61095a503ab
Google Drive,Lauren Klein,2020-08-25T18:00:45,1801-4.jpg,ec3385ef-e0aa-51f1-96dd-c9d14a03eeb8
Google Drive,Lauren Klein,2020-08-25T18:01:30,1788-1.jpg,f0f94b3a-905e-5053-82ce-f9a65f9805be
Google Drive,Lauren Klein,2020-08-25T18:01:38,1801-1.jpg,fdd9fdbb-bae7-538d-bf22-5a282ca1dfe2
Google Drive,Lauren Klein,2020-08-25T18:02:04,1846-1.jpg,6b97c483-11f4-5765-b6cb-535f100a84ee
Google Drive,Lauren Klein,2020-08-25T18:02:30,1829-10.jpg,a795f78c-5bb4-53d3-a0d5-eef32ba93c80
Google Drive,Lauren Klein,2020-08-25T18:02:38,1829-11.jpg,9c37821d-810e-537c-b4d3-779173c91bf6
Google Drive,Lauren Klein,2020-08-25T18:02:49,1829-12.jpg,b641bdeb-aadc-5e47-adb6-7f1e385e133c
Google Drive,Lauren Klein,2020-08-25T18:02:57,1829-13.jpg,9ae5a6ee-c1cf-5e6b-bf71-7d773c28f221
Google Drive,Lauren Klein,2020-08-25T18:03:05,1829-14.jpg,79a6b5f8-8d62-58a5-a6bc-e50d6e12c48e
Google Drive,Lauren Klein,2020-08-25T18:03:14,1829-15.jpg,c9263437-46bc-5fc0-b576-c74d731bea98
Google Drive,Lauren Klein,2020-08-25T18:03:21,1829-16.jpg,69c90028-caaa-53d3-b5a8-3d010d4dd2a3
Google Drive,Lauren Klein,2020-08-25T18:03:35,1829-17.jpg,6104fbf3-25eb-5537-9880-5f1eafd18d79
Google Drive,Lauren Klein,2020-08-25T18:03:45,1829-18.jpg,11730bf0-ab28-537b-8400-331556208f23
Google Drive,Lauren Klein,2020-08-25T18:04:05,1829-09.jpg,778679d0-b7c4-5f4d-8adb-1483ab341a50
Google Drive,Lauren Klein,2020-08-25T18:04:11,1829-00.jpg,641d7f28-ac0e-5f3d-8cc1-f8bdc511d9a3
Google Drive,Lauren Klein,2020-08-25T18:04:23,1829-01.jpg,e1d9c19a-5ab0-5680-8703-7c451c4b7423
Google Drive,Lauren Klein,2020-08-25T18:04:40,1829-02.jpg,44b14efc-0371-5332-a969-0a021c45f988
Google Drive,Lauren Klein,2020-08-25T18:04:58,1829-03.jpg,f45e1f8c-ee3a-5e2f-817b-40d3483eea31
Google Drive,Lauren Klein,2020-08-25T18:05:07,1829-04.jpg,07d41023-4f1a-5184-ab60-51a3b053cefa
Google Drive,Lauren Klein,2020-08-25T18:05:16,1829-05.jpg,9c423462-2f3f-57c1-9788-cf65b5b8e07b
Google Drive,Lauren Klein,2020-08-25T18:05:36,1829-06.gif,c58cf690-4994-5c17-bd57-40f3234b78af
Google Drive,Lauren Klein,2020-08-25T18:08:03,1900-01.png,ef1ca7ac-c802-5977-a10c-7af99752547d
Google Drive,Lauren Klein,2020-08-25T18:08:08,1900-02.png,a3f62944-da41-59e8-ba1b-ba87881dd9fe
Google Drive,Lauren Klein,2020-08-25T18:08:12,1900-03.png,953bf6e5-6487-5ad4-8f0f-1f40d98adab9
Google Drive,Lauren Klein,2020-08-25T18:08:17,1900-04.png,90e14fca-7c7d-5e56-a557-22ff4ba95b59
Google Drive,Lauren Klein,2020-08-25T18:08:22,1900-05.jpg,81882ba8-506e-51d8-9909-cc0c992d37f8
Google Drive,Lauren Klein,2020-08-25T18:08:27,1900-06.jpg,4e01c96a-5808-5893-a657-dbedbe731593
Google Drive,Lauren Klein,2020-08-25T18:08:31,1900-07.jpg,35925f69-aa32-5ab7-92b3-4bfd411bbc01
Google Drive,Lauren Klein,2020-08-25T18:08:37,1900-08.jpg,f8a095b3-85ce-5280-afba-7eb26c488ca4
Google Drive,Lauren Klein,2020-08-25T18:08:43,1900-09.jpg,fe419e32-9526-5878-b53e-e52cf440aa8c
Google Drive,Lauren Klein,2020-08-25T18:08:51,1900-10.jpg,95642a59-cd9d-5dda-943e-e0eaadf2f811
Google Drive,Lauren Klein,2020-08-25T18:09:00,1900-11.jpg,9f73bebb-6e56-5e66-9d60-16431601300c
Google Drive,Lauren Klein,2020-08-25T18:09:05,1900-12.jpg,925d7b6a-25a4-525a-af1f-e88f4af0d4b3
Google Drive,Lauren Klein,2020-08-25T18:09:11,1900-13.jpg,0a0c636f-15f6-5bf8-99bb-94c0463d9e14
Google Drive,Lauren Klein,2020-08-25T18:09:18,1900-14.jpg,df4547e5-209b-5ad8-ab22-1e864039a1da
Google Drive,Lauren Klein,2020-08-25T18:09:23,1900-15.jpg,27c00290-5642-5fc2-9d00-67d48ccfaa72
Google Drive,Lauren Klein,2020-08-25T18:09:32,1900-16.jpg,066e2a2b-c9a0-5e8e-a303-89e991ee97c9
Google Drive,Lauren Klein,2020-08-25T18:09:39,1900-17.jpg,ec1a82cd-2589-5662-bae8-5cae77f343c0
Google Drive,Lauren Klein,2020-08-25T18:09:44,1900-18.jpg,981daa36-2465-58fb-b7e3-2a3588817c2a
Google Drive,Lauren Klein,2020-08-27T23:24:50,Front Page Notes for Jianing,21d606b0-b84b-55a2-b57d-d3caaf6308a8
Google Drive,Lauren Klein,2020-08-27T23:32:27,Images and Dates,3e104ef6-7466-5204-8679-a971f81a5a65
Github,Jianing Fu,2020-08-28T00:32:44,fixed hp,dafe55bd-4e87-555c-8113-26b44622cf9b
Github,Jianing Fu,2020-08-28T21:02:56,fixed homepage,799a4aa0-1bbb-5117-b489-2ed584cfb656
Github,Jianing Fu,2020-08-30T20:57:28,fixed timeline pic pose,a0a37448-61dc-5cb9-b05f-da5ed03e47aa
Github,Dan Jutan,2020-09-02T19:37:41,pushing current version of quiz + mutable,a839aaaa-3686-5a9d-ba37-2336554b03f8
Github,Jianing Fu,2020-09-03T20:53:31,added credit pictures,2ec80cf2-1501-5a19-878f-a755ac33e5a6
Google Drive,Lauren Klein,2020-09-08T18:24:34,1700s-rect.jpg,0fb3774a-86fb-5528-abfd-d4bd3addce24
Google Drive,Lauren Klein,2020-09-08T18:28:40,1800s-rect.jpg,2ee0751a-81ec-575e-8146-77fc75efa187
Google Drive,Lauren Klein,2020-09-08T18:29:53,1500s-rect.jpg,fe89a303-3ed9-5ba1-a6a6-97086cd7f29e
Google Drive,Lauren Klein,2020-09-08T18:47:45,blank-rect.jpg,9551043c-32f5-5dc1-abcb-c7f38ea84dc9
Github,Dan Jutan,2020-09-10T00:55:24,"when in production, use hosted server",e6ff1105-4881-5a23-8853-7bf8825e4ff6
Google Drive,Lauren Klein,2020-09-10T17:29:09,Playfair Images,4cdd6120-8144-5624-8b10-e82878126eaf
Google Drive,Lauren Klein,2020-09-10T17:30:49,Picture1-importexports.png,a14f93b2-700a-55e6-90ba-fce991bd9f9f
Google Drive,Lauren Klein,2020-09-10T17:31:02,Picture2-error.png,8cb45649-0d84-53c7-97f5-13e7ee686cd3
Google Drive,Lauren Klein,2020-09-10T17:31:24,Picture3-firstdraft.png,898495b3-0f26-5ee8-93f5-1c6869b9d0e0
Google Drive,Lauren Klein,2020-09-10T17:31:36,Picture4-data.png,c078d3fc-c9c9-523e-af55-8d4a04e6a717
Google Drive,Lauren Klein,2020-09-10T17:32:00,Picture5-McCune.png,ef9afd22-026c-57ad-9325-e791a5aeb3fc
Google Drive,Lauren Klein,2020-09-10T17:32:56,Picture6-Camoes.png,3ca5322b-cbdd-5f96-8f38-c7e550f061f1
Google Drive,Lauren Klein,2020-09-10T17:33:18,Picture7-d3.png,4f994834-b6b4-5700-b86e-ac48e075033b
Github,Jianing Fu,2020-09-11T15:31:20,homepage updated,7dbd086b-c2e0-5575-9796-95c34a3568e0
Github,Jianing Fu,2020-09-11T19:03:21,update Qing's image,53f99160-5f53-5ace-b3d0-af7ab5b8aaa1
Google Drive,Lauren Klein,2020-09-15T18:06:55,Playfair Chapter Outline,959f8547-a3e4-557d-afb2-3bcd7fbba439
Github,Dan Jutan,2020-09-18T01:55:35,Merge pull request #65 from GeorgiaTechDHLab/homepage_fixfixed homepage issues,ffdaf881-2251-531b-8044-60d43eb55749
Github,Dan Jutan,2020-09-18T02:34:52,"dev mode warning, footnote update",bab0f10f-312f-5f62-bd59-9329311b0bb4
Github,Dan Jutan,2020-09-18T02:57:56,move legends down,93f1925a-0a8d-59fc-8fa3-72b80cbd81a6
Github,Jianing Fu,2020-09-18T03:29:36,update to D3 v6,cc28f277-8f1c-5f8e-9f76-ead99332e4b6
Github,Dan Jutan,2020-09-18T14:11:57,https attempted fix,72c02d2e-d860-5418-85b7-2c2e73a1cdc6
Github,Dan Jutan,2020-09-24T23:00:02,update production api url,dc975c17-4661-594b-93d0-81dc29c25b6c
Github,Dan Jutan,2020-09-25T14:49:54,peabody multi canvas,da6125ed-9d7e-5f97-a444-3ef54a592665
Github,Jianing Fu,2020-09-26T23:46:46,update,d0b94cc1-9f29-5682-b95f-841e26623599
Github,Jianing Fu,2020-09-27T00:02:17,udpate,f502739d-f519-5777-8d55-ead45937538f
Google Drive,Dan Jutan,2020-10-02T01:55:38,Data Documentation,1cfc5562-894d-549e-9d55-3f86107e07eb
Google Drive,Lauren Klein,2020-10-12T15:13:12,playfair,0dea23a8-88b5-5981-a7c6-e38723c4ae8b
Google Drive,Dan Jutan,2020-10-12T19:30:45,Peabody,72904137-ad7a-54c0-8f9b-c0f51a7ce71d
Google Drive,Lauren Klein,2020-10-12T19:43:06,peabody,f175e609-ba88-50dd-82d8-a89cb925807d
Github,Jianing Fu,2020-10-18T00:29:41,add playfair chapter,59bf5e27-4f4a-533b-9594-704f24d31dcf
Github,Jianing Fu,2020-10-24T22:24:14,reading csv,3cc290a3-f75c-54e6-9c4c-aa16858f8b34
Github,Jianing Fu,2020-10-29T21:19:13,scrollytell working,df60f9c5-aa51-5407-8970-525854d6a368
Google Drive,Lauren Klein,2020-11-03T16:19:05,7-1975-rect.png,f7acba88-e3cd-5a92-aafe-7507ed5d4a21
Google Drive,Lauren Klein,2020-11-03T16:19:05,1975-rect.png,1402ffe3-893c-5155-9395-1acfd067cd47
Google Drive,Lauren Klein,2020-11-03T16:20:36,1976-rect.png,40d941f1-9222-52a8-aca3-d7e09074a55e
Google Drive,Lauren Klein,2020-11-03T16:22:16,1977-rect.png,5dc389e7-521f-5fcc-abf8-c983375a5151
Google Drive,Lauren Klein,2020-11-03T16:24:18,1978-rect.png,35fd1e00-e48d-5e62-95b7-97d04c509692
Google Drive,Lauren Klein,2020-11-03T16:32:47,1979-rect.png,c15b1016-bbf2-5491-9021-00e5de17e7b8
Google Drive,Lauren Klein,2020-11-03T16:34:28,1981-rect.png,af277ecb-a719-5076-af28-ee6b312a0323
Google Drive,Lauren Klein,2020-11-03T16:36:34,1982-rect.png,fb65fcc1-a887-5fa3-a6c6-4bda4e8c0193
Google Drive,Lauren Klein,2020-11-03T16:38:39,5-1983-rect.png,a950649c-99b4-5fe0-9aac-11353a41089b
Google Drive,Lauren Klein,2020-11-03T16:38:39,1983-rect.png,33ebb69e-bbe8-5993-9efa-a0bd4bad5dc1
Google Drive,Lauren Klein,2020-11-03T16:40:44,6-1984-rect.png,8713fd76-d12b-5164-bdfb-cdda01d18dc6
Google Drive,Lauren Klein,2020-11-03T16:40:44,1984-rect.png,ad27f2d2-d80a-5b98-abe4-12740f6c5a89
Google Drive,Lauren Klein,2020-11-03T16:45:29,1985-rect.png,22b98d4d-29c4-5fc7-9b05-dda4fce4cc21
Google Drive,Lauren Klein,2020-11-03T16:49:29,4-1986-rect.png,9f6bbe2f-706c-50a2-b355-5b6a83b92aaf
Google Drive,Lauren Klein,2020-11-03T16:49:29,1986-rect.png,da8d4daf-9664-5a88-addd-c1f5a5a237a3
Google Drive,Lauren Klein,2020-11-03T16:50:54,1987-rect.png,eefd5761-0f2d-526a-bbd4-cc65e4b85bac
Google Drive,Lauren Klein,2020-11-03T17:08:33,1988-rect.png,228a6628-11f5-5560-b12b-a739499ba005
Google Drive,Lauren Klein,2020-11-03T17:10:50,1989-rect.png,773d49cd-7ce6-5586-b988-a58f15b39acc
Google Drive,Lauren Klein,2020-11-03T17:12:38,1990-rect.png,fba3f4c8-8a37-57b5-9aad-486f269cf25a
Google Drive,Lauren Klein,2020-11-03T17:22:20,1991-rect.png,e8a74063-cc91-5d1b-bfe5-a54099a62e75
Google Drive,Lauren Klein,2020-11-03T17:24:39,1992-rect.png,907657f8-97bf-5a4f-b490-d9eca1012352
Google Drive,Lauren Klein,2020-11-03T17:26:25,1-1993-rect.png,df45e20e-8f70-5656-ba41-332d298cae0a
Google Drive,Lauren Klein,2020-11-03T17:26:25,1993-rect.png,309287c9-8786-5e12-9f24-f20fb3a4c6e5
Google Drive,Lauren Klein,2020-11-03T17:27:51,2-1994-rect.png,d550c425-f69d-570a-812b-0a555d4bcd34
Google Drive,Lauren Klein,2020-11-03T17:27:51,1994-rect.png,3b8e2e17-0ce9-5723-a656-1a7596682f7d
Google Drive,Lauren Klein,2020-11-03T17:32:21,1995-rect.png,2b119f70-cf7c-5527-a058-e22c98190d8a
Google Drive,Lauren Klein,2020-11-03T17:33:52,1996-rect.png,7b3eef17-8c5c-58d2-a04e-4c7f1f74b2f4
Google Drive,Lauren Klein,2020-11-03T17:35:10,3-1997-rect.png,431e5483-e554-5c10-8b31-8c740e48cc4f
Google Drive,Lauren Klein,2020-11-03T17:35:10,1997-rect.png,e7e91707-ee9a-51ef-8b21-ce40ac9d5132
Google Drive,Lauren Klein,2020-11-03T17:38:45,.DS_Store,4d78e733-f9ab-5bca-aa5f-885418857adc
Google Drive,Lauren Klein,2020-11-03T17:42:58,.DS_Store,62cde911-b106-542b-b537-e40812e43ac9
Google Drive,Lauren Klein,2020-11-03T17:43:03,blank centuries,67930666-c06c-5bea-8b30-3c2dec5c7976
Google Drive,Lauren Klein,2020-11-03T17:43:04,include,2328b5ee-2339-5e81-a892-08ba9c75846a
Google Drive,Lauren Klein,2020-11-03T18:30:36,line-of-imports.svg,0d2da7c7-4d3e-5722-a0bb-37d97ec2a1ca
Github,Jianing Fu,2020-11-05T00:43:46,added bumpy line,e1547c55-815b-58ed-b6fe-068db2c12244
Google Drive,Lauren Klein,2020-11-10T18:08:34,line-of-exports.svg,5a6c13ac-ed41-5270-8587-14775ed21f9c
Google Drive,Lauren Klein,2020-11-10T19:31:03,draft-imports.svg,4ddb0b1c-bfc1-5d1b-9ab3-b0baf97de51a
Google Drive,Lauren Klein,2020-11-10T20:29:19,draft-exports.svg,5d71081d-31f1-5d02-9197-7b6508edccd9
Google Drive,Lauren Klein,2020-11-11T18:57:50,WomensRights-1920-2019-Data.csv,ebebbbb0-8146-55fc-8c86-8cd602adb036
Github,Jianing Fu,2020-11-12T23:50:47,added draft and bumpy line & animation,5d6692bc-60c9-5d87-b25c-4dfb40b69c37
Github,Dan Jutan,2020-11-16T16:45:11,embarassingly long overdue git push,3403e27e-1534-5167-951a-b49f015dffa2
Github,Dan Jutan,2020-11-16T17:42:37,womens rights editable,69a50b68-f973-5d08-a7bc-ff2e3f87f8db
Github,Dan Jutan,2020-11-16T18:09:16,timeline tweaking,7bc003a0-900a-54bc-8362-38323dfe0d8f
Github,Lauren Klein,2020-11-16T20:47:33,Created test chapter,93a1bb03-88ff-527a-a56e-16c13a904627
Github,Dan Jutan,2020-11-17T01:14:34,Merge pull request #66 from GeorgiaTechDHLab/playfairPlayfair,cd3ea894-0e0c-5cc9-96a9-7633e1362a8c
Github,Dan Jutan,2020-12-07T15:35:30,fix notebook stickiness,9a53a5c4-b733-567a-986f-1ad6f6ea6477
Github,Dan Jutan,2020-12-07T19:39:56,fix scrollytell glitching,147487c9-04e8-56ab-ae2b-d0e423b8da36
Github,Dan Jutan,2020-12-14T18:02:39,doc renderer supports sections,3ca1961b-d61e-5ff7-bd55-60ef0bc2b4f3
Github,Dan Jutan,2020-12-14T18:17:48,delete docs config from repo,38169eb9-77a5-5679-b10e-57962228237e
Github,Dan Jutan,2020-12-16T14:46:29,broken parseInner function,421e8b48-9afa-585e-ba47-c666b221cb1b
Github,Dan Jutan,2020-12-16T15:21:25,working parseInner function,79d79737-23b0-5998-893c-e9befea86985
Github,Lauren Klein,2020-12-18T21:09:10,Updated Playfair chapter text and images,450041ef-3718-5ae8-b911-6dce1d4e5df5
Github,Dan Jutan,2020-12-18T22:09:40,Merge branch 'master' into dxd-text,55e3bae0-000a-568c-9d11-f30a738cc9c8
Github,Dan Jutan,2020-12-18T22:09:50,Merge pull request #67 from GeorgiaTechDHLab/dxd-textUpdated Playfair text and images,b625867a-8385-5cbd-a882-6ec3de5928f8
Github,Dan Jutan,2020-12-19T23:44:52,no docsconfig file warning,ea08f9fd-90e6-5350-a570-e073959ad456
Github,Dan Jutan,2020-12-20T00:10:01,tag fixes in playfair,019f0a82-8602-52ca-8af5-197596add77d
Github,Dan Jutan,2020-12-20T00:14:31,Merge branch 'docs-integration',24b356e6-5fb4-56be-bd1b-2f2133e01f35
Github,Jianing Fu,2020-12-20T00:38:03,added vis back,b33d2418-179b-511f-a97f-916eb77f6cd0
Github,Jianing Fu,2020-12-20T00:39:06,Merge pull request #69 from GeorgiaTechDHLab/playfair-covid-visadded vis back,39d3b127-3eef-59e4-9ea8-cd1ba6658097
Github,Jianing Fu,2020-12-21T01:43:03,added uk covid data,0132d852-1b26-5268-af76-2857d78e009c
Github,Jianing Fu,2020-12-21T01:45:06,Merge pull request #70 from GeorgiaTechDHLab/playfair-covid-visadded uk covid data,c8a5ac28-fba0-57c3-a97e-ef289aced529
Github,Dan Jutan,2020-12-21T01:46:33,fix type function error,eb97d58e-fbff-5097-a5e6-14ac71dd13a0
Github,Dan Jutan,2020-12-21T02:55:20,footnote & inline slot support,3f5d6533-9503-5af5-9b38-906b287efdc9
Github,Dan Jutan,2020-12-21T02:55:40,Merge branch 'master' of https://github.com/GeorgiaTechDHLab/DataByDesign,19a92382-6d73-5f06-902c-3a2338af5131
Github,Dan Jutan,2020-12-21T14:45:36,basic inline slot inner text support,d9fcf4b4-0694-5886-b46e-7d38a0c75f35
Github,Dan Jutan,2020-12-21T15:08:55,deal with objects before first section,a507fffd-1c60-5d20-9eda-5c0b5caed71d
Github,Dan Jutan,2020-12-21T17:40:55,peabody is docs,2e0e6056-2414-537e-b7c4-f03a295bd28d
Google Drive,Lauren Klein,2020-12-21T18:29:53,Playfair image/interaction log,b09d87b3-ee9f-57ab-bb69-87012e5ad253
Github,Jianing Fu,2020-12-22T00:21:09,"complete covid data, bug fix, add router link to playfair chapter",590ef4f4-e5ab-5ac8-915b-d82bcc33b6c1
Github,Jianing Fu,2020-12-22T00:27:00,"Merge pull request #71 from GeorgiaTechDHLab/playfair-covid-viscomplete covid data, bug fix, add router link to playfair chapter",80b3d5da-0c4c-5d19-9029-0f6e72890c9b
Github,Dan Jutan,2020-12-22T02:03:27,don't render empty paragraphs,2ccb26c6-3426-5158-ab76-d1690fd1edce
Github,Dan Jutan,2020-12-22T02:40:23,proper subsection tracking,dd675f70-2362-56ab-bf8f-4c5a48274741
Github,Dan Jutan,2020-12-22T02:48:00,Merge pull request #72 from GeorgiaTechDHLab/peabody-docsFull docs integration for Peabody,b387e5a2-672e-5d27-bcc2-ad4dc8a651d7
Github,Dan Jutan,2020-12-22T02:52:40,don't show title header for the introduction section,6899e9c7-c7e0-5d68-a6ac-466483b9dfcd
Google Drive,Lauren Klein,2020-12-22T03:02:16,Playfair data,dd162b82-9b5a-5d5f-9d6f-cf29a1661189
Google Drive,Lauren Klein,2020-12-22T03:20:03,Women in Congress.xlsx,92e35209-a16c-5b04-9559-2966e2a1e89f
Google Drive,Lauren Klein,2020-12-22T03:31:56,Women in Parliament.xlsx,ec5c4e73-5767-5b09-9c2b-8ee563582661
Google Drive,Lauren Klein,2020-12-22T03:59:08,pound-dollar-exchange-rate-historical-chart.csv,4f5de936-94ff-51d9-aa17-9077d63bb436
Google Drive,Lauren Klein,2020-12-22T13:10:36,Female MPs.csv,a4c1745e-57cc-5c5d-af41-5f68d20b7609
Google Drive,Lauren Klein,2020-12-22T13:11:40,Old data,b93331fb-2822-58fa-8ae8-8483fc686690
Github,Dan Jutan,2020-12-22T14:17:15,fix and clealeanup playfair Vue options (was previously a copy of Peabody),51a2488c-ec45-58fa-97b6-f64e2dc6831a
Github,Dan Jutan,2020-12-22T16:55:04,add prod script,993b31df-e095-5fc8-b549-c44cc34913ca
Google Drive,Lauren Klein,2020-12-22T20:58:23,Median Household Income UK.xlsx,4a13a6d0-97dc-5bde-9c17-01eba0131f3c
Google Drive,Lauren Klein,2020-12-22T21:32:47,Median Income - US,f2b1b0bf-86b7-5344-a864-a4cdc4d58db1
Github,Dan Jutan,2020-12-22T22:07:33,templates done,7c987aa8-5719-56b0-a44e-6c6c7d4152a6
Github,Jianing Fu,2020-12-22T22:13:13,add more datasets,bb174e7a-cd70-538a-8a4d-6849e1c0344c
Github,Jianing Fu,2020-12-23T01:12:25,added vis,47d9d5c8-e416-5e7b-a4cb-8c3d052cc93a
Github,Jianing Fu,2020-12-23T01:13:18,Merge pull request #73 from GeorgiaTechDHLab/playfair-covid-visPlayfair covid vis,9ec80b69-b56e-5702-87f5-42ffaf324685
Github,Dan Jutan,2020-12-23T02:53:32,add script and mode-specific .env file to run remote server,30df45b5-6074-593b-bf8d-4c7c95dca19b
Github,Dan Jutan,2020-12-23T02:53:50,Merge branch 'master' of https://github.com/GeorgiaTechDHLab/DataByDesign,925bf7b5-90c9-5433-9327-55bdf75bbd76
Google Drive,Dan Jutan,2020-12-23T02:56:05,Run Local w/ Remote Server,ba8ce103-f7bf-5c9d-aab1-1e7a921c7c33
Github,Jianing Fu,2020-12-23T23:48:37,"add coxcomb, add dataSelection for covid, women, income",ad519f17-8c53-5f67-998d-a4b3f07c370e
Github,Jianing Fu,2020-12-23T23:49:05,"Merge pull request #74 from GeorgiaTechDHLab/playfair-covid-visadd coxcomb, add dataSelection for covid, women, income",7fab7405-094f-5e50-8db4-b3678af2e580
Github,Jianing Fu,2020-12-24T22:02:31,adjust coxcomb,603a5b96-d9dd-563e-a0d2-4d64a9dfbec5
Github,Jianing Fu,2020-12-24T22:03:02,Merge pull request #75 from GeorgiaTechDHLab/playfair-covid-visadjust coxcomb,1b274c7d-dfce-5e36-b55f-95faf31a3df7
Github,Jianing Fu,2020-12-24T22:28:07,second version,4ff1ec59-137f-5e87-8eee-493c4d3031fe
Github,Jianing Fu,2020-12-24T22:31:07,Merge pull request #76 from GeorgiaTechDHLab/playfair-covid-vissecond version,c350fbaf-463d-503a-8ae1-e09264a4178e
Github,Dan Jutan,2020-12-25T01:14:42,footnotes load from doc,93764e2d-a715-509e-8d32-f2a33bb8abf6
Github,Dan Jutan,2020-12-25T15:32:00,blockquote component,87461fdb-fd96-587d-94dc-b50ff9f75675
Github,Dan Jutan,2020-12-25T15:46:34,captionedimage component,a44eff65-191a-5060-bf7c-a7f6a360e8fe
Github,Dan Jutan,2020-12-25T15:48:44,Merge branch 'master' of https://github.com/GeorgiaTechDHLab/DataByDesign,7bcf621a-2e5c-5804-994f-b462ab71d4b0
Github,Dan Jutan,2020-12-25T16:09:22,captioned image width fix,30fc3e3e-54a3-5f87-99be-347604534c25
Github,Lauren Klein,2020-12-26T03:23:19,Adding images for Playfair and Peabody chapters; thumbnails for main timeline,3c24638a-41e7-5489-b778-4e6aaa08fec7
Github,Lauren Klein,2020-12-26T03:25:15,Added one more Playfair image,9034fddf-8581-58ee-848e-08b9bf13223b
Github,Lauren Klein,2020-12-26T03:25:56,Merge pull request #77 from GeorgiaTechDHLab/dxd-textAdded images for Playfair and Peabody chapters,15482b4d-657d-50e0-95ca-da3d6aa0c622
Github,Dan Jutan,2020-12-28T00:05:31,playfair navline integration. extract common functionality into navlinemixin.js,32628c7a-7031-5e30-954a-1c31aab6fec7
Github,Dan Jutan,2020-12-28T00:17:03,remove notebooktypes console log,f5814fe0-9847-507b-afdd-b58ce835b7ec
Github,Jianing Fu,2020-12-28T22:09:21,fix homepage timeline hover layers,4d62a1b9-31e9-526f-99cc-71487c6d5b7a
Github,Jianing Fu,2020-12-28T22:09:59,Merge pull request #78 from GeorgiaTechDHLab/timeline-fixfix homepage timeline hover layers,62cb7b98-dcc7-5a9c-9658-72e02e7e1586
Github,Dan Jutan,2020-12-29T03:55:26,Update README.md,f8ec902f-c8a9-563a-9a85-088cd5327471
Github,Lauren Klein,2020-12-31T03:07:43,Fixed typo in legend and renamed items in key,8d0c7ad4-55e1-50ec-93e0-c3f0fe7cf650
Github,Lauren Klein,2020-12-31T03:21:13,Merge branch 'master' into dxd-text,1b5602cc-5079-5b2e-a982-f815c0c65ba8
Github,Lauren Klein,2020-12-31T03:21:23,Merge pull request #79 from GeorgiaTechDHLab/dxd-textFixed typo in legend and renamed items in key,5861581b-ba3d-5c96-a2f6-d29fde716889
Github,Lauren Klein,2020-12-31T05:22:58,Updated Playfair vis with final (?) images and captions; removed unused components,fb641dab-193d-5956-a191-3b0407241b55
Github,Lauren Klein,2020-12-31T05:23:20,Changed some label text and tweaked the label layout,40c7544d-cca1-5ece-b79c-e2c87dfc0112
Github,Lauren Klein,2020-12-31T15:23:06,Merge pull request #80 from GeorgiaTechDHLab/dxd-textUpdated Playfair chapter w/ captions and images; removed unused components. Also tweaked the labels of some of the new visualizations.,5dc2b4e9-2319-5f4b-89f4-0782d78244e0
Github,Dan Jutan,2020-12-31T19:31:54,fix img filename discrepancy,05d379c4-3fad-5e3f-a275-d5955ae84020
Github,Dan Jutan,2020-12-31T20:27:56,DocRenderer in its own repo; CaptionedImage registers on the timeline as image; ChapterScaffold manages DocRenderer props,69b58748-7ca5-5b89-9cc8-9ab766a629ad
Github,Dan Jutan,2020-12-31T20:30:22,Merge pull request #81 from GeorgiaTechDHLab/modularize-docs-integrationModularize docs integration & fix image issues,fbc378eb-b8a4-58d3-80c6-db70386063ce
Github,Jianing Fu,2020-12-31T22:57:46,playfair vis fix,db70c68f-8a93-5ed5-b102-1c70d17bac6b
Github,Jianing Fu,2020-12-31T22:58:34,Merge pull request #82 from GeorgiaTechDHLab/playfair_fixplayfair vis fix,e7e71dc2-8a27-503b-9c4f-979b751d763f
Github,Lauren Klein,2021-01-01T20:37:42,A few more text/image/caption additions to the Peabody and Playfair chapters.,99567dd3-1118-5378-b026-40a50984fbc8
Github,Lauren Klein,2021-01-01T20:41:36,Merge branch 'master' into dxd-text,9f521354-f2ae-51b6-8025-1fb2648e1502
Github,Lauren Klein,2021-01-01T20:41:45,Merge pull request #83 from GeorgiaTechDHLab/dxd-textA few more text/image/caption additions to the Peabody and Playfair c…,6af27d96-71a9-556f-83d1-f1d478ad8326
Github,Lauren Klein,2021-01-03T03:04:02,Replaced thumbnails in timeilne; updated chapter titles throughout,27a860d0-09e9-5ebd-9e79-a5d7f841a96c
Github,Lauren Klein,2021-01-03T03:04:38,Merge pull request #84 from GeorgiaTechDHLab/dxd-textReplaced thumbnails in timeilne; updated chapter titles throughout,d49b593a-0066-53b2-b8a4-e3bdb205e755
Github,Lauren Klein,2021-01-03T03:26:27,Updated peabody chapter router link,6532cce3-e196-5a09-9c7d-eb6e38b4dc66
Github,Jianing Fu,2021-01-03T03:34:38,picline fix,134016b1-c413-5b51-a875-00f6c05c81a7
Github,Jianing Fu,2021-01-03T03:35:09,Merge pull request #85 from GeorgiaTechDHLab/homepage-fixpicline fix,a2cf21f1-2136-55fb-a6c6-94ab29a726fb
Github,Dan Jutan,2021-01-03T04:23:22,"fix reduntant ""lines of exports""",41e74507-6ec4-59cc-a35a-047ae5bb2678
Github,Dan Jutan,2021-01-03T04:45:12,begin removing unused files,2350f27c-926d-5249-bcf9-15de78878914
Github,Dan Jutan,2021-01-03T04:51:07,fix priestly -> priestley,ba0f8ac7-d8af-5154-8c9d-c844c111f87f
Github,Jianing Fu,2021-01-03T22:28:30,minor fix,1ec82775-08b7-527e-9d8f-045556708ad9
Github,Jianing Fu,2021-01-03T22:29:06,Merge pull request #86 from GeorgiaTechDHLab/playfair-fixminor fix,d60a9c9d-c17b-581e-8b5a-11c3d1cc3fcb
Github,Lauren Klein,2021-01-04T03:33:50,Tweak caption of covid/income/women vis,9f73cd29-b3fb-5029-989e-b2fcf3338f08
Github,Jianing Fu,2021-01-04T03:49:03,add hover over,5ae16ef1-4bed-51b1-ae44-30b73a5effe8
Github,Jianing Fu,2021-01-04T03:50:16,Merge branch 'master' into playfair-fix,4b08a314-daba-51f4-bd66-6d19d0933258
Github,Jianing Fu,2021-01-04T03:50:30,Merge pull request #87 from GeorgiaTechDHLab/playfair-fixadd hover over,0ad8806e-f4c6-55b9-aab5-960165777146
Github,Lauren Klein,2021-01-04T04:06:03,Added/tweaked vis captions,46f84587-6b61-51e8-896b-fbf94e24fa02
Github,Lauren Klein,2021-01-04T04:06:34,Merge branch 'master' of https://github.com/GeorgiaTechDHLab/DataByDesign,88597e1b-090b-59c2-8e56-f9b21cd1e87b
Github,Jianing Fu,2021-01-04T05:07:15,fix stacked bar,7e3294c0-dc65-5ada-ac00-02cf11197222
Github,Jianing Fu,2021-01-04T05:08:14,Merge branch 'master' into playfair-fix,62c1bda0-ad97-57ff-8e1d-5ff2a3625de1
Github,Jianing Fu,2021-01-04T05:08:22,Merge pull request #88 from GeorgiaTechDHLab/playfair-fixfix stacked bar,e825dcac-3ee0-53ca-bcaa-9f0aa980e649
Github,Dan Jutan,2021-01-05T15:06:05,make header less obtrusive,5bc19fa3-a8ae-5712-9ae1-c9ff24629bca
Github,Dan Jutan,2021-01-05T15:11:36,adjust home page margin,ef806908-35e4-5eae-808c-af8d9000e5cc
Github,Dan Jutan,2021-01-05T15:41:20,align header with chapter when resizing,ca1e7e57-525c-5895-a308-b9d9e10e04f9
Github,Dan Jutan,2021-01-06T01:39:29,fix offset accuracy; add pause feature,efa76a74-cb69-5013-a3cf-f4fc44b0d858
Github,Dan Jutan,2021-01-06T01:50:45,Merge branch 'playfair-todos' of github.com:GeorgiaTechDHLab/DataByDesign into playfair-todos,7f32929b-5529-58fe-b735-bd341d4eb346
Github,Dan Jutan,2021-01-06T15:26:38,playfair scrollytell,83714811-411c-5a0d-ad66-4267404cac4a
Github,Dan Jutan,2021-01-06T15:27:47,Merge pull request #90 from GeorgiaTechDHLab/playfair-todosScrollytell and Header Adjustments,1398803b-f0f6-5543-82be-f34f94efaa27
Github,Jianing Fu,2021-01-06T22:56:06,fix d3 size,686b4bdf-d9e6-523b-8686-2d695c667ab0
Github,Jianing Fu,2021-01-06T22:56:30,Merge pull request #91 from GeorgiaTechDHLab/playfair-fixfix d3 size,beb8c9ba-966d-5922-a2b3-b8a09d1affaf
Github,Dan Jutan,2021-01-07T15:52:40,grid todos,419c319e-7240-5684-b750-a8227f75fb20
Github,Dan Jutan,2021-01-07T15:52:47,Merge branch 'master' of github.com:GeorgiaTechDHLab/DataByDesign,0ae8e96a-3901-5eab-91f8-d666c70a3340
Github,Lauren Klein,2021-01-07T16:06:21,Added floorchart images,a836391b-2129-5368-9402-35f0620d557f
Github,Lauren Klein,2021-01-07T16:06:35,Merge branch 'master' of https://github.com/GeorgiaTechDHLab/DataByDesign,b4eae35e-1c92-5741-8a4c-ed862cc9e727
Github,Dan Jutan,2021-01-07T17:59:09,finally much better collect,49f63324-2872-57ec-9519-041628af28fc
Github,Jianing Fu,2021-01-07T20:53:02,added dot domain,6a5de000-59fe-5705-8813-99e1157dba11
Github,Jianing Fu,2021-01-07T20:53:34,Merge pull request #92 from GeorgiaTechDHLab/playfair-fixadded dot domain,c91207e9-9615-5756-98f2-50df56cd4264
Github,Dan Jutan,2021-01-08T01:25:42,(hopefull) fix glitchy second scrollytell,0d016b27-920e-5302-b1b4-9d6e44edea48
Github,Dan Jutan,2021-01-08T02:54:33,finish todos,8fcd678e-71fb-5608-9689-c3ffc089dab1
Github,Lauren Klein,2021-01-08T04:12:34,Updated Playfair process vis text,117e7cd9-777b-5d1d-822a-9a8404ff6e7b
Github,Lauren Klein,2021-01-08T04:20:20,Added missing caption,39835321-5d24-5f6d-b6c1-d2a68bceee02
Google Drive,Dan Jutan,2021-01-08T04:32:10,WomensRights-1920-2019-Data,930dd8e8-bc84-57b4-9d03-cfb6ebceea31
Github,Lauren Klein,2021-01-08T04:33:58,Tweaked image sizes,2487af2a-5d54-51e6-941b-88d2d93bb71a
Google Drive,Lauren Klein,2021-01-08T04:35:59,Jan 2020 final todo,b51890d5-7a09-5af5-a80d-6ea83b1ae95b
Github,Dan Jutan,2021-01-08T15:12:18,adjust easing on playfair mapscroller,be974daf-f770-5db5-974f-61bf370509a3
Github,Dan Jutan,2021-01-08T18:27:26,update women's grid,654c4734-57db-50fd-ab5c-b4db343180c6
Github,Dan Jutan,2021-01-08T19:11:59,navline fixes,504dc3ad-4f4c-5ef6-9eb2-87abcb2a2da3
Github,Dan Jutan,2021-01-08T19:13:00,merge,d5b661db-5b02-5d7d-b27d-86ef0e7bd3c6
Github,Jianing Fu,2021-01-08T20:46:42,change import export line colar,fbf803fe-2d99-550f-8c8f-a17ee65c903c
Github,Jianing Fu,2021-01-08T20:47:13,Merge pull request #94 from GeorgiaTechDHLab/playfair-fixchange import export line color,c2d9ab56-0f75-5a82-9728-2ea95384ab56
Google Drive,Lauren Klein,2021-01-14T01:26:18,am1787pla-741-o-p47.tif,5b68f9ea-01a4-5d90-8e28-392920cb939f
iCalendar,Everyone,2021-01-26T19:00:00,DxD mtg,6bfe58ea-fd44-5c3d-aa93-857680d1d921
Figma,Tanvi Sharma,2021-02-16T13:50:00,Figma updates from Tanvi Sharma,3c9d81a4-e451-5289-93a7-081c895c997b
Github,Lauren Klein,2021-02-16T18:00:11,Added Du Bois chapter and timeline images,fd3956e1-35d3-5f1d-adab-00063f6d573b
Github,Lauren Klein,2021-02-16T19:19:49,Updated timeline on Home with thumbnails,78618e06-38a0-568c-b975-115f61e614b8
Github,Lauren Klein,2021-02-16T19:20:09,Merge pull request #95 from GeorgiaTechDHLab/du-boisAdded Du Bois chapter and timeline images,1171b564-94e5-5d31-bf32-a8aff916f65b
Google Drive,Lauren Klein,2021-02-21T17:26:40,du bois college-bred negro.pdf,d4be6be8-e335-5b83-b4ab-3294f572cb63
Figma,Tanvi Sharma,2021-02-22T16:03:00,Figma updates from Tanvi Sharma,804cd657-c2d3-5318-bad8-78182309c51d
Figma,Tanvi Sharma,2021-02-22T17:18:00,Figma updates from Tanvi Sharma,d87e349d-f2b5-5151-bcbb-7ca819d9c5f7
Figma,Tanvi Sharma,2021-02-24T10:18:00,Figma updates from Tanvi Sharma,987a7cd2-26b4-52d7-8848-b2491b524d64
Figma,Tanvi Sharma,2021-02-24T10:32:00,Figma updates from Tanvi Sharma,c910b807-13c5-5cf2-95ef-baceb941aa1b
Github,Dan Jutan,2021-02-24T14:14:28,add power chapter file,61d40aa2-a888-5c16-940d-dab7730a1c05
Github,Dan Jutan,2021-02-24T15:24:19,fix power navline,a11d6d6c-d9d7-57d1-bb0c-7e1b328e2d92
Github,Dan Jutan,2021-03-02T13:47:11,move captions into IMG div,15159f14-0ac2-59b9-86ee-412070f6e95a
Github,Dan Jutan,2021-03-02T14:09:15,remove debugger statements,6cca2602-1e6d-5061-bd0d-4cfe9b94a7f7
Figma,Tanvi Sharma,2021-03-03T16:12:00,Figma updates from Tanvi Sharma,7acae750-fc65-57e3-8dfa-b4bceb215a4f
Figma,Tanvi Sharma,2021-03-03T17:17:00,Figma updates from Tanvi Sharma,f6e3a3f5-b617-53da-8dd1-e3cb96e84755
Figma,Tanvi Sharma,2021-03-03T17:20:00,Figma updates from Tanvi Sharma,3967ca33-86c1-59aa-afcd-4b1aabba6ad3
Figma,Tanvi Sharma,2021-03-03T21:34:00,Figma updates from Tanvi Sharma,d824e83f-8b0f-5084-930b-62042cb81dce
Figma,Tanvi Sharma,2021-03-03T22:01:00,Figma updates from Tanvi Sharma,745b1a3d-7f89-5d5f-8960-d070d504543a
Figma,Silas Munro,2021-03-03T22:35:00,Figma updates from Silas Munro,47408bc6-1e74-59b6-a582-8291fe260606
Figma,Tanvi Sharma,2021-03-04T03:33:00,Figma updates from Tanvi Sharma,fdc09118-d6ac-5c02-9c8e-6bbcd4feccae
Github,Jianing Fu,2021-03-07T22:07:14,occupation draft,01585606-849c-5842-ad1f-91804b8a603c
Figma,Tanvi Sharma,2021-03-10T14:29:00,Figma updates from Tanvi Sharma,50538718-53cd-5153-80dd-eaab2e456b66
Figma,Tanvi Sharma,2021-03-11T11:03:00,Figma updates from Tanvi Sharma,86fad3aa-d8cc-5470-ae72-09c077dd3a46
Google Drive,Lauren Klein,2021-03-11T20:39:58,Data By Design Web Design Concept Presentation.pdf,348afcc9-356b-5c72-929d-bddd40445f16
Github,Jianing Fu,2021-03-12T03:56:56,add vis,b310e2e1-913d-557e-8e3c-102a25fc70aa
Google Drive,Lauren Klein,2021-03-16T17:06:44,Polymode,eb11e7b8-6e9b-517d-a8e5-46ebbc01aea8
Github,Dan Jutan,2021-03-19T23:30:18,untangle and remove old code,a48eec89-e300-526e-b0e3-9b551633640a
Github,Dan Jutan,2021-03-19T23:34:15,remove old loopback server,e8c4bf16-b60d-50d7-8650-282008220ea9
Github,Dan Jutan,2021-03-19T23:40:32,add shortcut command for starting mongo on mac,a47ea060-83bd-5be6-a9c7-f41348bddea2
Github,Jianing Fu,2021-03-20T21:45:43,map,a3f3a517-9813-52dd-a485-141b44c866de
Github,Dan Jutan,2021-03-23T16:41:04,explicitly reference parse-google-docs-json commit,b0f65a01-de0d-5711-aef9-1f29ee7f97da
Github,Dan Jutan,2021-03-23T16:47:46,remove docsconfig file,729714d2-42c9-5148-9229-a9cb72b48609
iCalendar,Everyone,2021-03-23T18:00:00,DxD mtg,37b1137a-df96-51d7-9d7c-b6ddb1177654
Github,Dan Jutan,2021-03-26T03:38:17,fix power navline dataset reference,39101e27-7ef3-5a6d-8b46-cc6f0dedfb88
Github,Jianing Fu,2021-03-26T04:11:11,finished map,d74563af-f37e-5cd2-80c5-ab371a4f1189
Github,Dan Jutan,2021-03-26T16:44:37,move footnote components into chapters folder,55598de3-692e-52ed-abcc-2fbc726db9ef
Github,Dan Jutan,2021-03-26T18:15:00,d3impl load data from server,f4526c25-7248-5f95-9780-41c4bc73b5ef
Figma,Tanvi Sharma,2021-03-30T16:56:00,Figma updates from Tanvi Sharma,3e27e6b2-03a0-58d7-90ab-9c4efb7a6a94
Figma,Tanvi Sharma,2021-03-30T17:17:00,Figma updates from Tanvi Sharma,5677f5b8-5d1f-5ef1-9fed-9f2e17e6d28d
Google Drive,Lauren Klein,2021-03-30T17:31:57,1829-03.jpg,286a5728-b9a7-5d8d-a232-4c5c0586e6f0
Google Drive,Lauren Klein,2021-03-30T17:31:57,1829-18.jpg,eeb97930-7cff-5998-ae76-3af361710300
Google Drive,Lauren Klein,2021-03-30T17:31:57,1829-16.jpg,d2c04d12-a235-549a-8d51-f01f536d8e37
Google Drive,Lauren Klein,2021-03-30T17:31:57,1846-1.jpg,797144a0-674d-5a7f-8499-bc176e08335b
Google Drive,Lauren Klein,2021-03-30T17:31:57,1829-09.jpg,79819ab1-ab5e-532d-b025-e7120f24b93f
Google Drive,Lauren Klein,2021-03-30T17:31:57,1829-00.jpg,aa1e1883-cea4-53ab-918f-10fc4f171412
Google Drive,Lauren Klein,2021-03-30T17:31:57,1829-15.jpg,f8b1afee-a327-5426-a3de-4e4829367584
Google Drive,Lauren Klein,2021-03-30T17:31:57,1829-11.jpg,c2a72b2b-82a0-5b02-a14f-408545d557b4
Google Drive,Lauren Klein,2021-03-30T17:31:57,1829-05.jpg,00db4a0f-032c-5eeb-8709-84065f86599a
Google Drive,Lauren Klein,2021-03-30T17:31:57,1829-17.jpg,58a0c54e-e665-5b6c-a55e-5fa8dddb18c2
Google Drive,Lauren Klein,2021-03-30T17:31:57,1829-01.jpg,fc671ed6-9e1c-50c9-a804-8dc1710471eb
Google Drive,Lauren Klein,2021-03-30T17:31:57,1829-12.jpg,e7b65469-16f9-5def-92e9-319661c7468d
Google Drive,Lauren Klein,2021-03-30T17:31:57,1829-10.jpg,bf7cd78f-c6a4-5af8-a793-83ee842c0787
Google Drive,Lauren Klein,2021-03-30T17:31:57,1829-06.gif,b1d9355d-f183-57b4-82c7-0fc82407bdfa
Google Drive,Lauren Klein,2021-03-30T17:31:57,1829-02.jpg,9a2fef29-723d-5273-93b1-466c7d16fddc
Google Drive,Lauren Klein,2021-03-30T17:31:57,1829-13.jpg,262f98d4-759b-5d1e-963b-a64b995d3cfe
Google Drive,Lauren Klein,2021-03-30T17:31:57,1829-04.jpg,8518773a-0f6b-588b-a1a9-5bef6fee5c83
Google Drive,Lauren Klein,2021-03-30T17:31:57,1829-14.jpg,4deb63c6-6a2b-5ae9-8754-b8308db9bde4
Figma,Tanvi Sharma,2021-03-30T17:44:00,Figma updates from Tanvi Sharma,39f231d7-a790-5a87-bd6d-b99a97cc6ac5
Github,Dan Jutan,2021-03-31T13:32:06,Merge branch 'master' into power_recreation,4c258979-0f66-56d6-829b-4ae7a00877fa
Github,Dan Jutan,2021-03-31T13:32:40,Merge pull request #96 from GeorgiaTechDHLab/power_recreationDubois recreation,82033a1d-8800-5ae9-8e1c-b45326d5852f
Figma,Tanvi Sharma,2021-03-31T13:55:00,Figma updates from Tanvi Sharma,5bef064b-eb4a-5c6a-a5b4-d0efc79f6541
Figma,Tanvi Sharma,2021-03-31T14:27:00,Figma updates from Tanvi Sharma,4a8a21df-6d02-5b18-941b-0f994ddbb890
Figma,Tanvi Sharma,2021-03-31T14:30:00,Figma updates from Tanvi Sharma,46c01bb7-e650-5d6b-989e-c46a060e7aff
Figma,Tanvi Sharma,2021-03-31T15:32:00,Figma updates from Tanvi Sharma,9fcc189f-0be3-5155-ae02-ff6613ad6830
Figma,Tanvi Sharma,2021-04-01T16:33:00,Figma updates from Tanvi Sharma,a3ff5e10-d0f5-5b9b-810b-9fe18f5a3ae8
Figma,Tanvi Sharma,2021-04-01T16:47:00,Figma updates from Tanvi Sharma,2510ee4f-e48a-510a-868e-668cdaaa6ae6
Figma,Tanvi Sharma,2021-04-01T22:06:00,Figma updates from Tanvi Sharma,d04fce91-463a-57f3-a2c3-8a4abc603035
Figma,Tanvi Sharma,2021-04-01T22:35:00,Figma updates from Tanvi Sharma,e791dbbe-0844-59f2-b48a-f8ab1c7fdc44
Figma,Tanvi Sharma,2021-04-02T00:31:00,Figma updates from Tanvi Sharma,143006b4-79ee-5418-a2eb-d1e9dcbb4a58
Figma,Tanvi Sharma,2021-04-02T11:03:00,Figma updates from Tanvi Sharma,9157a724-4642-5c15-ad43-1f775e0bb452
Figma,Unknown,2021-04-02T11:10:00,Figma updates from Unknown,7010f26d-efd7-5ae9-8efe-0201495d9e57
Figma,Tanvi Sharma,2021-04-02T11:54:00,Figma updates from Tanvi Sharma,584904e2-b321-5f40-bd8e-5598a6a1a297
Google Drive,Lauren Klein,2021-04-03T19:20:22,Data By Design Web Design Concept Sketches.pdf,1187f671-dbeb-539b-90ad-5a42157f41b3
Github,Jianing Fu,2021-04-04T00:37:01,added map & animatioin,d3f4945c-dfd2-5624-b43c-5115cb85af76
Github,Jianing Fu,2021-04-04T00:41:43,Merge pull request #97 from GeorgiaTechDHLab/power_recreationadded map & animation,45dab2d9-2cea-5ea2-ba9e-1b0dce6c7e79
Google Drive,Lauren Klein,2021-04-06T16:38:25,DxD web developer job ad Summer 2021,8893dc5d-bd0e-5dc0-b90b-0ebafce5b01a
Figma,Tanvi Sharma,2021-04-08T14:21:00,Figma updates from Tanvi Sharma,fb34311f-e36b-51d3-9ccd-68f46dc3bfac
Figma,Tanvi Sharma,2021-04-08T17:29:00,Figma updates from Tanvi Sharma,adbfd6b2-635c-5fd5-b390-0001da11bb77
Figma,Unknown,2021-04-08T17:55:00,Figma updates from Unknown,8489af32-c00d-5e60-a284-b1f60ed15321
Figma,Tanvi Sharma,2021-04-08T18:33:00,Figma updates from Tanvi Sharma,77803131-4dcd-571c-b2b3-42713e00ed47
Figma,Unknown,2021-04-08T19:38:00,Figma updates from Unknown,c26bc7a1-4323-56d5-93bd-658a9a6f4133
Github,Jianing Fu,2021-04-10T21:05:06,complete gallery mode,aa0adb33-3a79-507a-abf5-601da05bede3
Github,Jianing Fu,2021-04-10T21:07:57,Merge pull request #98 from GeorgiaTechDHLab/power_recreationcomplete gallery mode,7f4ca7d3-8b2a-5e16-9d89-ef7d8b1eff96
Github,Dan Jutan,2021-04-12T20:06:35,add the rest of the playfair data to server,41ba169f-94b4-5547-8cc9-8b482fd4b74c
Github,Dan Jutan,2021-04-12T20:16:11,remove unused usa-covid dataset,5821b4e3-46f6-55a7-aaab-8f7c3dd4105a
Github,Dan Jutan,2021-04-12T20:42:51,use event instead of mutating prop directly for d3 playfair selection,2fbf2e67-aa02-50a8-a44d-0ef4881e1b85
Github,Dan Jutan,2021-04-12T20:47:52,port Impls to use the visualization mixin (they don't use the width prop yet),9ad55644-cce1-55b8-9371-6876b500e701
Github,Dan Jutan,2021-04-12T20:49:41,remove some console logs,1658d5b8-57de-56e7-9774-56b97de49784
Github,Dan Jutan,2021-04-12T20:50:45,remove playfair csvs from public,8bb11c97-d9ef-5726-96c4-3d45dfd04c52
iCalendar,Everyone,2021-04-13T18:00:00,DxD mtg,b1dad0a6-b06c-59c4-a485-f390e78596d8
Figma,Unknown,2021-04-19T17:06:00,Figma updates from Unknown,4ac620c5-ccd7-52d2-9e9a-f1eb99447a36
Figma,Unknown,2021-04-20T11:29:00,Figma updates from Unknown,028f47c8-73b9-5550-b0a4-03b3f9bd857b
Figma,Unknown,2021-04-20T12:00:00,Figma updates from Unknown,e1e62d89-a9e2-5108-bdb0-da9e90564706
Figma,Dan Jutan,2021-04-20T12:06:00,Figma updates from Dan Jutan,c1614317-eee2-5e3b-97b0-cad6a60926c2
Figma,Unknown,2021-04-20T14:18:00,Figma updates from Unknown,94ff1ca0-6ad2-5a1d-9b49-596ab22f7298
Figma,Unknown,2021-04-23T17:25:00,Figma updates from Unknown,a45fa880-8d11-5457-8d83-f02c6cfe38ef
Figma,Tanvi Sharma,2021-04-23T17:56:00,Figma updates from Tanvi Sharma,f88ec2af-3700-59d4-8ec1-d716d4e7f731
Figma,Tanvi Sharma,2021-04-23T18:13:00,Figma updates from Tanvi Sharma,0b1389b9-3eb7-5af6-85b2-87604dd94dd2
Figma,Tanvi Sharma,2021-04-23T19:21:00,Figma updates from Tanvi Sharma,151f57ee-2d3c-5f4a-956c-8a3e0a36467f
Figma,Unknown,2021-04-23T19:36:00,Figma updates from Unknown,ee1a579a-67cf-56f8-84da-7aeebfff360a
Figma,Tanvi Sharma,2021-04-25T21:30:00,Figma updates from Tanvi Sharma,01046c6f-187d-59b9-a1de-9d4863789545
Figma,Dan Jutan,2021-04-25T22:08:00,Figma updates from Dan Jutan,44c6da46-1cd5-5307-b821-5dc0581ab944
Figma,Silas Munro,2021-04-25T22:15:00,Figma updates from Silas Munro,b03098ac-f961-5f45-a1fa-1ebe6d5a967a
Figma,Unknown,2021-04-26T11:05:00,Figma updates from Unknown,e6840d54-2995-5e3e-b3c9-c02e52b5b94f
Figma,Tanvi Sharma,2021-04-26T12:04:00,Figma updates from Tanvi Sharma,83302245-7f96-5849-acca-4c782200cde0
Github,Jianing Fu,2021-04-28T00:38:05,add name sheet,aeb30cb6-0f25-5e03-9291-7ad0769e7b20
Github,Jianing Fu,2021-04-30T22:08:14,name vis draft,69441dc5-7480-5398-b107-4f5ca0d4f2bd
Figma,Unknown,2021-05-05T18:21:00,Figma updates from Unknown,4ef25b93-2b6b-5d73-ae08-9134281ab07f
iCalendar,Everyone,2021-05-05T19:30:00,DxD mtg,88d689a1-dd17-5d3e-90c1-d9b046122f7f
Figma,Unknown,2021-05-12T12:43:00,Figma updates from Unknown,5da833c4-40bc-5a24-a7dd-559028f17abe
Figma,Dan Jutan,2021-05-12T13:01:00,Figma updates from Dan Jutan,d541d8ef-00af-5149-a6ab-ad958a8ddee9
Figma,Unknown,2021-05-15T12:58:00,Figma updates from Unknown,633f3f8f-d48c-5506-b003-e8923364d9a7
Figma,Unknown,2021-05-15T13:27:00,Figma updates from Unknown,ffef570a-2bc6-5397-a038-67a4d0a50128
Figma,Dan Jutan,2021-05-15T20:18:00,Figma updates from Dan Jutan,b586d44d-7438-560e-a155-4b81080728b4
Figma,Dan Jutan,2021-05-15T20:50:00,Figma updates from Dan Jutan,506c720d-c00e-530b-8d9c-c5621abd4244
Figma,Tanvi Sharma,2021-05-15T21:12:00,Figma updates from Tanvi Sharma,6e045073-6430-5ebf-9fcc-85cb7063a494
Figma,Unknown,2021-05-17T12:48:00,Figma updates from Unknown,a6653607-d45d-5a5c-b600-43d22167d65a
Figma,Unknown,2021-05-17T13:37:00,Figma updates from Unknown,ecca0881-95c2-559a-adfd-b3860104e5e0
Figma,Unknown,2021-05-17T13:48:00,Figma updates from Unknown,c97d3d36-5ece-5e78-9307-67c30499a825
Figma,Dan Jutan,2021-05-18T09:38:00,Figma updates from Dan Jutan,779cf353-89bf-5f4a-8e19-03f8e28fe47b
Figma,Tanvi Sharma,2021-05-18T10:11:00,Figma updates from Tanvi Sharma,59fba1d7-6522-59ab-8f5c-d7aaebc10463
Figma,Tanvi Sharma,2021-05-18T10:42:00,Figma updates from Tanvi Sharma,e21a266f-91fe-5299-b0e0-e6ea377caece
Figma,Unknown,2021-05-18T11:07:00,Figma updates from Unknown,262cd185-ccf5-5f1f-ace5-2fd1c05b1298
Figma,Dan Jutan,2021-05-18T15:51:00,Figma updates from Dan Jutan,356b1c2c-1be4-5aba-a0c5-afea30b29cf3
Figma,Tanvi Sharma,2021-05-18T15:54:00,Figma updates from Tanvi Sharma,7236c224-e344-58e1-9107-d5fd8bf753e3
Github,Dan Jutan,2021-05-24T14:36:08,Merge pull request #99 from GeorgiaTechDHLab/dubios_namesDubois names,c9840dc3-cb2d-596a-9db7-7509319fafa5
iCalendar,Everyone,2021-05-24T15:30:00,DxD mtg,f6a2ba7c-1aed-575a-99c7-095021452a0c
Figma,Tanvi Sharma,2021-05-24T16:02:00,Figma updates from Tanvi Sharma,c79d8271-2841-5e7f-b3d0-56acd05f14c4
Figma,Dan Jutan,2021-05-25T14:44:00,Figma updates from Dan Jutan,5c6a414e-b392-5329-89c5-70eaf1326639
Figma,Tanvi Sharma,2021-05-25T14:59:00,Figma updates from Tanvi Sharma,4f0fb102-a26c-526c-8b1e-b38139c516d7
Github,Lauren Klein,2021-05-26T14:01:36,Added links to Du Bois chapter and reorganized chapters per peer review,6291ee79-c49f-55e9-a67c-a408ac6244f6
Github,Lauren Klein,2021-05-26T14:03:12,Merge branch 'du-bois',d1379b9d-348e-56dc-a58c-03aeda7d8c04
Github,Lauren Klein,2021-05-26T15:14:16,Updated images/vis placements in Du Bois chapter,612bfafa-7eb7-532c-9d7b-fb23c085e75a
Github,Dan Jutan,2021-05-26T17:31:39,Dubois scrollytell demo,e6240e67-ae21-5b92-aa45-8d28891f2cff
Github,Lauren Klein,2021-05-26T18:00:04,Draft Du Bois scrollytell,8cce04b9-c51d-5a38-91f9-fd8f57aa7d17
Figma,Silas Munro,2021-05-27T12:53:00,Figma updates from Silas Munro,c47c5809-a460-58f1-97c8-38e547b9da6b
Github,Dan Jutan,2021-05-30T01:28:04,setup,b8e2554d-240e-52cf-8d27-a450a5f76336
Github,Dan Jutan,2021-05-30T01:29:32,add root gitignore,c6cdb654-e80f-5d4b-9a7a-d7e1b5afb117
Github,Dan Jutan,2021-05-31T11:50:13,fix parse-google-docs-json dependency,b17c9a4e-ff89-5cb1-9134-70fc7104bbb6
Github,Dan Jutan,2021-05-31T17:56:14,tests for connect functions,ef34b6ca-c2f3-5572-976b-acf66491b1f5
iCalendar,Everyone,2021-06-01T14:30:00,DxD mtg,93e2a46f-c8b0-5102-ac6f-910123e583c5
Figma,Tanvi Sharma,2021-06-01T14:31:00,Figma updates from Tanvi Sharma,d1e1044d-2b6d-5cf1-9354-8ee11ef02514
Github,Dan Jutan,2021-06-01T17:54:43,"push the private stuff, for now",95427a41-a660-59dd-a83f-45fb8226e80d
Github,Dan Jutan,2021-06-01T17:55:53,Merge branch 'main' of github.com:Jutanium/docs-cms into main,f9669cb4-a558-523b-962c-6a336d89bd23
Github,Dan Jutan,2021-06-02T12:47:32,matchers setup,8221bbf1-5c86-56bf-b57b-bd68c40babdf
Github,Dan Jutan,2021-06-02T14:00:21,text nodes,158e5127-11a7-50e1-8baa-aa13fde89da2
Github,Dan Jutan,2021-06-02T14:09:30,combine text within paragraph,1299c0e3-4a5f-5e3f-97af-258b350861c7
Github,Dan Jutan,2021-06-02T14:28:25,simpler tables,6b0cb77f-c003-53a4-aeb0-20852d21b937
Github,Dan Jutan,2021-06-02T18:13:10,tables templates,b8098d31-7285-5bc7-8d11-1ce8a52ec01a
Github,Dan Jutan,2021-06-03T22:17:04,extract matchers,541471ea-4441-579c-8d94-bed33abfa75e
Github,Dan Jutan,2021-06-03T22:40:16,footnotes,302a4d11-f72c-52bc-8e9a-d82b3cebcf57
Github,Dan Jutan,2021-06-04T02:10:05,remove file saving from parse,f4b9118f-b42e-5895-9395-f6d2ebae529b
Github,Dan Jutan,2021-06-04T12:08:53,add timestamp,1a1c33f3-d2ff-59bd-b84b-e323b99d634c
Github,Dan Jutan,2021-06-04T20:22:54,stash,85044691-6644-5214-940e-92e4cbac7d7c
Figma,Silas Munro,2021-06-07T10:44:00,Figma updates from Silas Munro,8d61d40e-37d2-597f-a201-9d0c4b5924c7
iCalendar,Everyone,2021-06-07T15:30:00,DxD mtg,7313ee9d-fc9a-58f3-b4a6-d0cc95d632c0
Github,Dan Jutan,2021-06-07T16:12:26,vanilla tsc setup,47ae3267-71f6-532d-b9de-9282f7d6e098
Github,Dan Jutan,2021-06-07T16:23:25,export types,f7193e00-82f9-5eaf-8f71-bde5766507b0
Figma,Tanvi Sharma,2021-06-07T16:47:00,Figma updates from Tanvi Sharma,eea011e9-e6ee-5af4-937b-a001642b0110
Github,Dan Jutan,2021-06-07T17:05:43,workspace setup,f8063afc-2c60-5793-a532-49b2b8fc87ae
Figma,Silas Munro,2021-06-07T17:18:00,Figma updates from Silas Munro,934f2d17-4e49-5bb5-91cd-dfb6346784da
Figma,Tanvi Sharma,2021-06-07T17:40:00,Figma updates from Tanvi Sharma,b74b4613-0e30-5e37-a7db-4f099b7945c3
Figma,Dan Jutan,2021-06-07T18:15:00,Figma updates from Dan Jutan,96603807-47d8-5eac-90e6-183a4269b38c
Github,Dan Jutan,2021-06-07T18:55:11,rootMode upward for jest,d106909f-9730-55b9-9e00-fa137a9ef7e9
Github,Dan Jutan,2021-06-08T13:38:32,add root tsconfig to make IDE smarter,0116fa7b-b276-5a3b-873a-8013717d1964
Github,Dan Jutan,2021-06-08T18:52:33,new package,180b52f4-f487-5e1c-9032-790a32f05c14
Github,Dan Jutan,2021-06-08T20:33:58,ts-jest attempt,638e369c-acca-5424-af80-c216c83059b0
Github,Dan Jutan,2021-06-08T20:37:07,Merge branch 'main' of github.com:Jutanium/docs-cms into main,a6475a30-d23c-542b-abb0-5441af54ec20
Github,Dan Jutan,2021-06-08T21:11:46,fixed texts,8c63df45-ea3a-57ad-a5f6-369ecfec6a3c
Github,Dan Jutan,2021-06-08T21:12:03,fixed tests,cf66a297-ad0a-56df-99e3-ec9e66e28652
Github,Dan Jutan,2021-06-09T02:13:57,remove sandbox,7178476e-2afc-5659-adea-73e9aa8baf7d
Github,Dan Jutan,2021-06-09T02:22:24,move babel dependencies to dev dependencies,054b85ab-0d3b-5efe-b9c3-d0f84c0abf1a
Github,Dan Jutan,2021-06-09T02:50:36,add jest types to tsconfig for ide support,9b969d5c-f435-5471-a12d-dab1760919c6
Github,Dan Jutan,2021-06-09T12:39:47,setup again with yarn,6d2cf5cd-281f-5834-ada4-347797702fc4
Github,Dan Jutan,2021-06-09T13:00:53,api route,9c330819-9440-5196-9f1c-93dab137a396
Github,Dan Jutan,2021-06-09T13:04:07,use es6 import/exports,5d21308e-310a-5480-a9e6-f506bafcd938
Github,Dan Jutan,2021-06-09T19:59:17,exception handling,24e2571b-79c3-5b92-9a7d-efd9095f10c4
Github,Dan Jutan,2021-06-09T20:28:37,watch commands,c9fe36f6-4ab9-5b88-af60-8a279fb86b95
Github,Dan Jutan,2021-06-09T20:30:01,"Revert ""watch commands""This reverts commit e625d557de3494e4bdf249d23fe23a96b929a8c6.",3a69259e-e640-58a7-b489-176a075af1f5
Github,Dan Jutan,2021-06-09T20:31:59,add node types,5cdaecb1-3236-5d23-a4d8-2cae506d580f
Github,Dan Jutan,2021-06-10T03:01:41,rename and publish,5bb52c95-e1e3-530a-82ab-ea90f47dea00
Github,Dan Jutan,2021-06-10T17:29:48,yalc setup,b910e119-44cb-5134-8c2e-941aa0813feb
Google Drive,Dan Jutan,2021-06-11T19:56:16,Dan Software Engineering Notes,c3f2efaf-0fa0-5b35-bb00-67d1cfc03360
Github,Dan Jutan,2021-06-11T22:29:57,move test info,f330ba94-3463-5a86-97c5-02a03e13225c
Github,Dan Jutan,2021-06-13T02:05:58,sandbox setup,d9d25e09-bf7a-501a-ba0b-328c61f8c416
Github,Dan Jutan,2021-06-14T19:16:21,table components setup,ce79f456-5e47-5ae5-a072-830eae961af0
Github,Dan Jutan,2021-06-14T19:51:36,remove broken workspace build script,0b259447-dfeb-57fd-b83c-42d735f6f543
Github,Dan Jutan,2021-06-14T19:55:08,Delete .idea directory,63b780b7-4bea-50c0-b7a5-7949e65237dc
Github,Dan Jutan,2021-06-15T17:36:40,table parsing,bed22db2-0aeb-5670-975b-2013f9e8ef5a
Github,Dan Jutan,2021-06-15T17:36:48,Merge branch 'main' of github.com:Jutanium/docs-cms into main,4c0f65a5-e888-58ac-8568-a2c1e1634518
Github,Dan Jutan,2021-06-15T18:10:12,table component works for parse,ec5fc6db-a8a6-58f0-aa34-7b78b9a1a4d7
Github,Dan Jutan,2021-06-15T18:15:46,basic slots setup,aa807167-443f-547e-a777-ab84c0638440
Github,Dan Jutan,2021-06-15T19:48:29,rgb -> rgba for transparency,415ca0dc-21b4-57f0-9bbd-250807c4842a
Github,Dan Jutan,2021-06-15T20:06:05,remove validator functions for now,a0d92f29-88d8-5587-954e-853cd88b949e
Github,Dan Jutan,2021-06-15T20:12:11,generate error functions using map,36582922-b3af-565a-b370-56f0d9fb57db
Github,Dan Jutan,2021-06-15T20:55:15,default slots,bb52f2f9-14f5-57fc-bcf0-2f054d432c12
Github,Dan Jutan,2021-06-15T21:11:47,required props,dd7711b4-cc16-5b51-8a2d-fa1447cd74e8
Github,Dan Jutan,2021-06-16T02:17:36,processed footnotes,6a383c69-785a-58de-87fd-4eb577cd9735
Github,Dan Jutan,2021-06-16T16:05:06,livedoc api endpoint,1d6ec374-9660-542b-9380-6e2c577701ec
Github,Dan Jutan,2021-06-16T16:26:13,chapter layout,0a5eace3-76d0-5aa2-8f54-e1f3bad4ccf1
Github,Dan Jutan,2021-06-16T19:04:35,componentsFromDoc return type,3fb30d48-7b1a-5a29-bce8-e141994fe471
Github,Dan Jutan,2021-06-16T19:50:17,vue2 project setup,8fa72a0e-8ab3-5723-85be-ab2a86fc93e9
Github,Dan Jutan,2021-06-16T20:20:10,vue2 library setup,f629f4d1-5b46-5870-bd36-e798c9c9c6c7
Github,Dan Jutan,2021-06-16T22:09:10,add dev slots support,83a78922-f91a-524e-bb76-1cbe42bb0a6f
Github,Dan Jutan,2021-06-17T01:41:47,working vue renderer,8ee38c55-0fac-5a2c-97a0-30729608c562
Github,Dan Jutan,2021-06-17T02:40:43,don't use html for styling; support links,70b3c433-b7e0-5254-9d84-7149932245c3
Github,Dan Jutan,2021-06-17T02:49:58,fix typescript import issue,f4c50a14-c761-52d7-a2c3-2b26deb10146
Github,Dan Jutan,2021-06-17T13:10:50,untested getComments function for reference,de6f978e-10a7-56db-a4ad-d40be71e9bb9
Github,Dan Jutan,2021-06-17T13:16:14,up versions and publish,f7054ade-55ed-5636-b903-1b23de115f46
Github,Dan Jutan,2021-06-17T17:44:38,inline slot support,5dbc790d-6efc-5eb1-b152-d133df74ff04
Github,Dan Jutan,2021-06-17T17:52:55,basic render setup,d78c93c6-43ed-505d-b15d-7cf6e505e6c1
Github,Dan Jutan,2021-06-18T21:29:55,export getFilesInFolder,c471ce22-5049-54d2-aa01-3609a32357d9
Google Drive,Tanvi Sharma,2021-06-18T21:50:22,.DS_Store,c2fde000-d280-55ae-859e-94a42cbcbfc9
Google Drive,Tanvi Sharma,2021-06-18T21:51:12,.DS_Store,0175338e-c55f-5128-8f5f-ec1a0d375fc3
Google Drive,Tanvi Sharma,2021-06-18T21:51:17,.DS_Store,a230c39c-35f1-5e92-93f1-deaced23dfe4
Github,Dan Jutan,2021-06-18T22:40:58,mixin params,ef609f56-baba-512a-94c9-3c2da41346a1
Github,Dan Jutan,2021-06-20T03:29:03,list parsing setup,f69d0615-0c9b-5b67-a818-8e9b2cda12ad
Github,Dan Jutan,2021-06-20T03:50:58,fix the while loop,585dc5bd-098a-5513-aa3c-ba6461820780
Github,Dan Jutan,2021-06-20T16:30:22,"recurse in the list extraction step, not in the list parsing",2fdfc04a-08a3-5321-bc4b-3eaaf89256bf
Github,Dan Jutan,2021-06-21T02:22:49,list elements,3800c721-693e-551c-898f-db9bef6592bd
Github,Dan Jutan,2021-06-21T02:42:25,"keep noncomponent, table data",6e183dc1-6fb3-51f8-a412-e07675e2d7a5
Github,Dan Jutan,2021-06-21T02:44:15,up versions,dd352fd1-fc5a-524f-a1f9-e4ec03e72821
Github,Dan Jutan,2021-06-21T03:32:28,li elements,9ebed30d-9f5a-5ddc-b335-ad20bc9ec9be
Figma,Unknown,2021-06-21T14:28:00,Figma updates from Unknown,68396958-78d3-5a1d-8493-fc2fdec11e9e
Figma,Dan Jutan,2021-06-21T14:59:00,Figma updates from Dan Jutan,dee91a9c-0fb2-5729-bde7-da8516def33e
Figma,Tanvi Sharma,2021-06-22T12:10:00,Figma updates from Tanvi Sharma,a820dea0-bc65-5d58-8731-dfe543fd7b5d
Figma,Unknown,2021-06-22T12:41:00,Figma updates from Unknown,a377981c-b0d1-564d-9b6c-f0b2226e1b6f
Figma,Tanvi Sharma,2021-06-22T15:34:00,Figma updates from Tanvi Sharma,2e4d3cbf-8557-591f-b294-cd12c6850a8d
Figma,Tanvi Sharma,2021-06-22T15:56:00,Figma updates from Tanvi Sharma,6b41584e-8d65-53da-8f3d-03206c56b904
Github,Dan Jutan,2021-06-22T20:51:07,extract function and clean up index.ts,0e00c911-0a02-5945-9eeb-9e515544ac51
Github,Dan Jutan,2021-06-23T20:17:29,section finding,f8fe9e63-9891-51f0-a1ba-b0d8aff728d7
Github,Dan Jutan,2021-06-23T20:49:35,docs components setup,82b0a79a-efb1-5f41-acff-063ddf9f944c
Github,Dan Jutan,2021-06-23T21:24:35,delete package-lock,d7dd9a05-c146-5c07-9293-babdc6c8ab54
Figma,Unknown,2021-06-24T13:01:00,Figma updates from Unknown,36237edc-4166-552a-a39c-0b1f0ccdf551
Figma,Tanvi Sharma,2021-06-24T14:51:00,Figma updates from Tanvi Sharma,243252bf-359f-5747-b657-bd7931ab490d
Google Drive,Dan Jutan,2021-06-24T19:35:06,Render Functions,3d1cd1bf-3d9c-539b-98ab-bd53a8458a1d
Github,Dan Jutan,2021-06-25T02:59:45,chapter and alignment divisions,4dc9124c-d0d6-5423-bbb6-b59234cd059b
Github,Dan Jutan,2021-06-25T03:28:44,bring in (broken) penguin demo,2add4d09-fef5-53b2-8a58-0659a19f2d90
Google Drive,Tanvi Sharma,2021-06-25T13:50:20,VTCDuBois-LightItalic.woff,59d1766c-a05a-5569-8a8c-23dd72d0dc29
Google Drive,Tanvi Sharma,2021-06-25T13:50:20,VTCDuBois-Italic.woff,6e705b34-d251-5fa7-97f4-11675797c4f4
Google Drive,Tanvi Sharma,2021-06-25T13:50:21,VTCDuBois-ItalicWide.woff,1e5fe052-0631-55d2-81a6-1a192deb66fd
Google Drive,Tanvi Sharma,2021-06-25T13:50:21,VTCDuBois-BoldItalicWide.woff,8f0db318-470c-50cc-8751-282816e8a1ad
Google Drive,Tanvi Sharma,2021-06-25T13:50:21,VTCDuBois-BoldItalic.woff,577ac68d-c25d-582e-8d5e-77cc07bee4ad
Google Drive,Tanvi Sharma,2021-06-25T13:50:21,VTCDuBois-LightItalicNarrow.woff,939751d2-62b8-5165-90d1-f03c40ea6deb
Google Drive,Tanvi Sharma,2021-06-25T13:50:21,VTCDuBois-LightItalicWide.woff,89934ff0-fabd-59b8-bf5d-d7b1b57ed9dc
Google Drive,Tanvi Sharma,2021-06-25T13:50:21,VTCDuBois-BoldItalicNarrow.woff,9831e581-55c9-5082-a269-ec3cad2f04da
Google Drive,Tanvi Sharma,2021-06-25T13:50:22,VTCDuBois-LightItalic.woff2,a1df6017-9e7b-5779-996c-6b91acacada4
Google Drive,Tanvi Sharma,2021-06-25T13:50:22,VTCDuBois-ItalicNarrow.woff,3b7ffacd-8355-5e34-a92e-e88cd3b1b044
Google Drive,Tanvi Sharma,2021-06-25T13:50:23,VTCDuBois-LightItalicNarrow.woff2,3c09500b-8925-5ff8-8108-aa9a461eeda5
Google Drive,Tanvi Sharma,2021-06-25T13:50:23,VTCDuBois-Italic.woff2,e0407e95-b2cf-5638-a714-e1d2025b2a33
Google Drive,Tanvi Sharma,2021-06-25T13:50:24,VTCDuBois-ItalicNarrow.woff2,a3450ab3-b202-5c84-b08b-6f57d31b4c03
Google Drive,Tanvi Sharma,2021-06-25T13:50:24,VTCDuBois-BoldItalicNarrow.woff2,72023364-e271-5503-b7b5-28625f4d1b83
Google Drive,Tanvi Sharma,2021-06-25T13:50:24,VTCDuBois-LightItalicWide.woff2,482b6205-7d04-5691-b525-727543f49b85
Google Drive,Tanvi Sharma,2021-06-25T13:50:24,VTCDuBois-BoldItalic.woff2,b281e6be-633f-5183-8806-1ae7478e4006
Google Drive,Tanvi Sharma,2021-06-25T13:50:24,VTCDuBois-ItalicWide.woff2,fafd9833-9f85-5526-b8f2-f457449016b9
Google Drive,Tanvi Sharma,2021-06-25T13:50:24,VTCDuBois-BoldItalicWide.woff2,a2e370ce-d30d-50c7-8dc0-da69e0c2f063
Google Drive,Tanvi Sharma,2021-06-25T13:51:05,VTCDuBois-LightRItalicNarrow.woff,5e5a5b45-bd24-5624-84c1-d036dcbedf5a
Google Drive,Tanvi Sharma,2021-06-25T13:51:05,VTCDuBois-BoldRitalic.woff,46dacc34-ab11-5187-8f76-eae54b54188f
Google Drive,Tanvi Sharma,2021-06-25T13:51:05,VTCDuBois-LightRItalicWide.woff,d59f6e65-4a09-5776-96db-8ca6574c68b1
Google Drive,Tanvi Sharma,2021-06-25T13:51:05,VTCDuBois-RitalicWide.woff,009527d3-e1e9-5849-bc24-32ce33f38974
Google Drive,Tanvi Sharma,2021-06-25T13:51:06,VTCDuBois-Ritalic.woff,4583da6d-1405-50a4-948e-1173111cb003
Google Drive,Tanvi Sharma,2021-06-25T13:51:06,VTCDuBois-LightRitalic.woff,f39f73ba-4c49-582e-ab84-01be46c67c2f
Google Drive,Tanvi Sharma,2021-06-25T13:51:06,VTCDuBois-RItalicNarrow.woff,509dfcc1-7efd-594a-8ce9-2eceb37479b7
Google Drive,Tanvi Sharma,2021-06-25T13:51:06,VTCDuBois-BoldRItalicNarrow.woff,81904fd3-418b-55a0-85ba-dfd39f741bd8
Google Drive,Tanvi Sharma,2021-06-25T13:51:07,VTCDuBois-BoldRitalicWide.woff,d691f135-59fa-50a8-a719-0d792a25b420
Google Drive,Tanvi Sharma,2021-06-25T13:51:07,VTCDuBois-LightRItalicWide.woff2,9bc01a2f-7dd1-5ac9-ad23-483899d9ab2d
Google Drive,Tanvi Sharma,2021-06-25T13:51:07,VTCDuBois-LightRItalicNarrow.woff2,49a754bd-11cc-5079-be21-c16f50e92c48
Google Drive,Tanvi Sharma,2021-06-25T13:51:08,VTCDuBois-RitalicWide.woff2,598814e5-b553-5a63-96e4-71484c5c726d
Google Drive,Tanvi Sharma,2021-06-25T13:51:08,VTCDuBois-BoldRitalic.woff2,70e74e30-885b-5e66-9020-3a82a37f1ceb
Google Drive,Tanvi Sharma,2021-06-25T13:51:08,VTCDuBois-LightRitalic.woff2,20c2783b-c484-5237-b7df-63ef8d105aaf
Google Drive,Tanvi Sharma,2021-06-25T13:51:09,VTCDuBois-RItalicNarrow.woff2,5843b600-f0a2-528b-83f4-3ea9603b5d8c
Google Drive,Tanvi Sharma,2021-06-25T13:51:09,VTCDuBois-Ritalic.woff2,370f392f-6d24-53ce-b505-047ad40384e3
Google Drive,Tanvi Sharma,2021-06-25T13:51:09,VTCDuBois-BoldRitalicWide.woff2,13b8be54-c269-5be0-98fe-53e95c108564
Google Drive,Tanvi Sharma,2021-06-25T13:51:09,VTCDuBois-BoldRItalicNarrow.woff2,c60f2def-b49b-56a5-91f6-52af4d66cb60
Google Drive,Tanvi Sharma,2021-06-25T13:55:04,VTCDuBois-LightNarrow.woff,93e7f2bf-abc8-5a3e-81a7-3dcddb975282
Google Drive,Tanvi Sharma,2021-06-25T13:55:05,VTCDuBois-Regular.woff,d0725a6d-bf8e-5f0b-82b4-8110e96f24c7
Google Drive,Tanvi Sharma,2021-06-25T13:55:05,VTCDuBois-LightWide.woff,e5cda59d-2dd7-580c-981d-36bca6c8c83f
Google Drive,Tanvi Sharma,2021-06-25T13:55:05,VTCDuBois-Bold.woff,0142e3e4-88e1-55ac-a5f4-9df15cf98c2a
Google Drive,Tanvi Sharma,2021-06-25T13:55:05,VTCDuBois-RegularNarrow.woff,7b03edb8-73a9-58b5-90dc-77c18331c0fe
Google Drive,Tanvi Sharma,2021-06-25T13:55:05,VTCDuBois-Light.woff,56d3aded-0178-521e-ae88-77cfed71d5ae
Google Drive,Tanvi Sharma,2021-06-25T13:55:06,VTCDuBois-RegularWide.woff,e9eb4974-745e-5ffe-a2f2-7419a5b0f7be
Google Drive,Tanvi Sharma,2021-06-25T13:55:06,VTCDuBois-BoldWide.woff,1985532d-75ab-5de5-a1f6-3b5e16850e8b
Google Drive,Tanvi Sharma,2021-06-25T13:55:07,VTCDuBois-BoldNarrow.woff,7e920bbc-78cb-54af-bac8-32e509ad2fd2
Google Drive,Tanvi Sharma,2021-06-25T13:55:08,VTCDuBois-LightNarrow.woff2,8579b133-1daf-5276-8f82-9e88d533ef58
Google Drive,Tanvi Sharma,2021-06-25T13:55:09,VTCDuBois-Regular.woff2,bd9333be-7d83-5535-8479-5c6af5e96e4e
Google Drive,Tanvi Sharma,2021-06-25T13:55:09,VTCDuBois-RegularNarrow.woff2,b140d5e2-9ea3-598c-baa6-c680551fd8c1
Google Drive,Tanvi Sharma,2021-06-25T13:55:09,VTCDuBois-Bold.woff2,d954ad8f-428b-5c05-89d6-2c1db56fc51a
Google Drive,Tanvi Sharma,2021-06-25T13:55:09,VTCDuBois-LightWide.woff2,58a4007d-dbab-59f1-b587-e2549ffae5e9
Google Drive,Tanvi Sharma,2021-06-25T13:55:09,VTCDuBois-Light.woff2,6afc0c5b-c974-5c3a-9c12-f742491d3969
Google Drive,Tanvi Sharma,2021-06-25T13:55:10,VTCDuBois-RegularWide.woff2,da26c0a7-0a46-5e52-a80c-062aa1e0eb2b
Google Drive,Tanvi Sharma,2021-06-25T13:55:10,VTCDuBois-BoldWide.woff2,3b379e44-46fb-5cdc-8405-6ba3de42382b
Google Drive,Tanvi Sharma,2021-06-25T13:55:10,VTCDuBois-BoldNarrow.woff2,435f5ba6-0965-5068-8565-d0e726bacc96
Figma,Tanvi Sharma,2021-06-25T14:24:00,Figma updates from Tanvi Sharma,e3ef6b25-bfc7-51d8-927e-2ebfffecfefd
Github,Dan Jutan,2021-06-25T15:47:33,parse out dashes',9f0f3b58-05e3-5693-a939-0a97dcd7d046
Github,Dan Jutan,2021-06-25T16:21:47,pair aligned groups into renderGroups,7fb446f2-f8dd-5e3b-8bd8-546cba0c8867
Github,Dan Jutan,2021-06-25T16:48:50,pass through attributes,6549b96e-7881-561b-928e-e1417af33d54
Github,Dan Jutan,2021-06-25T16:50:07,docs-renderer-vue2 0.1.2,a345dac2-e21b-51f9-9826-dceabac92e56
Github,Dan Jutan,2021-06-25T17:47:27,leaderfollowpair slots implementation,1607273a-8897-573d-acdc-e09e75bd5c4d
Github,Dan Jutan,2021-06-25T18:01:28,leaderfollowpair props instead of slots,6ff4b8db-5991-572f-9cc1-d8a8ece2150d
Github,Dan Jutan,2021-06-25T20:53:00,14 columns,3d5da707-3238-511b-936a-d866533bbc25
Github,Dan Jutan,2021-06-26T00:42:25,fix: accessing props/slots on definition without checking if they exist,b6cc7f42-8ba6-59ef-8d23-fbf3b8d11a62
Figma,Dan Jutan,2021-06-28T17:40:00,Figma updates from Dan Jutan,bf1d6d61-1020-5790-8302-4257b3f7b04d
Figma,Tanvi Sharma,2021-06-28T17:54:00,Figma updates from Tanvi Sharma,ae17f302-3087-5dd4-bb94-e951b09935ee
Github,Dan Jutan,2021-06-28T18:28:32,pullquote,e893fe74-cc02-5986-a0ff-49bb5e9cf23d
Figma,Dan Jutan,2021-06-28T18:41:00,Figma updates from Dan Jutan,86fecbb3-4eb5-580b-9913-fe91dfbcec24
Figma,Tanvi Sharma,2021-06-28T18:45:00,Figma updates from Tanvi Sharma,7e722974-dbbb-55f9-afb6-924c8ba90d47
Figma,Tanvi Sharma,2021-06-28T19:37:00,Figma updates from Tanvi Sharma,527db86d-cf64-5c8b-a799-b4985caca13b
Github,Dan Jutan,2021-06-28T20:41:22,ignoreCSS array,ca1ef11d-24b7-5ba3-ad1b-54ee83d2ada9
Figma,Tanvi Sharma,2021-06-29T01:21:00,Figma updates from Tanvi Sharma,7df5be92-8b0e-57d5-9abf-fb1aa30024de
Figma,Tanvi Sharma,2021-06-29T02:16:00,Figma updates from Tanvi Sharma,8d8b683d-27c7-5e7d-9f13-5344167b5e7f
Figma,Tanvi Sharma,2021-06-29T09:55:00,Figma updates from Tanvi Sharma,5f698a14-9fed-5eb0-97dd-10109b34c5f5
Figma,Dan Jutan,2021-06-29T10:26:00,Figma updates from Dan Jutan,05b00466-8b55-5a7d-ba26-235c16464d0d
Figma,Silas Munro,2021-06-29T10:58:00,Figma updates from Silas Munro,26ccbbb6-b34e-515a-ac43-929594db7024
Figma,Unknown,2021-06-29T11:15:00,Figma updates from Unknown,5e1d8d57-759b-517c-9c17-fc2b169e34fc
Figma,Tanvi Sharma,2021-06-29T11:56:00,Figma updates from Tanvi Sharma,550af3d7-2890-5803-ba10-934018f9849e
Figma,Tanvi Sharma,2021-06-29T17:50:00,Figma updates from Tanvi Sharma,90359eeb-3ad3-534e-9007-77613d6e7ec5
Figma,Tanvi Sharma,2021-06-29T18:00:00,Figma updates from Tanvi Sharma,29faa2d0-9778-5a4a-87a1-78e5edecf789
Github,Dan Jutan,2021-06-29T18:19:59,font setup,bb4231c8-2439-52a2-825a-98dba17019e7
Github,Dan Jutan,2021-06-29T19:58:02,slots file,02a177a4-865d-5d1d-ab4d-cf1f1bce605b
Figma,Silas Munro,2021-06-30T14:53:00,Figma updates from Silas Munro,4461f6f6-50bb-5909-8975-feca638205ab
Github,Dan Jutan,2021-06-30T16:10:59,system to easily add chapter slots,41f5824f-d72a-5eb7-b0e0-3e1a7ee0f6e2
Figma,Tanvi Sharma,2021-06-30T17:12:00,Figma updates from Tanvi Sharma,b8b977dd-3d63-54c9-b76e-4550376349af
Figma,Silas Munro,2021-06-30T17:16:00,Figma updates from Silas Munro,d3db318c-e39c-5167-bdc2-74272b3d0950
Figma,Tanvi Sharma,2021-06-30T19:06:00,Figma updates from Tanvi Sharma,3a7a879a-9561-5ac2-a1f9-cdf336098a62
Github,Dan Jutan,2021-06-30T23:28:33,fix peabody pullquote,75106df1-1bfd-5e98-94e6-ca918438bb6a
Github,Dan Jutan,2021-06-30T23:35:32,copy over Visualization mixin and MapScroller,d18a15ac-1ded-5f26-b85a-76f9524bed0c
Github,Dan Jutan,2021-06-30T23:45:29,mixins folder,4ee869c9-b1e8-5088-9468-b777d555dd09
Figma,Tanvi Sharma,2021-07-01T16:04:00,Figma updates from Tanvi Sharma,fb18686b-56dd-5995-aee0-f46b59b4b6ca
Github,Dan Jutan,2021-07-01T21:18:15,hover text,464f61f2-34d1-53fe-bb69-832cd447c329
Github,Dan Jutan,2021-07-01T23:04:13,"instead of using a mixin, components within ChapterLayout scope can access theme variables",9ecd7ed3-28bc-5628-8ab8-64c645b5be46
Figma,Tanvi Sharma,2021-07-02T01:12:00,Figma updates from Tanvi Sharma,24b12479-b8e4-5a53-b72d-e0c34d4fdd8a
Figma,Silas Munro,2021-07-02T01:23:00,Figma updates from Silas Munro,d2f9f453-6275-58c5-bceb-0aba09eae094
Github,Dan Jutan,2021-07-02T17:26:40,chapter state,a1112a79-7b1f-5abf-9552-2616fa18a0b2
Github,Dan Jutan,2021-07-02T18:02:16,104px columns,0c9f4cb3-369b-5688-b58d-7aa6e6120ca5
Figma,Tanvi Sharma,2021-07-02T20:16:00,Figma updates from Tanvi Sharma,18bd36c5-160e-597c-8dc3-69e2653d3ed3
Github,Dan Jutan,2021-07-02T20:24:27,DocRenderer count height on mounted,834d570c-e8a6-5cf8-baf0-34cd07e6e1a2
Google Drive,Dan Jutan,2021-07-03T00:17:11,CSS Grid Notes,cd07dd93-4134-5895-800b-f93ee2cfdf40
Github,Dan Jutan,2021-07-03T00:45:13,subgrid beginnings,8d4c15a1-4ced-5bd2-b9c0-81e7215a5bd3
Figma,Tanvi Sharma,2021-07-05T14:07:00,Figma updates from Tanvi Sharma,ac444376-f443-56a0-9407-5e829b9a241f
Figma,Tanvi Sharma,2021-07-05T16:44:00,Figma updates from Tanvi Sharma,57baaf9d-1e8c-55c3-b2eb-7fda4a9f3e52
Github,Dan Jutan,2021-07-05T19:00:02,footnote refs,96ddc7ba-9293-5a53-a01c-0cb1eefbff23
Github,Dan Jutan,2021-07-05T19:34:26,section title,a83e52a0-e583-51da-b20c-6615fc2c1626
Github,Dan Jutan,2021-07-05T19:37:55,small left margin on footnote refs,46852734-6477-5947-b38e-0eff8f5bb475
Github,Dan Jutan,2021-07-05T20:32:34,defaultTable setup,08d78664-8f6b-5ca5-83eb-f6592d12c591
Github,Dan Jutan,2021-07-05T22:25:45,initial table implementation,478bd1ad-a2d6-5a8f-8ca0-7845da054bb7
Github,Dan Jutan,2021-07-05T22:40:47,working table implementation,850d9485-dc73-59d2-b917-53c0783acc88
Github,Dan Jutan,2021-07-05T22:42:24,up version,ba992d62-df61-51ff-b046-1537ecef07e6
Github,Dan Jutan,2021-07-05T22:42:55,fix merge,e9876199-a3ef-5386-8c6f-372c95a8db9a
Github,Dan Jutan,2021-07-05T22:43:45,remove unused computed,7029ad75-c8ee-5581-b496-c969bf7b45b0
Github,Dan Jutan,2021-07-05T22:48:49,remove console log,b3dbef2d-0e67-5549-a7d8-bfe27e44e991
Github,Dan Jutan,2021-07-05T22:50:51,0.1.6,95fa96f0-e6a4-5fbe-9c3e-c0e00d38ee6d
Github,Dan Jutan,2021-07-06T03:31:32,dots for nonexistant table entries,5d214910-6be4-536c-a110-44762b833143
Github,Dan Jutan,2021-07-06T03:34:59,exports file,e4552a86-ce8a-50c8-b937-e3869555a87e
Github,Dan Jutan,2021-07-06T03:44:50,fix exports,7d67ae58-a13e-520f-9045-cacdb59e1b6a
Github,Dan Jutan,2021-07-06T15:26:17,captioned component,29b6a4d6-0b60-5af7-8a3b-7504056da131
Github,Dan Jutan,2021-07-06T15:59:34,docs-inclusions folder,ded99bc5-927d-5b4c-8ae7-30e9584d90aa
Figma,Tanvi Sharma,2021-07-07T11:57:00,Figma updates from Tanvi Sharma,7c8e43c2-e113-5378-bf00-38084ea8bedf
Github,Dan Jutan,2021-07-07T13:33:29,slotDefs is in array of name checkers,83bae717-46ee-5d14-92ff-3818e0aed217
Github,Dan Jutan,2021-07-07T13:34:19,there's no harm in passing a default slot even if one doesn't exist,d186603a-f4f4-51fd-816e-c9ba9a93eab9
Github,Dan Jutan,2021-07-07T13:43:58,update example,80c316a1-a3d0-5543-a278-e5ff308c3654
Github,Dan Jutan,2021-07-07T13:44:45,Merge pull request #1 from Jutanium/flexible-slotsFlexible slots,182fbf05-8793-5823-b4f4-dc7fe0e55b5d
Github,Dan Jutan,2021-07-07T13:46:03,google-docs-components 1.0.6,2f66ecd7-fae3-530f-9a28-15d780cc51ee
Github,Dan Jutan,2021-07-07T14:17:41,case insensitivity slot fix,c49afd39-a1b5-57d9-80df-454c99378906
Github,Dan Jutan,2021-07-07T14:38:30,image component,d5dd1947-4ecc-5a97-820e-a00f851bbc7b
Github,Dan Jutan,2021-07-07T14:42:18,center grid,47639722-470a-52cb-a2d8-d2b4f6c7fcbe
Github,Dan Jutan,2021-07-08T19:50:37,processTable cleanup; componentsFromDoc doesn't have to make the table,7fc48d79-386e-5ce8-b8ea-4d7119a86abf
Github,Dan Jutan,2021-07-09T01:41:07,className is added if specified,fb2dfa6a-6d60-58cc-a000-5a94db0c547c
Github,Dan Jutan,2021-07-09T03:43:58,cut out class row,578c0b25-be7e-5831-b622-821c1572701d
Github,Dan Jutan,2021-07-09T03:46:39,vue renderer adds class,45ecaf48-1579-5214-84bd-d8660e83c353
Github,Dan Jutan,2021-07-09T03:47:50,Merge pull request #2 from Jutanium/class-propAllow adding class name to table/component - turn on through config,6422107b-22cc-5dcd-a9d4-57c4adb7c401
Github,Dan Jutan,2021-07-09T12:11:51,versions up,962c653f-e2f3-5b34-9013-31afb83d60d9
Github,Dan Jutan,2021-07-11T02:06:39,scrollytell setup,7930bf84-eb96-563f-8d48-41c814d2a1db
Github,Dan Jutan,2021-07-11T02:21:45,latest versions of docs-cms,a162ca9c-c13e-5be8-b707-39484d19c3c8
Github,Dan Jutan,2021-07-11T03:00:51,properly import gsap,b123bbce-938e-5dd9-b9ea-27f13be43e1a
Figma,Dan Jutan,2021-07-11T13:19:00,Figma updates from Dan Jutan,3d034dd1-7dc1-5206-af5b-6c127b8a63b0
Github,Dan Jutan,2021-07-11T16:14:38,scrollytell gsap setup,c65a07e6-493c-5303-a4c2-893cd926c508
Github,Dan Jutan,2021-07-11T17:54:02,navbar,33695d37-0922-55a3-88cf-a40244362db1
Github,Dan Jutan,2021-07-11T22:42:17,navbar opacity transition,9a4966fd-ac47-570a-8900-d1f383a9b040
Github,Dan Jutan,2021-07-12T00:12:56,leaderfollower works,a055c514-3c8e-573a-ba5f-dd32749f4ec6
Github,Dan Jutan,2021-07-12T01:37:28,tweaks and footer outline,4b575952-367d-54a4-b0ae-e734fb5e2035
Github,Dan Jutan,2021-07-12T01:54:49,site nav,3958b999-1ba1-56bc-a1e4-22d1ac4eb7b2
Figma,Tanvi Sharma,2021-07-12T10:02:00,Figma updates from Tanvi Sharma,2f8639d0-c478-5fd1-bd9f-4437ce08dd9e
Figma,Dan Jutan,2021-07-12T10:34:00,Figma updates from Dan Jutan,84ef2337-5e94-5a6a-84ef-e48c6037a8ea
Figma,Tanvi Sharma,2021-07-12T10:56:00,Figma updates from Tanvi Sharma,180dcb7e-743a-57d6-a32e-f85926d0cc0a
Figma,Tanvi Sharma,2021-07-12T11:27:00,Figma updates from Tanvi Sharma,2247a8c7-b4d8-5ef9-9914-c4221cb38a56
Figma,Dan Jutan,2021-07-12T12:24:00,Figma updates from Dan Jutan,9081dfad-427f-5a4e-9dcd-3f4c586a855e
Figma,Tanvi Sharma,2021-07-12T15:12:00,Figma updates from Tanvi Sharma,13ca887a-3ba4-5811-af4d-57cd8e906f8e
Google Drive,Lauren Klein,2021-07-12T15:59:42,PolyMode Open Issues - July 12 2020,9a69b143-4b88-56a2-b42b-8a0e6bc7ff39
Figma,Tanvi Sharma,2021-07-13T10:12:00,Figma updates from Tanvi Sharma,2c5cc2a8-a31d-52f5-beb1-fbda53a94a7c
Figma,Silas Munro,2021-07-13T12:30:00,Figma updates from Silas Munro,e7e97105-98d4-5c3b-bf1f-b150e3330aaf
Figma,Tanvi Sharma,2021-07-13T17:09:00,Figma updates from Tanvi Sharma,36faad2f-390d-58ad-bc60-4ae757506e36
Figma,Silas Munro,2021-07-13T17:41:00,Figma updates from Silas Munro,624fc61b-a42a-5fa5-baf0-85b754fb97e0
Figma,Tanvi Sharma,2021-07-13T17:53:00,Figma updates from Tanvi Sharma,9228f13e-f799-50cb-a763-8249242fa8b2
Figma,Silas Munro,2021-07-13T18:21:00,Figma updates from Silas Munro,c3e1777a-981f-5969-81d4-2a121b04a040
Github,Dan Jutan,2021-07-13T19:57:06,frontpage top grid setup,2497b737-6088-5efb-98be-0ce5fa949cf1
Github,Dan Jutan,2021-07-13T20:15:43,"caption width: If image width is smaller than 416px, match that",b0b95b70-d8da-5f7c-928e-e8867c58f347
Figma,Tanvi Sharma,2021-07-14T11:00:00,Figma updates from Tanvi Sharma,18a93b97-f714-5c11-a012-738ffe9efc4b
Figma,Dan Jutan,2021-07-14T11:34:00,Figma updates from Dan Jutan,785b4ffa-5bbd-528e-bf33-4366eeb15da0
Figma,Jianing Fu,2021-07-14T12:01:00,Figma updates from Jianing Fu,76f6e1da-8e88-5fe2-a3cd-d49cbccd6a85
Figma,Lauren Klein,2021-07-14T13:27:00,Figma updates from Lauren Klein,66d4b200-d3f1-5390-8223-103b259624a0
Figma,Tanvi Sharma,2021-07-14T16:46:00,Figma updates from Tanvi Sharma,0d4111c7-f66c-57b1-af03-5adb21855c86
Figma,Tanvi Sharma,2021-07-14T17:06:00,Figma updates from Tanvi Sharma,d311184d-62f5-53c0-b5f0-0f2d266c5bdd
Figma,Tanvi Sharma,2021-07-15T12:46:00,Figma updates from Tanvi Sharma,48d81669-d675-5ff1-99f4-c9056ca768fc
Figma,Jianing Fu,2021-07-15T13:14:00,Figma updates from Jianing Fu,a1a59332-d173-5d0f-99fe-5731a151ceff
Figma,Dan Jutan,2021-07-15T14:55:00,Figma updates from Dan Jutan,f367b132-1ff1-58dd-8dee-95faf2e96d96
Github,Dan Jutan,2021-07-15T17:37:09,commit before branch,7826e9a5-c41e-5696-b407-57d6dd76e0c6
Github,Dan Jutan,2021-07-15T17:50:15,install tailwind,6ed4a0fc-a21e-5346-9370-993879fc2247
Github,Dan Jutan,2021-07-15T18:20:51,convert chaptertitle to tailwind,8963b8f5-75e2-55ee-8eb8-52d0b40820c2
Github,Dan Jutan,2021-07-18T03:01:27,tailwind grid,2045c59e-b7e4-513f-8674-63975ec18043
Figma,Tanvi Sharma,2021-07-18T11:22:00,Figma updates from Tanvi Sharma,f0de7c84-c640-5f90-aa06-aeb09f796bee
Github,Dan Jutan,2021-07-18T15:09:27,10 column mode for leader follower,d3077cef-d821-5fef-8fc9-42882051de41
Github,Dan Jutan,2021-07-18T15:15:23,put a max width on the layout,63fc77f9-55c1-5a3e-b665-be7b0c8ab6bb
Figma,Dan Jutan,2021-07-19T16:54:00,Figma updates from Dan Jutan,887d5814-c8e4-508b-b22f-effccbc2ea5e
Github,Dan Jutan,2021-07-19T21:44:21,"fix color issue (extend, don't replace in tailwind.config)",f87d1b35-bf31-51b8-b4ad-7a4e956c2e11
Github,Dan Jutan,2021-07-20T20:41:09,breakpoint plugin,9782f3f2-0382-5882-84b2-dcab48fe6499
Github,Dan Jutan,2021-07-21T02:24:27,breakpoints array,f024acf4-a07b-5515-b087-9670d15ff1b6
Figma,Tanvi Sharma,2021-07-21T17:10:00,Figma updates from Tanvi Sharma,ceedf6d4-4842-5b0b-bb21-678ac3c6eb8b
Github,Dan Jutan,2021-07-21T19:16:54,"import vue components as .vue (did this to try Vite, which didn't work out)",6b659ae7-40ec-5676-ad42-daac87ace3b7
Github,Dan Jutan,2021-07-21T19:32:13,responsive pullquote,bda636a5-1275-5f2a-991a-f63b17d328ee
Github,Dan Jutan,2021-07-21T19:43:04,turn off component auto import for speed boost,aeb6fced-8f0d-5f88-a800-f07e59818c81
Github,Dan Jutan,2021-07-21T20:12:48,ability to add classes to elements,c5369761-eae2-554d-9677-cbe610e1ec93
Github,Dan Jutan,2021-07-21T21:33:57,remove console log,980d101e-3587-5911-91f7-e0c9c0e00cba
Github,Dan Jutan,2021-07-21T21:54:20,fixed paragraph styling,ff366e6d-a0a7-5307-8b68-7b5e38528b03
Github,Dan Jutan,2021-07-21T22:11:53,improved responsive section titles,d9b13d59-0de4-5cc0-ad09-5ddf0e845f57
Github,Dan Jutan,2021-07-22T18:02:29,moveborder fix',43b87896-e098-598b-a547-91bbe61a2434
Github,Dan Jutan,2021-07-22T18:59:36,initial chapternav mobile setup,594295d9-8962-5cc2-8d49-35e93fb17681
Github,Dan Jutan,2021-07-22T20:38:02,extract rendergroup logic,5b2adc36-ece6-531d-ab64-000eda4f9aaa
Figma,Tanvi Sharma,2021-07-23T17:16:00,Figma updates from Tanvi Sharma,7cb310fc-c425-56d0-9cff-cadccf93388f
Figma,Dan Jutan,2021-07-23T17:22:00,Figma updates from Dan Jutan,3a2a08b2-b808-509c-87e5-4eb1899b3675
Github,Dan Jutan,2021-07-23T17:34:47,initial chapter mobile setup,94e09452-fbe2-5453-b869-55ceb3297d71
Github,Dan Jutan,2021-07-23T19:28:51,"title, footer, pullquote mobile tweaks",e806dd52-2cb3-5006-af4f-c3ff288963ff
Github,Dan Jutan,2021-07-23T21:29:40,section state fix,6404f579-f1cb-54d5-9561-dba6a2b215cd
Figma,Jianing Fu,2021-07-27T11:06:00,Figma updates from Jianing Fu,99d38ff2-dac3-5252-a661-c583bc97660c
Figma,Tanvi Sharma,2021-07-27T11:59:00,Figma updates from Tanvi Sharma,0943719e-a467-5e0b-bd32-88cdfccf2581
Figma,Tanvi Sharma,2021-07-27T12:16:00,Figma updates from Tanvi Sharma,dd48c50e-c46a-50f5-83b3-92ff480dee62
Figma,Silas Munro,2021-07-28T19:11:00,Figma updates from Silas Munro,de91aa67-c730-519e-a464-f0eae64f4bca
Figma,Tanvi Sharma,2021-07-28T19:44:00,Figma updates from Tanvi Sharma,05cc65ce-199d-5c15-bebc-6aaca0c28f71
Figma,Tanvi Sharma,2021-07-28T20:15:00,Figma updates from Tanvi Sharma,21c4ef83-fc2d-5f84-b466-99c220e6a2be
Figma,Tanvi Sharma,2021-07-28T20:47:00,Figma updates from Tanvi Sharma,44f4d37f-8a4a-53f0-a57a-b70e1a99e548
Figma,Tanvi Sharma,2021-07-28T21:08:00,Figma updates from Tanvi Sharma,0660f6b8-7bcc-5f85-a80a-d5686b10cd7d
Figma,Tanvi Sharma,2021-07-28T21:52:00,Figma updates from Tanvi Sharma,0444a127-e02f-5e6f-9c84-b36c6f50390e
Github,Dan Jutan,2021-08-02T17:36:10,mobile layout now renders full section,c39c9c1c-4417-5f58-acdc-bd6610b36728
Github,Dan Jutan,2021-08-02T17:36:45,Merge pull request #1 from EmoryDHLab/responsive-layoutResponsive layout,2ebbb95d-c6a6-5360-83b8-11cd044de0f1
Github,Dan Jutan,2021-08-03T02:25:44,mobile section nav,4977e925-0554-57e0-839e-ade39c32de49
Github,Dan Jutan,2021-08-03T02:29:53,add gap to doc renderer table,0c7bc1cd-e21f-5bb5-ad02-7ee30f6ab7a3
iCalendar,Everyone,2021-08-03T15:30:00,DxD mtg,fb0c537d-49ed-5aff-ab68-a340caf5de03
Github,Dan Jutan,2021-08-03T20:20:46,"full screen, non-collect scrollytell",30644fbf-4e6d-5154-99a3-7f06ff5ee702
Google Drive,Tanvi Sharma,2021-08-04T00:29:47,.DS_Store,000f3bec-606f-5895-bc2d-b793334a8b7e
Google Drive,Tanvi Sharma,2021-08-04T00:30:54,VTCDuBoisTrial-Light.ttf,ce8fb938-5740-5cd1-af49-48e2c1daa189
Google Drive,Tanvi Sharma,2021-08-04T00:30:54,VTCDuBoisTrial-BoldWide.ttf,306442fe-4a3c-5bca-9f1f-643c752d789b
Google Drive,Tanvi Sharma,2021-08-04T00:30:54,VTCDuBoisTrial-Regular.ttf,ff3a9105-06ce-50be-8bb5-9444ff5135b3
Google Drive,Tanvi Sharma,2021-08-04T00:30:54,VTCDuBoisTrial-LightNarrow.ttf,100428c7-e26f-5f31-a853-4befe18309fa
Google Drive,Tanvi Sharma,2021-08-04T00:30:54,VTCDuBoisTrial-LightWide.ttf,499b72ab-6d05-5040-a658-0451769e0bfb
Google Drive,Tanvi Sharma,2021-08-04T00:30:55,VTCDuBoisTrial-RegularWide.ttf,08fad057-719f-52af-be9b-2484f5a9ba11
Google Drive,Tanvi Sharma,2021-08-04T00:30:55,VTCDuBoisTrial-Bold.ttf,f9abc348-d027-5fce-a6a3-229c8a4a7bb3
Google Drive,Tanvi Sharma,2021-08-04T00:30:55,VTCDuBoisTrial-BoldNarrow.ttf,74d77adb-5afa-5d83-a6d4-37caae4ea720
Google Drive,Tanvi Sharma,2021-08-04T00:30:55,VTCDuBoisTrial-RegularNarrow.ttf,3ed8c4ff-c56f-57c6-852b-42dc6f5e9e97
Figma,Silas Munro,2021-08-04T13:51:00,Figma updates from Silas Munro,77abd157-9a14-5f7a-9404-b50debc0d938
Figma,Tanvi Sharma,2021-08-04T13:58:00,Figma updates from Tanvi Sharma,c8151503-0803-5cbd-b7b5-970d8b011e3d
Github,Dan Jutan,2021-08-04T15:19:09,scrollytell collect works,cca20ebf-f465-5aef-a1d1-22bce50807c0
Github,Dan Jutan,2021-08-05T00:08:16,scroll snap,d580d8f2-8a09-5cfe-be6b-8b47aceefcaf
Figma,Tanvi Sharma,2021-08-05T16:41:00,Figma updates from Tanvi Sharma,23ceff3b-de67-5253-8bf4-e7667fd4b49c
Github,Dan Jutan,2021-08-05T16:59:50,scroll snap works nicely when entering/leaving the scrollytell,da665ad3-954c-5c78-aec7-44bd4988b744
Github,Dan Jutan,2021-08-05T17:02:55,"for now, don't scroll snap with collect",a839aea4-8556-5368-9daf-97d85f27867a
Github,Dan Jutan,2021-08-05T18:52:25,mobile scrollytell setup,0469a98a-d60e-5f3f-8912-b315c0f962ff
Github,Dan Jutan,2021-08-05T18:57:25,install icons,93716f67-d0d3-56f0-8ffc-b335d9cd8291
Github,Dan Jutan,2021-08-05T20:05:25,more mobile scrollytell,8e9dacb3-ce66-5f99-8bbb-5e6fc9da8aec
Github,Dan Jutan,2021-08-06T13:38:00,unified before/after scrollsnap,8798d7ee-5665-5089-b566-f62990551193
Github,Dan Jutan,2021-08-08T03:41:48,scroll snap adjustments,ec8604b1-4698-5576-81db-b4150140a2cc
Github,Dan Jutan,2021-08-11T18:33:01,serve datasets,46dd8571-b3f0-51b0-9963-6592f42fc9d3
Github,Dan Jutan,2021-08-11T22:55:31,start new mapscroller,b701bbef-39ec-5754-8d54-3a4de20343a8
Github,Dan Jutan,2021-08-12T03:32:08,use gsap for mapscroller animation; scale nicely to container,8fc5f63a-1346-58f8-8081-66e222c57597
Github,Dan Jutan,2021-08-12T12:54:22,mapscroller controlled animation option,011b5f93-adcb-5b5e-936f-3b795bcbdc0f
Figma,Tanvi Sharma,2021-08-12T13:02:00,Figma updates from Tanvi Sharma,ac321655-8cef-5b94-bb4a-c8cb48b9e3b9
Github,Dan Jutan,2021-08-12T16:09:41,mapscroller resting point,1bd715ce-7738-5e64-8e7e-b05970552f9a
Github,Dan Jutan,2021-08-13T16:38:23,static data HOC,e18e1a7e-2f52-5eda-a844-6fd53d3fe4f1
Github,Lauren Klein,2021-08-13T17:25:39,Added image of blank charts,69e004b3-564b-5b3c-9ac1-1b62b1f487eb
Github,Lauren Klein,2021-08-13T18:39:23,Added Clarke images,2ec139f3-fed3-597c-822f-ed57c0ceab9d
Github,Dan Jutan,2021-08-13T21:49:29,layout adjustments,403a7571-ab70-5ca3-93f8-92d89dfa332f
iCalendar,Everyone,2021-08-17T15:30:00,DxD mtg,ae13a61f-80fe-5d6d-bf0a-6ce4d8fb6b41
Github,Lauren Klein,2021-08-27T13:24:36,Adding first batch of Playfair images,1e22c083-0d22-5d91-ac42-06742830cb6a
Github,Lauren Klein,2021-08-27T13:29:11,Second batch of Playfair images,257c30ad-2749-599c-a6ce-9cdcc5e76eea
Github,Lauren Klein,2021-08-27T14:00:44,Final (for now) batch of Playfair images,5a18bf61-669a-5bea-bcfd-60e79dfcd900
Github,Lauren Klein,2021-08-27T14:01:40,Fixed Jevons filename,a3c22e85-5f36-5a53-963b-2e6f4e860c9d
Figma,Tanvi Sharma,2021-09-13T14:35:00,Figma updates from Tanvi Sharma,217e04fb-6692-5732-9723-829d7e0f137c
Figma,Tanvi Sharma,2021-09-13T15:05:00,Figma updates from Tanvi Sharma,9c4660a6-077a-57cd-adf8-ef278903bf0a
iCalendar,Everyone,2021-09-13T19:30:00,DxD weekly meeting,adf54e23-1543-566b-a19b-6f29206022a1
iCalendar,Everyone,2021-09-17T16:00:00,DxD / Du Bois visualizations,55152856-40f0-56be-8f15-9f6c9c5c24a9
Figma,Tanvi Sharma,2021-09-17T16:35:00,Figma updates from Tanvi Sharma,17c5161c-592a-5594-9acf-de484afbf14c
iCalendar,Everyone,2021-09-17T17:00:00,DxD / Du Bois visualizations,d4a1fe78-af3b-5184-b74d-2d259f931a72
Github,Dan Jutan,2021-09-19T12:06:44,blockquote scaffolding,f799882f-0340-50db-973c-6d9aedab70f5
Github,Dan Jutan,2021-09-20T01:30:35,use environment keys instead of docsconfig,f54492a3-9762-5ecf-84ed-13a359f3c0bd
Github,Dan Jutan,2021-09-20T01:49:30,generate routes,05bafa91-34f9-5de4-a4db-15f19591ba47
Github,Dan Jutan,2021-09-20T13:04:26,base64 private key option; upper case env,c6681985-1a3d-5945-8a8c-4921a81762f8
Github,Dan Jutan,2021-09-20T13:05:16,delete accidental image files,3a4da695-00d0-5c17-9f68-c4589f34b37f
Figma,Tanvi Sharma,2021-09-20T14:36:00,Figma updates from Tanvi Sharma,ae7e1e8b-fed8-5a68-80c6-dbeab7831570
Figma,Silas Munro,2021-09-20T15:13:00,Figma updates from Silas Munro,ab87180f-ecb1-5672-829b-0d4d5d805472
Figma,Tanvi Sharma,2021-09-20T15:26:00,Figma updates from Tanvi Sharma,9dcb9f91-9ccb-5cda-887f-d1197f4311e7
Figma,Tanvi Sharma,2021-09-23T17:08:00,Figma updates from Tanvi Sharma,61f323dc-34f9-5e5e-9dc8-0a16c0c0c93f
Google Drive,Lauren Klein,2021-09-27T14:40:10,DxD Software Engineer Fall 2021,f92a8916-806c-533f-82c3-a1a5d6560511
iCalendar,Everyone,2021-09-28T20:00:00,DxD weekly meeting,7e746029-347e-52f7-9a81-49dd3c9dc368
Github,Dan Jutan,2021-10-04T14:01:22,add gitpod file,d097af27-f77a-56c7-9a49-4a17080e6849
iCalendar,Everyone,2021-10-04T19:30:00,DxD weekly meeting,1f5a1474-fd69-5a3c-a1f0-d2f9abdc043a
Github,Dan Jutan,2021-10-05T17:18:20,use webpack context to automatically find docs definitions,93d23355-d70b-5f13-a560-152d792b23f0
Github,Dan Jutan,2021-10-06T01:46:14,replace global docs-inclusions file with automatic component loading,0fee24cf-08f2-52e0-af9d-e41f635d3cb4
Github,Jianing Fu,2021-10-07T05:33:04,init commit,747c86b4-d186-52f2-94af-cd566cc7c8ad
Figma,Tanvi Sharma,2021-10-07T16:43:00,Figma updates from Tanvi Sharma,930d40c8-7ee9-5b5d-bae3-baaa5f4c89a2
Figma,Tanvi Sharma,2021-10-07T17:14:00,Figma updates from Tanvi Sharma,a63bb801-d07f-56e7-b91a-388318b5ab6a
Figma,Tanvi Sharma,2021-10-07T17:24:00,Figma updates from Tanvi Sharma,2411805a-8686-5b10-8705-675157d5d648
Figma,Tanvi Sharma,2021-10-07T19:06:00,Figma updates from Tanvi Sharma,72e0d9ca-80da-550a-b635-ec61927b59f8
Github,Jianing Fu,2021-10-08T00:09:04,add footnote,41e56e4c-0ed9-51c4-8472-b0e3f847d090
Github,Dan Jutan,2021-10-08T02:52:18,Chapter components exporting setup,e51baf86-bfbe-55e8-8075-d41f82f76087
Github,Dan Jutan,2021-10-08T18:30:23,begin component loading setup,a9aa0a8a-0b06-55ea-b915-05cc150f9edb
iCalendar,Everyone,2021-10-11T19:30:00,DxD weekly meeting,18deb331-ce22-591e-8747-49bb400398a2
Github,Dan Jutan,2021-10-15T00:06:57,add more useful debugging information,fc82fe7b-784b-5c0d-8ad1-23c52d893b98
Github,Dan Jutan,2021-10-15T00:08:16,up vue2 package version (remove bad console.log),a797857e-1c1d-50e2-a1eb-e0fa7e1be925
Github,Dan Jutan,2021-10-15T01:31:47,"properly load components, once",7d337b13-57e6-53cd-b614-3b24adbd935f
Github,Dan Jutan,2021-10-16T01:12:55,use props instead of injecting metadata,58303858-638a-5aac-ac2d-42d142ec9429
Figma,Tanvi Sharma,2021-10-17T20:47:00,Figma updates from Tanvi Sharma,cdfa84cb-2fbe-5d30-a658-1940fd7bf8a7
Figma,Dan Jutan,2021-10-17T21:23:00,Figma updates from Dan Jutan,f48cb169-b648-5950-9506-02ef016e975b
Figma,Tanvi Sharma,2021-10-17T21:32:00,Figma updates from Tanvi Sharma,31b71da6-7435-587e-81c3-c9ef81bc2a96
Github,Dan Jutan,2021-10-18T12:57:02,sandbox chapter,4f8e65c2-9eb8-571b-a3e5-dc8ddfe05a89
Figma,Dan Jutan,2021-10-19T12:19:00,Figma updates from Dan Jutan,825937dd-bae7-5586-98cb-28dbe29b76ed
Github,Dan Jutan,2021-10-19T16:27:54,middle-full and middle-text classes,eac72476-22e3-54f9-aabd-e2112580fc67
Github,Dan Jutan,2021-10-21T20:03:52,fix static generation routes,371bd0b8-1595-5f08-b886-30bfc316800d
Figma,Tanvi Sharma,2021-10-21T20:34:00,Figma updates from Tanvi Sharma,302ac98a-8583-5d95-9465-bbcec2d9c3b6
Github,Dan Jutan,2021-10-21T20:59:36,fix yalc,63565bf0-b683-5a3a-85c8-ce212c05f916
Github,Jianing Fu,2021-10-22T01:15:04,footer in tailwind,935c4646-ae8e-5f5e-b058-826d26744813
Github,Dan Jutan,2021-10-22T01:20:42,Merge pull request #4 from EmoryDHLab/architecture-fixesArchitecture Fixes,f2e08021-d9b6-5136-be6e-6a9e71e02f5c
Github,Dan Jutan,2021-10-22T01:28:56,fix merge conflict; imports,98b87258-b88c-5dd7-9b90-a9d6f6f65421
Github,Dan Jutan,2021-10-22T13:40:53,fix breakpoint ssr bug,4a0bde71-927e-57b3-9b0d-e29be5246cc8
Github,Dan Jutan,2021-10-24T18:25:11,more meaningful page component structure,7d975f6c-d170-5f2c-b229-1db4226f123a
Github,Dan Jutan,2021-10-24T18:25:44,Merge pull request #5 from EmoryDHLab/component-orgmore meaningful page component structure,7b1dd9e9-bd61-529e-b6d3-3c6de00381ec
iCalendar,Everyone,2021-10-25T19:30:00,DxD weekly meeting,adc8041b-cd7f-5404-a3a5-497c4230064a
Github,Jianing Fu,2021-10-29T01:27:55,"title in tailwind, add chapter cards templ",8843c8d7-d79d-5ce4-93a2-8aeb00887f60
Figma,Tanvi Sharma,2021-10-31T16:47:00,Figma updates from Tanvi Sharma,74bdcbb7-084a-5806-b327-bea89bf24a8f
Figma,Dan Jutan,2021-10-31T21:31:00,Figma updates from Dan Jutan,94298744-369f-5375-a6b2-e7d69a207410
Github,Dan Jutan,2021-11-01T00:32:10,"Merge pull request #6 from EmoryDHLab/homepagetitle in tailwind, add chapter cards templates",72e0674f-7905-5759-babf-05cfa10bfef3
Github,Dan Jutan,2021-11-01T00:37:28,remove unused homepage styles,dfdb33a1-c7ed-52a1-af0c-ce4c398f558e
Github,Dan Jutan,2021-11-01T03:22:01,test slot,e6135e19-7fbc-5e81-b971-9148a4a35222
iCalendar,Everyone,2021-11-01T19:30:00,DxD weekly meeting,ef29c1f6-3876-59db-b61d-57582a1274e9
Figma,Dan Jutan,2021-11-02T17:23:00,Figma updates from Dan Jutan,72c4a17f-b7ae-5e1e-af32-17d81efba144
Github,Dan Jutan,2021-11-03T20:42:32,resizable peabody-grid,303b87d5-3656-55a4-8fbc-e4e52b178230
Github,Anna Mola,2021-11-04T19:35:33,start nav refactor,c216a2b6-69a6-5bdf-8712-4894144b024d
Github,Dan Jutan,2021-11-06T03:44:50,year square tailwind,a38eef8c-5c93-5f5f-a080-e58eed47e9e6
Figma,Tanvi Sharma,2021-11-06T14:30:00,Figma updates from Tanvi Sharma,4c80b8eb-f86f-5928-94c8-eabbef5f1016
Github,Dan Jutan,2021-11-07T03:17:09,work with env variables instead of docsconfig,33e642c7-1ae0-5497-b19b-8edba96b4905
Github,Dan Jutan,2021-11-07T03:47:46,split eventkey into two components,7359d52f-8f14-529f-848b-271ddec754f9
iCalendar,Everyone,2021-11-08T20:30:00,DxD weekly meeting,a1d43674-9bc7-502f-8497-b1c87d9fd990
Github,Anna Mola,2021-11-11T01:29:33,navbar is functional,ab0a4653-4a33-5a7c-8749-f222756fe182
Github,Anna Mola,2021-11-11T02:35:51,font change,e3b88404-71c5-57ac-bcde-578a966981cd
Github,Dan Jutan,2021-11-11T18:08:58,Scrollytell stuff,c2993c8c-73ea-5197-844a-f2cd43d7a17f
Github,Dan Jutan,2021-11-11T18:15:06,divide border,09b946b6-a67d-56f1-b04f-8d2a7278b6f7
Github,Dan Jutan,2021-11-11T18:19:39,add top distance,481d4981-43b0-5778-a06c-33b1c39fc91c
Github,Dan Jutan,2021-11-11T18:19:57,Merge branch 'site-nav' into peabody-components,6e649880-2432-567d-afb4-3c050a5af237
Github,Jianing Fu,2021-11-12T07:33:33,homepage chapter cards grid,adc1e45b-9c69-5041-9586-5997eaad261d
Figma,Tanvi Sharma,2021-11-12T12:29:00,Figma updates from Tanvi Sharma,c3d1b13f-9dc0-5078-93cb-a3d7af2065f9
Google Drive,Dan Jutan,2021-11-12T18:49:57,Visualizations in Vue,6e35a3e2-5395-5dfd-a0c8-315d3d5e449c
Google Drive,Zhou Fang,2021-11-15T16:58:17,863.jpeg,bb4ae62c-e016-53bb-86e8-7f5bdfd4d2ff
Google Drive,Zhou Fang,2021-11-15T17:10:11,864.jpeg,64c8c7dd-aa8f-592e-a093-827a5f7d7a68
Google Drive,Zhou Fang,2021-11-15T17:10:12,865.jpeg,4437788c-a66b-58d8-b693-93a94432f7f4
Google Drive,Zhou Fang,2021-11-15T17:10:12,866.jpeg,d51458e7-a0d1-582c-8d70-812625ae5bf9
Google Drive,Zhou Fang,2021-11-15T17:10:13,869.jpeg,96105dbc-4505-5bc5-b77e-10006e0049da
Google Drive,Zhou Fang,2021-11-15T17:10:13,870.jpeg,03a9c30a-ccd6-5411-b841-57ee62a07db1
Google Drive,Zhou Fang,2021-11-15T17:10:13,868.jpeg,78c420ae-b72e-5f46-9bd5-1ca228eaf5fa
Google Drive,Zhou Fang,2021-11-15T17:10:13,867.jpeg,4f96e5b6-8351-5db7-a73b-9695524076c4
Google Drive,Zhou Fang,2021-11-15T17:10:14,871.jpeg,86fb7982-70e3-5b50-8297-2552c017226b
Google Drive,Zhou Fang,2021-11-15T17:10:14,872.jpeg,676a6aab-1c6c-5bd2-a3e3-0b9c83979fb0
Google Drive,Zhou Fang,2021-11-15T17:10:15,873.jpeg,2d50561b-451f-53ec-a21b-242b5f24e945
Google Drive,Zhou Fang,2021-11-15T17:10:15,874.jpeg,952d27dc-0dfe-5989-b2c5-8a7fd826226e
Google Drive,Zhou Fang,2021-11-15T17:10:16,877.jpeg,2b8246a1-2ada-51e5-a47d-3b00f49e79e2
Google Drive,Zhou Fang,2021-11-15T17:10:16,876.jpeg,c54a54b4-9e71-5cd5-b757-138b4e877ec5
Google Drive,Zhou Fang,2021-11-15T17:10:16,875.jpeg,d75faf4b-bea7-5601-afb0-cb357a79fb63
Google Drive,Zhou Fang,2021-11-15T17:10:17,878.jpeg,c3c54bfe-2d3d-5c62-ad64-0a2d2e988c10
Google Drive,Zhou Fang,2021-11-15T17:10:18,880.jpeg,1403a835-06b8-546e-8886-a9c8aeec0065
Google Drive,Zhou Fang,2021-11-15T17:10:18,879.jpeg,cbf26923-7c90-5441-8e88-52131cad96bb
Google Drive,Zhou Fang,2021-11-15T17:10:19,883.jpeg,7009ede3-b33c-5568-85c0-9fdb4368c97a
Google Drive,Zhou Fang,2021-11-15T17:10:19,882.jpeg,bc1afa0c-f20a-5385-a131-4e78ce630a1f
Google Drive,Zhou Fang,2021-11-15T17:10:19,881.jpeg,5c812215-7bcf-58e6-bd93-a1af299d15d7
Google Drive,Zhou Fang,2021-11-15T17:10:20,884.jpeg,7946c4dd-12a7-551a-842b-32858fbca0ab
Google Drive,Zhou Fang,2021-11-15T17:10:20,885.jpeg,5bc78fbb-8835-54cc-952e-c3499d8db3de
Google Drive,Zhou Fang,2021-11-15T17:10:21,886.jpeg,8563b1d4-7767-59b7-951a-6113f3245f1e
Google Drive,Zhou Fang,2021-11-15T17:10:21,887.jpeg,ca9efeb8-88bc-5903-8e71-e1ecfe4eb3cc
Google Drive,Zhou Fang,2021-11-15T17:10:22,889.jpeg,4dfd4bba-df8a-5410-9822-dc772830988b
Google Drive,Zhou Fang,2021-11-15T17:10:22,888.jpeg,22a745ed-a5ad-50c7-83c3-25e5fc94a51e
Google Drive,Zhou Fang,2021-11-15T17:10:22,890.jpeg,76b65488-15b1-565f-8a6d-e46f69b9de8c
Google Drive,Zhou Fang,2021-11-15T17:10:23,894.jpeg,ebf8d319-1ed2-5bdf-96ac-4b5667320824
Google Drive,Zhou Fang,2021-11-15T17:10:23,892.jpeg,0f90c8c8-82da-5adf-802a-b1393ddfb40a
Google Drive,Zhou Fang,2021-11-15T17:10:23,895.jpeg,2c67439f-a8ca-58df-90b2-6f09a71ad355
Google Drive,Zhou Fang,2021-11-15T17:10:23,893.jpeg,d0148d99-971b-5b63-bd0d-2bd721df71ac
Google Drive,Zhou Fang,2021-11-15T17:10:23,891.jpeg,155e7c31-6930-5eb2-be94-07cd34f19bb9
Google Drive,Zhou Fang,2021-11-15T17:10:24,897.jpeg,a0c092f7-c1af-5f46-b555-e96670293978
Google Drive,Zhou Fang,2021-11-15T17:10:24,896.jpeg,03102612-2828-5387-a82d-752f07bcff8b
Google Drive,Zhou Fang,2021-11-15T17:10:25,899.jpeg,ebc2560a-9499-5aea-9e0c-7a1812e7fde6
Google Drive,Zhou Fang,2021-11-15T17:10:25,898.jpeg,2f7b0233-3e32-55a2-8d59-b117714bb8e4
Google Drive,Zhou Fang,2021-11-15T17:13:27,900.jpeg,31b21f8d-c779-50c1-96b3-73748f7344c7
Google Drive,Zhou Fang,2021-11-15T17:13:28,901.jpeg,8ef8df2b-c50f-5e11-b78d-08911c30d61b
Google Drive,Zhou Fang,2021-11-15T17:13:28,902.jpeg,137d6556-ec23-59fa-9e72-764c67f9f63b
Google Drive,Zhou Fang,2021-11-15T17:13:29,903.jpeg,ccfec187-186c-5a92-9c12-9c5e41be2058
Google Drive,Zhou Fang,2021-11-15T17:13:30,904.jpeg,10382dde-7e1d-50d5-9f24-b5bcdc97e9c6
Google Drive,Zhou Fang,2021-11-15T17:13:30,905.jpeg,ab79e79e-f3f2-5928-9d73-59e3e0782d9f
Google Drive,Zhou Fang,2021-11-15T17:13:31,906.jpeg,fde7ea36-9c2f-5ca0-8f7f-5b294d14ddb5
Google Drive,Zhou Fang,2021-11-15T17:13:31,908.jpeg,803b1916-4c69-5609-9383-eea64146c1d9
Google Drive,Zhou Fang,2021-11-15T17:13:31,907.jpeg,adbe1c4f-0ea9-5a93-b61b-94273ccee151
Google Drive,Zhou Fang,2021-11-15T17:13:31,909.jpeg,d198cf06-d8b0-5652-9dc8-6f21498c8752
Google Drive,Zhou Fang,2021-11-15T17:13:32,911.jpeg,fceb4c86-93a3-58c9-b569-0bb81d1124df
Google Drive,Zhou Fang,2021-11-15T17:13:32,910.jpeg,fc27cf2e-f6dd-5290-b8e4-11c162c2cb92
Google Drive,Zhou Fang,2021-11-15T17:13:33,913.jpeg,e6e729da-52e6-5656-a6e8-6cf17c934f26
Google Drive,Zhou Fang,2021-11-15T17:13:33,912.jpeg,2601ae49-baf5-5e21-97a9-07fb69f01b94
Google Drive,Zhou Fang,2021-11-15T17:13:34,915.jpeg,8971e30c-0c8f-5e61-9e94-73fbeaf1a1a8
Google Drive,Zhou Fang,2021-11-15T17:13:34,914.jpeg,879c4457-0db6-5fcc-b8a2-24a946792df5
Google Drive,Zhou Fang,2021-11-15T17:13:35,917.jpeg,9a479238-55d8-5dea-bbaf-09146af7d613
Google Drive,Zhou Fang,2021-11-15T17:13:35,916.jpeg,7320b621-45e5-5fe5-88ec-ed113c0ea530
Google Drive,Zhou Fang,2021-11-15T17:13:35,918.jpeg,9b2b1060-89b4-5b9a-b244-5f2376dc1905
Google Drive,Zhou Fang,2021-11-15T17:13:36,920.jpeg,3cf8623d-162a-506c-870b-6e8be20e1b74
Google Drive,Zhou Fang,2021-11-15T17:13:36,919.jpeg,d237753f-f831-5edf-ac97-eaa420ab4cf9
Google Drive,Zhou Fang,2021-11-15T17:13:37,921.jpeg,08fa4517-1ea1-507b-919d-15279cc5d723
Google Drive,Zhou Fang,2021-11-15T17:13:38,923.jpeg,d339c30c-f8e7-5a94-b1b0-d818444d3e20
Google Drive,Zhou Fang,2021-11-15T17:13:38,922.jpeg,6f8f6947-b8ca-5caa-a636-8ece7f87b4d4
Google Drive,Zhou Fang,2021-11-15T17:13:38,924.jpeg,bfa2c485-93a4-56a3-a042-f1e63cd62826
Google Drive,Zhou Fang,2021-11-15T17:13:39,925.jpeg,0ca30a56-4f92-51a7-9bb2-5defcf19abe2
Github,Dan Jutan,2021-11-15T19:51:48,Merge pull request #8 from EmoryDHLab/homepagehomepage chapter cards grid,4020c0a5-ac01-57cc-8636-8cf52b6d3c82
Google Drive,Dan Jutan,2021-11-18T23:43:36,Playfair Components,bcc4fa0c-222a-5344-8f44-830f723b46a2
Figma,Jianing Fu,2021-11-24T13:45:00,Figma updates from Jianing Fu,21d813ed-4820-5c5b-b85c-1aaba375386f
Figma,Dan Jutan,2021-11-24T17:38:00,Figma updates from Dan Jutan,2d0689a6-1234-5b70-8782-3b41445aaaba
Github,Dan Jutan,2021-11-29T00:17:16,scrollytell adjustments,149f9aaf-4d11-5fe5-a582-97ff4565b1fe
Github,Dan Jutan,2021-11-29T00:17:54,Merge pull request #9 from EmoryDHLab/peabody-componentsPeabody components - initial revision + navbar work,dd6236ab-0c28-5157-903f-3c3bce378f2f
iCalendar,Everyone,2021-11-29T20:30:00,DxD weekly meeting,0b98cd81-20a8-5ac0-ab6f-6d49488da626
Github,Dan Jutan,2021-12-03T03:57:51,tutorial labels,6a7edd8a-3d6c-501d-a37f-0b07093a7dd7
Github,Dan Jutan,2021-12-03T19:39:17,checkpoint: event-key internal,d568b3bc-3344-5461-b559-92eba6096612
Github,Dan Jutan,2021-12-03T19:53:04,eventkey slot,29fa7da1-499c-5bec-9db1-b86071b0cdcf
Github,Dan Jutan,2021-12-03T20:14:50,grid layout legend,5b8de818-fcab-5a5c-9bbe-cfba94966156
Github,Dan Jutan,2021-12-06T03:57:10,slide with full squares only,668e108b-99c1-522b-97c4-14f359b882f4
Github,Dan Jutan,2021-12-06T04:20:50,dynamic label color,9631fade-bd70-5df4-a41f-75b1068bf47b
Github,Dan Jutan,2021-12-06T04:43:30,grid events,cd61a583-e9b1-5556-aa9b-7d927df3e473
Github,Dan Jutan,2021-12-06T15:53:28,invisible element to prevent jumping on hover,d8943c19-033f-55ed-801d-c05395fe06f0
Github,Dan Jutan,2021-12-06T19:05:22,event text and colors,5918e8d4-fdd0-529d-8c81-57f97344da3d
Github,Dan Jutan,2021-12-06T19:22:07,smart labels,616ea2a1-d58a-59bf-a228-5b196baeafa1
Figma,Zhou Fang,2021-12-09T00:02:00,Figma updates from Zhou Fang,bbc2da1c-21b0-5991-b32d-9ae53194849a
iCalendar,Everyone,2021-12-13T20:30:00,DxD weekly meeting,e81f485c-3e02-527a-bc37-b295b6420feb
Github,Anna Mola,2021-12-13T22:47:31,added svg to diffvis,a155c15c-5eaf-57a4-8d14-682a5aef5c0f
Figma,Zhou Fang,2021-12-29T13:19:00,Figma updates from Zhou Fang,e66b20c9-82bf-5bc3-9bd4-265ce0ef19d5
Figma,Zhou Fang,2021-12-29T13:49:00,Figma updates from Zhou Fang,704d5297-d7e9-54a0-94d1-5dc83b8d3b33
Github,Dan Jutan,2021-12-29T18:36:04,isArray check for actorsIn,e6681e6d-eb5c-5e27-8ebc-6fac671f21df
Google Drive,Zhou Fang,2021-12-30T21:08:51,63 charts,796b0b10-0d14-588c-b537-88b5f611ebc5
Google Drive,Lauren Klein,2022-01-01T18:37:37,Featured Chapter Images,47c9a69a-a166-5a11-9066-e793257d6009
Google Drive,Lauren Klein,2022-01-01T18:38:39,Playfair-northamerica.jpg,e5bff635-fff6-552a-8d9c-0fcbc1c105cd
Google Drive,Lauren Klein,2022-01-01T18:40:28,Brooks-1789ship1.png,8d181084-07c2-5c83-8882-2cad4e210970
Google Drive,Lauren Klein,2022-01-01T18:42:11,Shanawdithit-sketch1.jpg,ee8f4d39-5b99-5557-9800-a16027afc03c
Google Drive,Lauren Klein,2022-01-01T18:43:23,Peabody-1600s-rect.jpg,5510a1b2-3349-5ede-bc2c-7a2d5f233ecd
Google Drive,Lauren Klein,2022-01-01T18:45:00,DuBois-ch5-11-property.jpg,f9b1ad6e-0f0c-53c9-930e-c946068537c1
Figma,Tanvi Sharma,2022-01-07T17:21:00,Figma updates from Tanvi Sharma,872a163e-727c-53b8-91c1-ebc7216b9c47
Figma,Jianing Fu,2022-01-07T17:34:00,Figma updates from Jianing Fu,8f06ab55-25e9-5c6f-a38d-bcf8a5df5f81
Figma,Tanvi Sharma,2022-01-07T19:09:00,Figma updates from Tanvi Sharma,59a522b4-7d80-5aad-8d75-e680a408188f
Figma,Tanvi Sharma,2022-01-07T19:23:00,Figma updates from Tanvi Sharma,476c6dbc-df0a-553d-9e08-690c13b46906
Figma,Tanvi Sharma,2022-01-07T23:29:00,Figma updates from Tanvi Sharma,2fcc065e-df58-5660-ac32-2ef91a6cc532
Github,Dan Jutan,2022-01-09T23:26:14,basic peabody overlay system,7d90ae32-a0d0-5593-81d5-627acf05379f
Github,Dan Jutan,2022-01-10T14:20:05,overlay highlights,d2fe29dc-ec08-5174-ba5b-4adb37756377
Github,Dan Jutan,2022-01-10T14:27:25,fix yeardata,20bda994-1b9e-594f-9168-8211f3a85657
Figma,Silas Munro,2022-01-10T15:14:00,Figma updates from Silas Munro,d8168dec-b0a5-5999-80dd-6f598a09c6d6
Github,Dan Jutan,2022-01-23T14:04:42,parse header,c2e96a5f-f025-566f-9c29-d11c95e43c22
Figma,Silas Munro,2022-01-24T14:54:00,Figma updates from Silas Munro,e0b68ec5-568a-504c-94e6-428c1497bfee
Figma,Tanvi Sharma,2022-01-24T15:15:00,Figma updates from Tanvi Sharma,221e6232-d5cd-5dad-b793-ecbccc894d00
Figma,Zhou Fang,2022-01-24T15:53:00,Figma updates from Zhou Fang,7c089073-e990-5396-a071-fe10943c143e
iCalendar,Everyone,2022-01-24T20:30:00,DxD team mtg,7274877b-8188-5f53-9709-459aceb04c23
Figma,Anna Mola,2022-01-25T14:40:00,Figma updates from Anna Mola,dc46ebf6-3bb5-5728-8420-c0a225dc21ae
Github,Anna Mola,2022-02-01T03:02:39,svg progress,af3d53b6-05ce-510c-9a37-a9d13d6f49c5
Github,Anna Mola,2022-02-03T05:24:09,added grid lines and font,c2edcd28-4f56-5c91-9955-504c2cd07f0b
Github,Anna Mola,2022-02-03T05:29:15,small tick update,c404d6b1-7f3d-5433-b443-2057bf7616f7
Github,Anna Mola,2022-02-05T22:14:38,adding graph lines,1112e629-6361-5f14-bd0a-7b95358bd14c
Figma,Anna Mola,2022-02-07T08:31:00,Figma updates from Anna Mola,2460151b-2b1f-548b-b059-b1e932619b13
Figma,Anna Mola,2022-02-07T08:50:00,Figma updates from Anna Mola,41555f6d-8c78-5c0d-9684-bab78470f738
Figma,Anna Mola,2022-02-07T10:09:00,Figma updates from Anna Mola,846383a9-aa76-5794-97f3-38c927520f62
Figma,Anna Mola,2022-02-07T11:26:00,Figma updates from Anna Mola,89ce4703-5ae7-5d45-9f31-4f066cf94a8b
Google Drive,Lauren Klein,2022-02-07T14:36:44,Chapter Descriptions for Front Page,29a95bcc-e2de-53ba-9527-4e6e9379af61
iCalendar,Everyone,2022-02-07T20:00:00,DxD team mtg,40d7c77a-14b8-5aa7-9224-22d2ad6c7e2a
Github,Dan Jutan,2022-02-07T20:41:40,base button,12e6d4f3-8171-51f0-9286-ecef9b31af4f
Github,Dan Jutan,2022-02-07T20:46:09,restore breakpoints system,911ea3f3-53fa-537a-b6f9-150d695f0924
Github,Lauren Klein,2022-02-10T03:06:35,Added all chapter images to date,251e923f-1e2d-5f14-9e31-e959bcbd9731
Figma,Anna Mola,2022-02-10T13:27:00,Figma updates from Anna Mola,356f5fbb-cec5-5856-b22e-295d5ca184d7
Figma,Tanvi Sharma,2022-02-11T14:18:00,Figma updates from Tanvi Sharma,21997937-ab96-5ae5-bacc-5d2066233f5b
Github,Anna Mola,2022-02-12T20:06:02,inject scrolldata,ccce1db2-9348-5c08-b144-a1309527e304
Github,Dan Jutan,2022-02-13T18:35:46,side-by-side,598e27af-e48c-5fcd-bd8a-02da5997682f
Figma,Tanvi Sharma,2022-02-13T22:33:00,Figma updates from Tanvi Sharma,b2026632-3bd1-5c90-ba39-56d979b4ff69
Github,Dan Jutan,2022-02-14T04:00:22,event box,5c365c0a-b8c3-5100-b92f-c5f926ec34ab
Figma,Tanvi Sharma,2022-02-14T15:24:00,Figma updates from Tanvi Sharma,f7df3f80-4589-5814-8213-f11b4d4fbe30
Figma,Tanvi Sharma,2022-02-14T15:32:00,Figma updates from Tanvi Sharma,1d3352d9-1685-51b9-b6bb-afdab659c23c
Github,Dan Jutan,2022-02-14T20:19:31,Merge pull request #10 from EmoryDHLab/imagesAdded all chapter images to date,55909f9d-7154-5253-9c51-044642d365d2
iCalendar,Everyone,2022-02-14T20:30:00,DxD team mtg,02a18fef-0e03-57ae-8614-32735f725de1
Figma,Tanvi Sharma,2022-02-18T01:18:00,Figma updates from Tanvi Sharma,1cf36459-b4c4-5bac-a275-71a45905d8c4
Github,Jianing Fu,2022-02-18T07:58:20,"add hover, starting on timelin",feb377ff-7b91-5829-8da1-e4ed6d632d10
Github,Dan Jutan,2022-02-22T04:18:01,quiz layout,4813b1d8-7e3c-5fc1-a0b9-8118eaa39518
Github,Dan Jutan,2022-02-22T15:56:06,Merge pull request #11 from EmoryDHLab/peabody-componentsPeabody Tutorial and Basic Quiz Implementation,482bb51a-b43d-5896-8882-3b907719d8e2
Github,Dan Jutan,2022-02-24T04:30:18,independent event indices,26fb9452-7a8a-5f4d-908a-a2e748d8a516
Github,Dan Jutan,2022-02-24T04:56:22,data loaded event,2a1deed6-298c-5e63-b904-cd71248b5355
Github,Dan Jutan,2022-02-24T05:15:38,basic guessing,497e395a-682e-57a4-b93a-50727a9c48c1
Github,Dan Jutan,2022-02-25T04:39:33,cleaner quiz layout,faeccf3a-0728-5f49-a8ff-50a48f48d0ee
Github,Dan Jutan,2022-02-25T04:54:18,responsive quiz layou,564ebb62-5843-51db-8b94-5cdc4e5cefab
Github,Dan Jutan,2022-02-28T04:57:35,clicking on any square will take you to matching event entry,5618413f-1e5c-550c-a286-2c850287ec85
Figma,Dan Jutan,2022-02-28T09:24:00,Figma updates from Dan Jutan,3bb0eda8-688f-54ec-8de8-f5a3d9ca486e
Figma,Tanvi Sharma,2022-02-28T14:08:00,Figma updates from Tanvi Sharma,a7d44c51-eb9c-5ff0-9278-c6ab57def729
Github,Dan Jutan,2022-02-28T15:00:45,checkbox solve button,6bf965ef-93b3-5978-bfbe-346c5012450b
Github,Dan Jutan,2022-02-28T15:34:31,complete / reset buttons,8665f912-3a39-51ed-a0a2-bc0dc9fbcfd9
Github,Anna Mola,2022-03-02T00:10:20,Merge branch 'main' into playfair-components,4aca9550-3b63-5c81-818a-ab9f6aa58ad4
Github,Anna Mola,2022-03-02T22:45:01,change text to white + declarative d3,e4bcd786-2743-5f8e-a189-ecfee749769e
Google Drive,Lauren Klein,2022-03-02T23:06:05,Alt Text,a9ce316f-5660-504b-a3cf-fd9136bd9328
Google Drive,Lauren Klein,2022-03-03T21:56:12,Peabody Alt Text,ecc5693b-e44c-53e9-982e-0e362b065072
Github,Jianing Fu,2022-03-07T01:29:25,chapter card ready,1ca3b152-cd9b-5f5c-929a-7ad7e115f5e1
Github,Jianing Fu,2022-03-07T01:32:44,Merge branch 'main' into homepage,669bb13c-69ee-55fc-9aac-d7e80a96788e
Github,Lauren Klein,2022-03-09T22:08:56,Updated filenames,9934c356-bf13-5dcf-94a8-6c2e763eb455
Github,Dan Jutan,2022-03-09T22:09:25,Merge pull request #12 from EmoryDHLab/new-imagesUpdated filenames,2ab65347-21af-5914-b834-3f07e491994c
Github,Jianing Fu,2022-03-11T02:43:25,pop images to timelinie,87171d13-6122-524c-b456-22bc168173f0
Figma,Tanvi Sharma,2022-03-14T13:14:00,Figma updates from Tanvi Sharma,596e3ead-0c31-56a5-9a38-f1185981e7e7
Figma,Tanvi Sharma,2022-03-14T13:45:00,Figma updates from Tanvi Sharma,e815ef57-b794-5a85-afaa-98d4d08e067e
Figma,Tanvi Sharma,2022-03-14T15:13:00,Figma updates from Tanvi Sharma,c0328201-6db6-505d-9c7c-f1c6b571f68c
Github,Anna Mola,2022-03-14T16:37:04,Merge branch 'main' into playfair-components,579b693d-c8a2-509c-8318-fdba1a3bfc71
Github,Anna Mola,2022-03-14T16:40:40,graph lines are declarative vue,18c47813-95b3-56e7-8773-9bad4ee3ef17
iCalendar,Everyone,2022-03-14T19:30:00,DxD team mtg,2daab88e-8a39-5c4c-bc2b-bd13a7e13cb6
Github,Anna Mola,2022-03-14T19:49:50,added gridlines and tick names,01030468-4888-5310-8907-68585a07fe86
Github,Anna Mola,2022-03-14T21:39:05,added x axis scale ticks,ba60ae39-b444-597f-85ed-85e05eea78ee
Github,Anna Mola,2022-03-15T15:51:54,minor vertical grid,1a3f33cc-b53f-565a-a291-2b774988c1e1
Github,Anna Mola,2022-03-15T16:29:23,rename to recreation & adjust scrollytell,d1962841-7de3-504d-be74-2529f6826d61
Github,Lauren Klein,2022-03-16T15:12:22,Updating the Clarke images,e1b5214e-2111-5935-a442-554b5d8694fd
Github,Lauren Klein,2022-03-16T15:14:07,Merge pull request #13 from EmoryDHLab/new-imagesUpdating the Clarke images,27d384d6-bc0e-5437-8048-14eb64653bf1
Github,Lauren Klein,2022-03-16T15:36:53,Tweaked the footer text,ea74b485-2d35-54f8-9f02-0177dc2b68b2
Github,Lauren Klein,2022-03-16T15:37:43,Merge pull request #14 from EmoryDHLab/footer-textTweaked the footer text,e31cb79a-f118-5619-8a31-154ffec5a61a
Github,Anna Mola,2022-03-16T17:12:25,add font & oval title,2ca78135-6611-5bbe-83b7-f52ac83a4be5
Github,Anna Mola,2022-03-16T19:17:14,add image at the end,770300eb-5395-564d-bdff-bba2db68c34d
Github,Anna Mola,2022-03-16T21:05:24,fix hover text,afd22419-0990-5ca0-93f3-a8a7178bbc54
Github,Anna Mola,2022-03-19T17:04:43,add shading / stipple,4633ba1b-e0df-5436-92a0-2404e5cccef7
iCalendar,Everyone,2022-03-21T19:30:00,DxD team mtg,266c78ca-80fe-5f1f-afa5-7db043eec46d
Figma,Anna Mola,2022-03-23T22:49:00,Figma updates from Anna Mola,3a454029-c514-5e8f-ad74-38cf16cf0f13
Github,Jianing Fu,2022-03-24T02:14:19,Merge branch 'new-images' into homepage,363964cd-4ce5-554c-b6eb-7306dbab2389
Github,Jianing Fu,2022-03-24T03:55:18,add timeline gallery,29ae4577-f1e6-5fef-8e07-1a985ce309cb
Google Drive,Lauren Klein,2022-03-28T12:45:26,Playfair images (high res),1ea6e0de-1956-596d-9b1a-cd4f58e79896
Figma,Anna Mola,2022-03-28T14:01:00,Figma updates from Anna Mola,f5b6db5d-f8f4-572a-aac9-561eb64c2d61
Figma,Tanvi Sharma,2022-03-28T14:45:00,Figma updates from Tanvi Sharma,00e35e87-48b4-5b76-8b32-e5f492f86ded
Google Drive,Lauren Klein,2022-03-28T18:16:27,power_student_names.csv,7893cb88-5b65-5d32-b2f0-02406d04f299
Google Drive,Lauren Klein,2022-03-28T18:20:32,student-names.csv,7c324741-5e0a-528c-b6c4-3ec1d0fbcb75
iCalendar,Everyone,2022-03-28T19:30:00,DxD team mtg,4ad454be-408f-5096-85f8-ebf68c0cceea
Github,Jianing Fu,2022-04-01T00:36:53,clickable and able to change images and pos,b0418739-2275-5cf5-a995-3c73bac2a6dd
Figma,Tanvi Sharma,2022-04-01T12:42:00,Figma updates from Tanvi Sharma,a2bfccab-1a43-5495-82b8-d912342e02dc
Figma,Anna Mola,2022-04-01T13:04:00,Figma updates from Anna Mola,c5ccfd1a-b242-56bd-a6e9-7c702e9718c4
Figma,Anna Mola,2022-04-11T13:45:00,Figma updates from Anna Mola,f934e8c5-df65-5a0f-bc6e-b6e2bd471934
Figma,Anna Mola,2022-04-12T12:15:00,Figma updates from Anna Mola,f688ee29-aa9f-5d92-8d39-42c8512eb363
Figma,Anna Mola,2022-04-14T14:04:00,Figma updates from Anna Mola,8dffdc97-53ae-5cf9-9771-6077317adb89
Figma,Tanvi Sharma,2022-04-14T14:14:00,Figma updates from Tanvi Sharma,0fc5fc84-063a-5458-9619-fac1b050dad1
Figma,Tanvi Sharma,2022-04-14T14:52:00,Figma updates from Tanvi Sharma,81e60a27-f6cf-5749-b739-c91e9486e66d
Figma,Jianing Fu,2022-04-14T15:37:00,Figma updates from Jianing Fu,1065a790-ac51-5a8c-b150-75d30fdc7695
Github,Anna Mola,2022-04-14T20:11:52,switch to figma paths for export/import lines,9ae79567-7b59-5fc0-913c-e9170813be17
Github,Anna Mola,2022-04-15T03:22:01,graph changes on hover,9a2dbc0d-284c-583c-a2b0-47d31e0d08da
Github,Anna Mola,2022-04-17T19:51:16,implemented covid/income/women graphs,11ace2b6-08fe-5366-b472-49d312263a75
Github,Anna Mola,2022-04-17T20:22:59,color area extra graphs,5a716c53-77df-5f6f-be0a-794fa1ee3ca4
Github,Anna Mola,2022-04-17T20:24:59,fix graph labels,ec7c8378-76a6-53e9-8782-d2c30768e6f0
Figma,Anna Mola,2022-04-18T15:05:00,Figma updates from Anna Mola,ef693086-ab90-583c-ba1a-f6ca7417bebf
Figma,Anna Mola,2022-04-18T15:11:00,Figma updates from Anna Mola,98356f49-479a-58d9-ae93-3c215d4cbae6
Github,Anna Mola,2022-04-18T18:50:24,added base for bySide visual,0ef93894-1906-5c65-b898-6b6cff3c2835
Github,Jianing Fu,2022-04-18T19:11:17,chapter text update,ef7d6c83-278b-5594-830c-64cd1baece43
iCalendar,Everyone,2022-04-18T19:30:00,DxD team mtg,bdaa45e9-04a1-5b75-b62f-bf6bc919b885
Github,Dan Jutan,2022-04-20T22:39:56,timeline orientation fix and ticks,e3c2b056-7984-524e-899d-ae2a6bca0fc6
Github,Dan Jutan,2022-04-21T03:27:52,hover border,7860734d-ef39-5da5-a910-1a2f5d95a814
Github,Dan Jutan,2022-04-21T12:17:58,individual timeline event hover,25b02eb2-9350-5a0d-8223-0ee14a54d191
Github,Dan Jutan,2022-04-23T14:41:57,timeline labels,4d428a52-7cd7-583c-99e3-c3575262bc2c
Github,Dan Jutan,2022-04-23T15:41:21,Merge branch 'main' into playfair-components,2102c44f-320c-58a3-b9d9-744b1866c56b
Github,Dan Jutan,2022-04-23T15:41:27,Merge pull request #15 from EmoryDHLab/playfair-componentsPlayfair components,d9da1113-89ef-5fb8-8639-cf393a20e69e
Github,Dan Jutan,2022-04-24T15:33:36,convert renderer to vue3,f3962858-36a6-560f-9619-afeddce1c704
Github,Dan Jutan,2022-04-24T15:54:08,fix slots rendering,937e3901-18f4-590e-b9c3-fe61e25dce25
Github,Dan Jutan,2022-04-24T16:19:00,docs-renderer-vue3,64b96012-81df-55a4-b248-8741d7d10508
Figma,Tanvi Sharma,2022-04-24T18:09:00,Figma updates from Tanvi Sharma,930c7b67-b8a2-598a-b702-1d8d3b5d2e23
Figma,Tanvi Sharma,2022-04-24T18:37:00,Figma updates from Tanvi Sharma,70ea2874-3baa-570f-a163-a63b609a9b0d
Github,Dan Jutan,2022-04-24T22:54:41,push tanvi changes,ccb4f2e5-6782-5f82-a043-be8fdeb1c7ae
Figma,Tanvi Sharma,2022-04-25T12:00:00,Figma updates from Tanvi Sharma,d42865b6-012d-5654-a938-6e33f890a57d
iCalendar,Everyone,2022-04-25T19:30:00,DxD team mtg,5ecb535c-1c4e-5058-95fa-b77d4c8a9a19
Figma,Lauren Klein,2022-04-28T14:48:00,Figma updates from Lauren Klein,8f83445b-5199-534d-a0ae-2579efcf687d
Github,Dan Jutan,2022-04-29T16:10:51,"rootElement prop; for vue3, no wrapper by default.",3329caa5-a8d8-505e-87b0-2caa45d8891a
Github,Dan Jutan,2022-05-02T15:53:37,tweaks and freeform,95ea8dcb-cf5f-540e-b0ad-f49d80d5fecd
iCalendar,Everyone,2022-05-02T19:30:00,DxD team mtg,53aaaafe-15ba-530e-9ae2-75b6e17a4239
Google Drive,Lauren Klein,2022-05-04T17:40:21,Du Bois Student Quotes,d2fc8530-335b-537e-9e56-ca24f82808ca
iCalendar,Everyone,2022-05-09T19:30:00,DxD team mtg,28b6db8a-7589-5882-a73c-947a5f7e39d8
Google Drive,Lauren Klein,2022-05-12T13:44:47,"Primer_plano_de_la_provincia_de_Santafé,_Diego_de_Torres,_Cacique_de_Turmequé_..jpeg",26850a41-d2fd-5469-ba8b-c3843607e6f2
Google Drive,Lauren Klein,2022-05-12T13:49:40,Don Diego de la Torre-1580s-2ndmap.png,7f83469f-113f-5064-9915-8c23042b3ac0
Github,Anna Mola,2022-05-15T16:59:19,left side visual in bySide,b9ee9f33-7426-5e6a-b237-fb1ce0ab6674
Figma,Zhou Fang,2022-05-16T12:17:00,Figma updates from Zhou Fang,ad53079a-26c5-5ff7-b1a9-c7bcfcd4b660
Google Drive,Lauren Klein,2022-05-16T15:18:55,power_student_names,37582f5a-def9-521a-8052-bd6e46666d36
Github,Anna Mola,2022-05-16T20:22:17,right side visualization,1bc7949e-2acb-5950-9dfc-1318452dfbaf
Figma,Tanvi Sharma,2022-05-18T10:43:00,Figma updates from Tanvi Sharma,cf2d7cc7-1140-521a-9d10-84491268d37b
Github,Dan Jutan,2022-05-18T15:06:33,Merge pull request #16 from EmoryDHLab/playfair-componentsPlayfair components- added side by side visualization,8a7f04e9-5798-51fd-a2d8-9d1944f17db2
Github,Anna Mola,2022-05-18T16:52:04,add scrollytell opacity transitions,300c3a10-9c88-5fc0-90c3-043af06b169c
Google Drive,Lauren Klein,2022-05-20T16:38:28,Du Bois Student Vis Notes,f3b69f04-c235-5d6c-b8f8-0989da9ce8f0
Google Drive,Lauren Klein,2022-05-23T12:59:43,IMG_6950.jpg,0acb625e-3757-5b33-8119-a79a1ccf367e
Google Drive,Lauren Klein,2022-05-23T12:59:51,IMG_6941.jpg,1e933312-5ff4-5fab-9207-29a7df9db5c0
Google Drive,Lauren Klein,2022-05-23T13:00:04,IMG_6949.jpg,0dc3cc47-c92f-50da-be18-2574d80a813e
Google Drive,Lauren Klein,2022-05-23T13:00:07,IMG_6945.jpg,c4116740-fd4a-5c06-87e4-7e6f517372cd
Google Drive,Lauren Klein,2022-05-23T13:00:09,IMG_6942.jpg,420a074d-de8d-5305-ae15-277a1d1efa45
Google Drive,Lauren Klein,2022-05-23T13:07:55,May 2022 whiteboard images,3aea45a6-9dad-5801-b643-9bac09c1ac82
Github,Anna Mola,2022-05-24T22:21:38,trying with d3 :(,621d63be-dcae-5918-93e3-513e909d5e69
Github,Anna Mola,2022-05-28T16:49:03,p5 circle thing?,2d8095ec-e901-55da-a33a-9b26dc1c2506
iCalendar,Everyone,2022-05-31T17:00:00,DxD team mtg,4c7cd07d-c255-5236-adaf-fbe29fcdc48d
Google Drive,Lauren Klein,2022-06-01T15:23:05,sketch viii (1).jpeg,22ed85ed-be49-5d37-bfe2-11255544eb63
Google Drive,Lauren Klein,2022-06-01T15:23:05,sketch viii.jpeg,9a867afd-b97b-5bdc-b5f3-a5ce5cb75c2e
Google Drive,Lauren Klein,2022-06-01T15:25:33,profile.jpeg,dafd378a-9c67-5216-9b32-3235e62bac39
Google Drive,Lauren Klein,2022-06-01T15:25:50,canoe.jpeg,317e0a59-5705-509e-b11c-761b5bb5c87d
Google Drive,Lauren Klein,2022-06-01T15:32:11,sketch 1 (1).jpeg,bdc4e7f4-bb33-5bd1-b553-e62b14dcc9b4
Google Drive,Lauren Klein,2022-06-01T15:32:11,sketch 1.jpeg,419e139b-ce1d-5586-ab4f-988b32e30f70
Google Drive,Lauren Klein,2022-06-01T15:40:01,detail sketch 1.jpeg,32d89e3b-81d1-58e6-b9f7-4e021aab90ac
Google Drive,Lauren Klein,2022-06-01T15:41:50,howley version.jpeg,b1caebdc-2173-5dfb-b7ef-e87f57a65fdb
Figma,Tanvi Sharma,2022-06-06T14:15:00,Figma updates from Tanvi Sharma,bd52ef8b-43a9-5d1d-922c-c506730b171d
Figma,Zhou Fang,2022-06-06T14:29:00,Figma updates from Zhou Fang,1c5a98a3-6ad1-5fc9-a312-59ef2426a7c6
Figma,Anna Mola,2022-06-07T11:39:00,Figma updates from Anna Mola,155b40a5-119f-581d-adf6-0dc203b9a359
Figma,Tanvi Sharma,2022-06-08T12:49:00,Figma updates from Tanvi Sharma,70f5489a-64df-5b9c-acf5-b4dec9e72d88
Google Drive,Anna Mola,2022-06-09T16:23:34,student-names,7d7e7e42-b906-5f51-a0dc-fd71b29efc4d
Figma,Tanvi Sharma,2022-06-13T14:18:00,Figma updates from Tanvi Sharma,0d9ded43-0abc-5333-b8ff-41242d985c65
Figma,Anna Mola,2022-06-13T14:33:00,Figma updates from Anna Mola,4117900f-e5e0-5864-aac1-3a7c250dd91f
Github,Jianing Fu,2022-06-13T23:49:09,timeline draggable,5b54855a-34b8-545b-92f7-bacf0268926d
Figma,Tanvi Sharma,2022-06-14T10:59:00,Figma updates from Tanvi Sharma,5e29caa8-6af2-5ce0-8903-1e64efe7503e
Figma,Tanvi Sharma,2022-06-15T19:07:00,Figma updates from Tanvi Sharma,5806fd2e-67dd-5f84-b17c-2454a9c4d5b9
Figma,Anna Mola,2022-06-16T15:28:00,Figma updates from Anna Mola,508117c7-1e46-5030-aec1-b223c5affbb3
Github,Anna Mola,2022-06-16T19:50:24,layout,de898050-9bf6-5124-afca-198d39bd8839
Figma,Tanvi Sharma,2022-06-20T14:37:00,Figma updates from Tanvi Sharma,4943d053-c332-5129-946d-c981e5be1a87
Figma,Jianing Fu,2022-06-20T14:46:00,Figma updates from Jianing Fu,93f7ebf6-900d-554c-97c6-3ce113dc50fc
Google Drive,Lauren Klein,2022-06-20T21:28:56,Atlanta University grads names and professions,4b1cef99-410c-5415-aa43-9d29175e195b
Figma,Anna Mola,2022-06-21T17:33:00,Figma updates from Anna Mola,0551e6fb-c29c-55ce-ace6-056b45380a28
Github,Jianing Fu,2022-06-21T23:40:00,"timeline debug, add visibility, whole timeline",6d23d4a1-9826-56b1-ac94-0bbc38911222
Figma,Tanvi Sharma,2022-06-22T13:25:00,Figma updates from Tanvi Sharma,17fc103c-5bf7-53ff-845c-ba2bd210febf
Github,Anna Mola,2022-06-22T18:01:41,layout changes,d5b3c59d-c1a4-5ea6-a778-c7f1b047c33b
Github,Anna Mola,2022-06-22T18:23:26,added responsiveness piechart,d303fe14-ebfd-5efe-bdce-9b14e3e76184
Github,Anna Mola,2022-06-22T18:45:16,Merge pull request #17 from EmoryDHLab/playfair-componentsAdd scrollyTell opacity transitions playfair,dc5a6737-6766-501f-8810-5b7b5124c39c
Figma,Tanvi Sharma,2022-06-23T11:36:00,Figma updates from Tanvi Sharma,7615c74f-7838-515d-87a1-2e277a709c13
Github,Anna Mola,2022-06-23T15:41:43,add vtc power,d2f73528-38d3-5791-a88e-83a8a1b3df47
Figma,Tanvi Sharma,2022-06-23T15:54:00,Figma updates from Tanvi Sharma,35067b5a-5f2c-5a22-8b26-e8853bc388f6
Figma,Tanvi Sharma,2022-06-23T16:30:00,Figma updates from Tanvi Sharma,30da6e01-2053-528f-88ef-7a2eed45d407
Figma,Tanvi Sharma,2022-06-23T16:58:00,Figma updates from Tanvi Sharma,2fd80a57-8134-532d-9b8e-53d5dd54ea09
Figma,Tanvi Sharma,2022-06-23T18:06:00,Figma updates from Tanvi Sharma,730ff701-2308-5193-a717-d0a86ed33ed0
Google Drive,Tanvi Sharma,2022-06-23T19:49:52,VTCDuBois-Regular.otf,dbef84cd-1b1d-5edb-8d4d-f11193d3bb56
Google Drive,Tanvi Sharma,2022-06-23T19:56:27,VTCDuBois-RegularWide.otf,5d93c955-88f0-5446-98b2-1e5af68e77a8
Google Drive,Tanvi Sharma,2022-06-23T19:57:27,VTCDuBois-LightWide.otf,b6b75d4a-5d3f-5290-b7ae-beb72f52c512
Google Drive,Tanvi Sharma,2022-06-23T19:57:27,VTCDuBois-RegularNarrow.otf,79f66c25-4f4f-5216-adbc-354299d0c4da
Google Drive,Tanvi Sharma,2022-06-23T19:57:30,VTCDuBois-Light.otf,543da842-e2e7-50c4-9e6c-8f7dcaaa8137
Google Drive,Tanvi Sharma,2022-06-23T19:57:31,VTCDuBois-LightNarrow.otf,67a6bbc1-ede1-5544-8e29-2d0f93596bba
Google Drive,Tanvi Sharma,2022-06-23T19:57:34,VTCDuBois-BoldNarrow.otf,9ef47a2b-9771-5705-aff8-7b94633e6440
Google Drive,Tanvi Sharma,2022-06-23T19:57:41,VTCDuBois-BoldWide.otf,cc05baf6-6e72-581d-8d2a-9b9c425c2f60
Google Drive,Tanvi Sharma,2022-06-23T19:58:23,.DS_Store,8729f68f-1586-5434-b07d-e3b15623e1eb
Google Drive,Tanvi Sharma,2022-06-23T19:58:27,VTCDuBois-Bold.otf,b6560244-c01c-541f-977f-a768555eeaad
Google Drive,Lauren Klein,2022-06-24T02:05:55,1899-1900 catalog.pdf,ebb9beb6-0528-5047-a755-dd9b9f91fb95
Google Drive,Lauren Klein,2022-06-26T21:17:52,1909-1910 catalog.pdf,8eac4b1a-caeb-5f3a-9c1c-729b70e43462
Google Drive,Lauren Klein,2022-06-28T17:41:27,willard-woodbridge-1824.webp,0f8affed-faa5-51f4-b29f-a6d319dc5ad8
Google Drive,Lauren Klein,2022-06-28T17:42:07,willard-picture-of-nations.webp,9bcb786e-6a91-515e-97f8-a548c5e13910
Google Drive,Lauren Klein,2022-06-28T17:42:24,willard-american-temple.webp,23634c2d-a273-54cf-80c1-7a8b5ebbc208
Google Drive,Lauren Klein,2022-06-28T17:42:36,willard-chronographer.webp,290a9a5d-d1a5-582c-bfcf-d1161a9ac9e8
Google Drive,Lauren Klein,2022-06-28T17:43:53,willard-introductory-map.jpeg,5c6c8a88-3782-5ebc-8e30-010facdb3a7e
Figma,Tanvi Sharma,2022-06-29T16:11:00,Figma updates from Tanvi Sharma,d8d561ce-b030-547b-9abf-ed64ac395b41
Figma,Tanvi Sharma,2022-06-30T15:14:00,Figma updates from Tanvi Sharma,276274f7-6fb0-52a1-9917-680d3b115f48
Figma,Tanvi Sharma,2022-06-30T15:20:00,Figma updates from Tanvi Sharma,e23ae2c9-445e-5aa4-9ebd-de2e04c5f12d
Figma,Tanvi Sharma,2022-06-30T16:20:00,Figma updates from Tanvi Sharma,dbaf4f1c-e4d8-55a1-b049-20645126a5c9
Google Drive,Lauren Klein,2022-06-30T21:45:00,speck - lookout tree photo.jpg,7ecf79ae-e221-5270-9996-9996050d57ce
Figma,Tanvi Sharma,2022-07-05T17:37:00,Figma updates from Tanvi Sharma,950fecd7-5f49-50c0-9bd6-23730cd2b120
Github,Anna Mola,2022-07-05T20:31:52,create power page,8f46188a-fb04-513c-9d86-5b1e32385181
Figma,Tanvi Sharma,2022-07-06T12:17:00,Figma updates from Tanvi Sharma,b99e3ab3-82f2-5c68-a304-a7ecd2dcc96c
Figma,Tanvi Sharma,2022-07-06T12:40:00,Figma updates from Tanvi Sharma,74366620-10c2-5ea5-a804-9caf7069375e
Figma,Tanvi Sharma,2022-07-06T14:15:00,Figma updates from Tanvi Sharma,e23612e4-ec84-53cd-8a5e-c2a4ab4c85e7
Figma,Tanvi Sharma,2022-07-06T14:45:00,Figma updates from Tanvi Sharma,07d54c8d-5f10-56d3-a643-dfc2b36300e7
Figma,Tanvi Sharma,2022-07-06T15:18:00,Figma updates from Tanvi Sharma,0a5d0454-c2c2-5c4b-b413-c25acb2cbb16
Google Drive,Lauren Klein,2022-07-06T16:06:42,1910-student-responses.csv,24e2dc3a-746f-502c-af54-5ccfb6ac505d
Github,Anna Mola,2022-07-06T16:28:24,inserting serena's 63 charts,9cff3f96-4229-5710-8691-32f7691839e8
Github,Jianing Fu,2022-07-06T16:41:01,timeline refine,840c1293-6842-52f3-b5d0-5ea63ef823c4
Figma,Nicholas Yang,2022-07-07T11:23:00,Figma updates from Nicholas Yang,a7ba2a94-f7cc-52f1-a60c-864dc97ee518
Github,Anna Mola,2022-07-07T15:17:23,added 63 charts and 5 people outside pie chart,777860e7-992e-549e-96cd-f3211f7a8141
Github,Jianing Fu,2022-07-07T16:02:36,homepage refine,84aca991-b537-5eeb-92ec-de182303b3d1
Github,Lauren Klein,2022-07-07T19:45:40,Adding Shawnadithit images,d89ee9ad-c3a4-5009-9520-74b01481259c
Github,Lauren Klein,2022-07-07T19:47:18,Merge pull request #19 from EmoryDHLab/imagesAdding Shawnadithit images,fc8ee7b9-a66d-5d1c-8750-32562add706b
Figma,Tanvi Sharma,2022-07-08T11:04:00,Figma updates from Tanvi Sharma,bac9fa08-4a9c-52ab-9a3d-c2b694b19365
Github,Jianing Fu,2022-07-08T16:12:33,frontpage,484adea6-82a2-5c72-aecd-c0b4c10223c0
Github,Jianing Fu,2022-07-08T16:14:08,Merge pull request #20 from EmoryDHLab/homepageHomepage,d5f31ce2-8a47-58bc-aab1-128fa35ba637
Github,Anna Mola,2022-07-08T18:14:18,add mock student data,1b74d81c-b7f8-5591-a709-9e96330a6752
Github,Anna Mola,2022-07-08T18:14:48,csv,d94fb1fe-6cc2-5101-b538-a66e1d467b6c
Github,Anna Mola,2022-07-08T18:24:42,Merge pull request #21 from EmoryDHLab/power-componentsDubois components,3c3017cd-e0cb-5f40-a431-39793c55c165
Google Drive,Zhou Fang,2022-07-08T19:10:11,Screenshot,ef502831-9575-5fae-9ce9-597fa9ba002e
Google Drive,Zhou Fang,2022-07-08T19:11:28,Du Bois 63 Charts,b2bccc9f-c68c-51f9-9134-bf178e0fa168
Github,Nicholas Yang,2022-07-08T19:28:15,Formatted files with prettier,908a4e74-902c-5b29-b92d-805e726d508a
Github,Nicholas Yang,2022-07-08T23:16:15,Merge pull request #22 from EmoryDHLab/prettierFormatted files with prettier,2780b29d-b891-5d31-b1af-07c2b45195e8
iCalendar,Everyone,2022-07-09T00:00:00,DxD in person?,16428761-8e1e-5928-9a76-9ce3788e70e8
Github,Nicholas Yang,2022-07-09T00:52:25,"Upgraded build system, started migration to TypeScript",dc0cb9fa-7303-5076-8425-7cdcd3b5dc59
Github,Nicholas Yang,2022-07-09T02:35:50,Added linter,f0d05bd9-37a4-50fc-9b63-ae78484e777a
Github,Nicholas Yang,2022-07-09T19:26:35,ESLint fixes,f17cead1-e12d-5061-aa36-0bfbaaf4123e
Github,Nicholas Yang,2022-07-09T22:14:27,Create build.yml,50823701-2cb5-52ab-955c-24e6bf8a27b3
Github,Nicholas Yang,2022-07-09T22:27:04,Fixing lints,b07fd559-a6f1-5ede-92a5-a7bf6069cda3
Github,Nicholas Yang,2022-07-09T23:16:35,"Merge pull request #23 from EmoryDHLab/refactor/build-system-upgradesrefactor: Upgraded build system, started migration to TypeScript",ebfdd369-26e8-5ff1-9157-737485e7bea4
Google Drive,Tanvi Sharma,2022-07-09T23:57:41,Student Catalogue 1909-1910,c3e796d0-4d44-5035-920b-80adb2dc7a1f
Google Drive,Lauren Klein,2022-07-11T14:12:41,Klein 1-brooks-jan22 DL's edits.docx,6d996569-0ba0-5716-b95b-e077ea8a7c3c
Google Drive,Lauren Klein,2022-07-12T20:53:34,330-students-1899-tsv.txt,2c863cc4-f211-5e84-97b4-4c348d7590d9
Google Drive,Lauren Klein,2022-07-12T20:57:41,OLD DO NOT USE DxD // 330 Students Data 98-99,49ff2a37-db96-56ea-a3a1-551f5d742577
Google Drive,Lauren Klein,2022-07-13T02:35:15,student-workers-1900-tsv.txt,2be70f0a-761b-5dd8-92a6-5f559fadab99
Google Drive,Lauren Klein,2022-07-13T12:56:08,college-grads-1910-tsv.txt,02dee723-4a90-594f-8a67-630268cee818
Figma,Tanvi Sharma,2022-07-20T10:26:00,Figma updates from Tanvi Sharma,79718eba-1e0a-5a0b-b4fe-24d74d88ac47
Figma,Tanvi Sharma,2022-07-20T10:47:00,Figma updates from Tanvi Sharma,ff747424-ccdd-5426-843a-8e86029bd588
Figma,Tanvi Sharma,2022-07-20T12:30:00,Figma updates from Tanvi Sharma,cc34f2ec-1e10-5455-b14e-808744c3871f
Figma,Nicholas Yang,2022-07-20T13:02:00,Figma updates from Nicholas Yang,bbe4ed80-b9f7-55e1-862b-bb4fd451cfd0
Figma,Tanvi Sharma,2022-07-20T13:30:00,Figma updates from Tanvi Sharma,3023e893-c364-5f35-920d-d57535f0d68f
Figma,Tanvi Sharma,2022-07-20T13:39:00,Figma updates from Tanvi Sharma,3c9f33fb-26b6-5569-ad0e-bc1d46ea58b6
Google Drive,Dan Jutan,2022-07-20T14:14:33,DEPRECATED - Software Engineering Tasks,2af8efb4-330d-59e6-91e0-19d4dbd4327d
Google Drive,Lauren Klein,2022-07-20T14:17:37,Old Docs,d1a48db1-dc51-57db-a5f9-abf540accec1
Google Drive,Dan Jutan,2022-07-20T14:17:44,zz - [ Notebook Info] Summer 2020 Visualization and Data Architecture,ee336572-fa27-5173-b3a8-2aba61488a7b
Google Drive,Dan Jutan,2022-07-20T14:19:59,New Nuxt Architecture,51c5fe7b-a0e2-544e-9156-51e2dc6d31dc
Google Drive,Lauren Klein,2022-07-20T14:36:21,Summer 2022 Team Timeline,66b7439e-2360-50da-8cb7-c5e0c126bc27
Figma,Nicholas Yang,2022-07-20T15:10:00,Figma updates from Nicholas Yang,9b1d6691-d1ca-5771-8062-cca355e62d32
Github,Nicholas Yang,2022-07-20T15:10:59,refactor: yearTLPos -> yearTimelinePosition,a0101a50-7bea-51e8-9d6d-9eb1eb57b5dc
Google Drive,Lauren Klein,2022-07-20T15:11:16,Summer / Fall 2022 Team Timeline,19181705-210f-54d8-9f74-c6982b6b4e48
Google Drive,Lauren Klein,2022-07-20T15:11:49,July 2022 whiteboard images,088f5203-44c5-50f2-a3f0-1a6addc3d5de
Google Drive,Lauren Klein,2022-07-20T15:12:15,IMG_7249.jpg,096b4ec5-502a-5a24-88f6-93cdf01f1277
Google Drive,Lauren Klein,2022-07-20T15:12:31,IMG_7250.jpg,2279c02b-1831-5e6f-9d73-a64b4cfd0718
Google Drive,Lauren Klein,2022-07-20T15:12:35,IMG_7248.jpg,8aadeeb9-d84d-53c2-8fd8-2931db731c69
Github,Nicholas Yang,2022-07-20T15:12:55,refactor: Fixed up naming for timeline,b4e29022-43ce-591e-b5e0-a42b94709971
Github,Nicholas Yang,2022-07-20T15:21:10,Merge pull request #24 from EmoryDHLab/refactor/rename-timeline-variablesrefactor: Fixed up naming for timeline,0dcde2fd-2afa-5e84-bc36-5def3009fb3a
Figma,Tanvi Sharma,2022-07-20T15:36:00,Figma updates from Tanvi Sharma,f11f4828-422f-595e-ac9e-0283a1bbb9b7
Github,Nicholas Yang,2022-07-20T16:28:03,Fix: build issues (#25),b74fb6c8-233f-5c1b-93e8-0adaccc9a2c6
Figma,Tanvi Sharma,2022-07-20T17:04:00,Figma updates from Tanvi Sharma,cbc1605e-7bb3-5cdb-8b32-6dd4b5c3e1e4
Github,Nicholas Yang,2022-07-20T17:21:44,fix: Infinite rerender due to subtle state mutation bug (#26),30628cc9-714c-5a77-94b4-387cf500aac3
Figma,Tanvi Sharma,2022-07-20T17:29:00,Figma updates from Tanvi Sharma,5dd1cdde-067a-549a-b0df-6b0e155b4252
Github,Nicholas Yang,2022-07-20T17:32:42,Update README,be48c792-0ef3-5ea7-b13b-5d20c74b5e5f
Google Drive,Lauren Klein,2022-07-20T17:37:48,1898-1899-all-grads-tsv.txt,b9afbdb8-e4cc-54a7-aa9b-8c7fe80fc9ac
Github,Nicholas Yang,2022-07-20T17:41:06,fix: Link,d716f1a7-04d2-5859-a830-2d8ef5a7003b
Google Drive,Lauren Klein,2022-07-20T17:54:26,Old stuff,0634fe58-f8f7-5624-828c-abefeea46cfc
Google Drive,Lauren Klein,2022-07-20T17:58:51,1909-1910-college-grads-tsv.txt,b72a6fac-0db1-5e8e-888d-902d35d1a5c5
Google Drive,Lauren Klein,2022-07-20T18:01:17,Chapter 1 - Brooks,b9c455c4-7dd5-5df4-acf6-ab22081df974
Google Drive,Lauren Klein,2022-07-20T18:01:27,Chapter 2 - Playfair,6195469e-c34a-5e70-adbf-dc7c8edd4a71
Google Drive,Lauren Klein,2022-07-20T18:02:08,Chapter 4 - Peabody,a81b0fb8-d211-5f12-9262-462b79ece655
Google Drive,Lauren Klein,2022-07-20T18:03:35,Front Page,57faa339-222f-58b8-80c5-eb663edc537c
Google Drive,Lauren Klein,2022-07-20T18:08:28,Chapter 3 - Shanawdithit,803907c6-7dfe-5f73-a5a7-5e664ce82adc
Google Drive,Lauren Klein,2022-07-20T18:10:36,1900 Student Workers names and professions,4698855d-e9b0-5de1-8eb4-8577222d3897
Google Drive,Lauren Klein,2022-07-20T18:14:27,1910 Student Workers names and professions,863c8667-0bef-51c3-8dac-39f95e385cc6
Github,Nicholas Yang,2022-07-20T18:59:08,Removed console logs,5d627636-8012-57dc-bfc8-8d2e9c6567a5
Google Drive,Tanvi Sharma,2022-07-20T19:13:50,.DS_Store,adf83d80-fcea-5358-9b2f-91d1685b6b97
Google Drive,Tanvi Sharma,2022-07-20T19:14:12,VTCDuBois-BoldRitalic.otf,881a457c-ad71-5e3c-9ee1-0e39ef441554
Google Drive,Tanvi Sharma,2022-07-20T19:14:14,VTCDuBois-BoldRItalicNarrow.otf,9ea288ca-6666-566e-a84d-a2ba765cb93b
Google Drive,Tanvi Sharma,2022-07-20T19:14:14,VTCDuBois-BoldRitalicWide.otf,da04d0d0-17a4-50a4-bd98-f8ce4f0790f6
Google Drive,Tanvi Sharma,2022-07-20T19:14:15,VTCDuBois-LightRitalic.otf,44c4a832-16b7-50af-b480-a15dc758b743
Google Drive,Tanvi Sharma,2022-07-20T19:14:16,VTCDuBois-LightRItalicNarrow.otf,585dc737-256c-5a73-b5ec-db1ef608ea3e
Google Drive,Tanvi Sharma,2022-07-20T19:14:17,VTCDuBois-LightRItalicWide.otf,3760a6d5-6501-5aab-9612-bdee09646675
Google Drive,Tanvi Sharma,2022-07-20T19:14:53,.DS_Store,e99de69b-371d-5e08-8193-745d85c655cf
Google Drive,Tanvi Sharma,2022-07-20T19:15:26,.DS_Store,6709463c-ab03-5a5e-be09-64283b0d3ff0
Google Drive,Tanvi Sharma,2022-07-20T19:15:53,VTCDuBois-RitalicWide.otf,bde0fb07-2cc0-5a60-8bae-d875696d18d9
Google Drive,Tanvi Sharma,2022-07-20T19:15:55,VTCDuBois-RItalicNarrow.otf,c9147e28-5a10-5bcd-8a74-ac1b1034e92a
Google Drive,Tanvi Sharma,2022-07-20T19:17:13,VTCDuBois-Ritalic.otf,5664f7fd-221a-5ef8-9515-546d344b76eb
Google Drive,Tanvi Sharma,2022-07-20T19:19:10,VTCDuBois-BoldItalic.otf,eea9d0d4-39b2-58f7-a24f-721631658086
Google Drive,Tanvi Sharma,2022-07-20T19:19:14,VTCDuBois-BoldItalicNarrow.otf,de387627-d8ac-5297-8480-730295655dfc
Google Drive,Tanvi Sharma,2022-07-20T19:37:15,.DS_Store,a6d216aa-fbc4-5b56-9d71-54c706758ebd
Github,Nicholas Yang,2022-07-20T19:55:03,Minor fixes,a8eec158-5802-5327-ab8e-3a41b8e500ed
Figma,Tanvi Sharma,2022-07-21T11:17:00,Figma updates from Tanvi Sharma,7548a8c2-7485-5b98-9872-388758215e3e
Google Drive,Tanvi Sharma,2022-07-21T14:55:53,Fonts,18eb8ae4-eb24-5bc1-b730-b793560661c4
Google Drive,Tanvi Sharma,2022-07-21T14:56:24,VTC Du Bois Webfont,3bd27687-bebd-5cb4-a286-d1d1d58917a7
Google Drive,Tanvi Sharma,2022-07-21T14:56:25,Italic,bffe7a68-4fa4-5730-900b-c11747312488
Google Drive,Tanvi Sharma,2022-07-21T14:55:25,Upright,e5d4465e-9d91-5b26-adb6-3e3bc5361f42
Google Drive,Tanvi Sharma,2022-07-21T14:56:25,Ritalic,02662036-de61-5e65-87e8-c04b20a04000
Google Drive,Tanvi Sharma,2022-07-21T14:56:25,Desktop,6eaa0dea-029b-5f6b-8f20-1c725382d23d
Google Drive,Tanvi Sharma,2022-07-21T14:56:26,OTF,19e7fddb-8b44-5302-9ce1-c210f85f82a7
Google Drive,Tanvi Sharma,2022-07-21T14:56:26,TTF,97e635e6-663e-578d-a55e-9b78defa5f18
Google Drive,Tanvi Sharma,2022-07-21T14:56:27,Italic,d9b62828-009e-5f65-a751-a9ee964eb666
Google Drive,Tanvi Sharma,2022-07-21T14:56:28,RItalic,96129c9d-1d93-5f49-95a5-eb07038581fa
Google Drive,Tanvi Sharma,2022-07-21T14:56:28,Upright,7de3fc58-6615-5e17-b419-bb5af80e5c0e
Google Drive,Tanvi Sharma,2022-07-21T14:58:28,Upright,81d45e58-b807-5918-96cc-4cd016d289e4
Figma,Nicholas Yang,2022-07-21T16:03:00,Figma updates from Nicholas Yang,0307d947-381e-530d-bb51-31e7adfdb80a
Figma,Tanvi Sharma,2022-07-21T16:27:00,Figma updates from Tanvi Sharma,427f6836-6327-599e-a44f-5a005391236b
Google Drive,Lauren Klein,2022-07-21T16:36:28,Du Bois1910 Atlanta University Study.pdf,99472d0e-9d44-50fc-bf52-5acda3d3db5b
Google Drive,Lauren Klein,2022-07-21T16:36:43,Du Bois 1900 Atlanta University Study,fc7df512-f13c-52ea-8fb5-d814581a6ccd
Google Drive,Lauren Klein,2022-07-21T19:49:03,[Chart 1] 1898-1899-all-grads.csv,cbc3af08-ac54-5981-b775-c7ca464bd247
Google Drive,Lauren Klein,2022-07-21T19:49:11,[Chart 2] 1909-1910-college-grads.csv,2acccf52-98f1-5b63-bb92-c5edaa93dc01
Google Drive,Tanvi Sharma,2022-07-21T20:07:13,[Chart 2] List of location for survey,826a2f33-ea66-5ae0-a082-60cfd88af164
Github,Nicholas Yang,2022-07-21T20:14:01,fix: Lint errors (#29)Fixed lint errors,47181057-fe36-5c00-8195-f4bf53b34bf5
Github,Nicholas Yang,2022-07-21T20:34:39,Fixed site nav hover (#31),dc554880-2cb8-5608-b888-f801f4223165
Figma,Tanvi Sharma,2022-07-22T16:47:00,Figma updates from Tanvi Sharma,9eaad7ee-0b88-58ad-b5cb-3f2ccd20fdbb
Figma,Tanvi Sharma,2022-07-22T17:07:00,Figma updates from Tanvi Sharma,89a6a814-d1a7-5ce2-81d4-3b839f8d9458
Figma,Tanvi Sharma,2022-07-23T15:22:00,Figma updates from Tanvi Sharma,dd3dfee6-c615-57d1-947a-0d48da2cdec7
Figma,Tanvi Sharma,2022-07-24T14:00:00,Figma updates from Tanvi Sharma,1866e014-03db-53a3-a1e2-6dc64d1190f1
Google Drive,Tanvi Sharma,2022-07-24T18:06:09,1910-student-responses,f4365b26-c863-5eeb-974d-a28df93106cb
Figma,Jay Varner,2022-07-31T17:57:00,Figma updates from Jay Varner,eccc191f-58d7-56e0-a63c-3d5801157168
Figma,Nicholas Yang,2022-07-31T18:14:00,Figma updates from Nicholas Yang,d53a91cf-7748-52c8-a50e-c7ed8d4d6760
Figma,Tanvi Sharma,2022-07-31T19:02:00,Figma updates from Tanvi Sharma,dbf1e63b-1465-564d-8bae-6520bc550f0f
Figma,Tanvi Sharma,2022-07-31T21:15:00,Figma updates from Tanvi Sharma,61624e60-7cb9-52c3-a7cd-f31b7988e7d6
Github,Nicholas Yang,2022-08-01T01:45:15,feature: Dubois (#32)Refined power visualization according to designs and added tooltip of person data.,4eeef16e-1d0e-55cc-987b-258c201d2939
Figma,Tanvi Sharma,2022-08-01T10:21:00,Figma updates from Tanvi Sharma,a21e4e55-2de1-5c70-8da9-57b20fc23200
Figma,Tanvi Sharma,2022-08-02T10:35:00,Figma updates from Tanvi Sharma,cb1d32de-3cb8-5abb-a900-9e321ea4c8d4
Google Drive,Tanvi Sharma,2022-08-02T14:40:17,Desktop,6f95c074-05b6-5da7-81e6-58ee56764312
Google Drive,Tanvi Sharma,2022-08-02T14:40:18,TTF,56a3b442-a0fb-5b98-b259-331a501030ad
Google Drive,Tanvi Sharma,2022-08-02T14:40:18,Upright,3a09f379-af98-5c92-b95b-b147ad4e1519
Google Drive,Tanvi Sharma,2022-08-02T14:40:18,OTF,941317a6-0eb3-51ef-ab55-76844812de4d
Google Drive,Tanvi Sharma,2022-08-02T14:40:18,Italic,eb9f8d2c-941e-5db5-85cc-5677652c9166
Google Drive,Tanvi Sharma,2022-08-02T14:40:18,RItalic,b3e3e060-0be2-5839-af74-4be3c852c1e4
Figma,Tanvi Sharma,2022-08-06T19:04:00,Figma updates from Tanvi Sharma,4ef06640-bea5-507a-9e15-cb84572658ce
Figma,Tanvi Sharma,2022-08-06T19:15:00,Figma updates from Tanvi Sharma,8d60eded-d973-5f5e-9eba-b5e0e4dd301e
Google Drive,Adam Hayward,2022-08-07T23:20:14,The DxD Handbook,f2f9add1-fc95-5a6e-90ae-de42e00fa31e
Github,Nicholas Yang,2022-08-08T00:11:57,Making various misc fixes.- Moved around chart data- Added brooks chapter- Cleaned up naming and poor code style,f7a82a9b-a371-5d1c-8c2f-9c360438023d
Figma,Tanvi Sharma,2022-08-08T12:36:00,Figma updates from Tanvi Sharma,9aea1964-f01b-56a6-91f4-e62299d9789d
Figma,Tanvi Sharma,2022-08-08T13:31:00,Figma updates from Tanvi Sharma,735f9c5d-f5e2-5757-b720-d593c815c4f9
Figma,Tanvi Sharma,2022-08-08T18:58:00,Figma updates from Tanvi Sharma,c594f8d3-672e-5528-aadc-fe899bf64d37
Github,Nicholas Yang,2022-08-09T21:57:10,"Dubois charts (#39)* Rearranging the file and component structure,98d0a503-babd-53c2-8594-cbc5486a58a2
,2a572c97-012f-58e2-8407-faf35a7d572d
* Added chart 1 and rearranged chart stuff in process,84c7a0fb-09eb-5700-8d53-c00049d191d4
,f5432159-2c1f-56a8-ae69-6778ad99bc7c
* Added charts 2 and 3 along with data for chart 2.,1c7c6a94-2aa0-511b-9d96-6dce32b9088e
,f167bdfe-33b3-5ec8-aacd-c29413f708d4
* Updated slots,a409860d-f652-5714-9cca-4713a792ca75
,64b4af4d-446b-51ac-9236-9e5107578db6
* Hot fix for nuxt generate bug",bf7496d4-6450-5571-8b6c-032a8c3008ed
Figma,Tanvi Sharma,2022-08-10T12:31:00,Figma updates from Tanvi Sharma,f78e769b-1f8a-5c16-9b3a-396f1a1d3e3e
Google Drive,Lauren Klein,2022-08-10T17:43:18,all-african-resistance-all-cols.csv,845caecd-db18-5166-bddd-eccfbe7c4a62
Figma,Nicholas Yang,2022-08-11T12:32:00,Figma updates from Nicholas Yang,37ea40fc-ded0-56ff-a25f-23e4998333b5
Google Drive,Lauren Klein,2022-08-12T14:18:40,Image licence for Lauren Klein.pdf,b8d59978-6d5f-5837-8f19-08c2f0cc34e5
Google Drive,Lauren Klein,2022-08-12T14:18:40,Terms & Conditions for image reproduction 2022.pdf,7beda8d4-7ad2-5d1d-b510-5c626552986b
Figma,Tanvi Sharma,2022-08-12T17:14:00,Figma updates from Tanvi Sharma,89e69623-f6a9-5979-88d8-bb6d99723920
Figma,Tanvi Sharma,2022-08-16T19:35:00,Figma updates from Tanvi Sharma,7f5b1fd2-42b7-52ae-a108-ea56cd30ce74
Github,Nicholas Yang,2022-08-17T01:55:52,Made chapter cards links,b60e49f9-3e31-5ffa-a606-8629fb015027
Github,Nicholas Yang,2022-08-18T03:05:12,Once again fixed bug with refreshing page on dev mode,ae3a9f6b-1f1b-5f2f-b031-b57cb2edaeeb
Figma,Tanvi Sharma,2022-08-18T10:28:00,Figma updates from Tanvi Sharma,c6759649-03ba-56e5-947c-86a6feb9f4de
Figma,Tanvi Sharma,2022-08-18T14:16:00,Figma updates from Tanvi Sharma,753f0daf-cd01-5c4a-9564-9f6872ac81d0
Figma,Tanvi Sharma,2022-08-21T23:31:00,Figma updates from Tanvi Sharma,9800ca80-2747-5d69-8144-3027442e918e
Figma,Tanvi Sharma,2022-08-23T15:15:00,Figma updates from Tanvi Sharma,cf2dd1bd-cca4-5c60-97b0-c082a6503056
Google Drive,Lauren Klein,2022-08-24T11:17:00,LSF Volume XL 2_1 (H_89)  Plan of slave ship_FULL.jpg,714e4401-5734-5ba7-8e66-7b36368846fe
Google Drive,Lauren Klein,2022-08-24T11:17:00,LSF Volume H_85_Plan of an African slave ship.jpg,68996569-dfb5-58c7-8183-0c338c61788c
Github,Jay Varner,2022-08-29T17:44:05,Add m-width-full to full screen elements #62,8fb36027-17b2-588c-80fa-23589fb3daf6
Github,Nicholas Yang,2022-08-29T17:46:14,"Fixed playfair data loading bug (#86)* Fixed playfair data loading bug,ef806237-81bc-5843-b611-766838c092db
,0536e6b0-f0c4-50fb-a862-ef9a90eb8279
* Removed another static data",69bf56c8-ba7d-569b-9a3c-e9cd9795f70e
Github,Nicholas Yang,2022-08-29T17:56:14,"Trying to fix CI (#87)* Trying to fix CI,9d24d8bd-e7ca-5331-b64c-76ffa919c240
,76360221-bd41-5467-b983-e2cad0c9c1ee
* Trying again",cadbb0e9-0a6c-5dfe-b961-a5a1fddde0f5
Google Drive,Lauren Klein,2022-08-30T17:53:22,git process & gitpod,5954f37b-3adb-548e-a4ba-d28825a722cb
Figma,Tanvi Sharma,2022-09-01T16:26:00,Figma updates from Tanvi Sharma,46f80d35-a46d-58f1-b790-3a08b35f737d
Figma,Tanvi Sharma,2022-09-01T16:48:00,Figma updates from Tanvi Sharma,f09682cb-3182-5999-b6d6-459e951ca2d0
Figma,Tanvi Sharma,2022-09-01T17:07:00,Figma updates from Tanvi Sharma,7dc74859-552b-540c-97bb-8b7d619bfd3b
Figma,Tanvi Sharma,2022-09-02T17:11:00,Figma updates from Tanvi Sharma,0fa05502-ff07-5706-b078-fb43c592ad74
Figma,Tanvi Sharma,2022-09-02T17:24:00,Figma updates from Tanvi Sharma,40de2f3a-8a02-54e0-9fe2-80f4f2a85abe
Figma,Tanvi Sharma,2022-09-06T11:27:00,Figma updates from Tanvi Sharma,0dd4efff-63eb-5406-8252-0b21bdc70a68
Figma,Tanvi Sharma,2022-09-06T12:15:00,Figma updates from Tanvi Sharma,6f6eb64e-f577-54c5-8130-f268f8170046
Github,Nicholas Yang,2022-09-07T01:13:51,Reduced page load by converting to webp (#89),507ecd60-e324-54f4-9168-c6d28b741cbb
Github,Nicholas Yang,2022-09-12T23:37:55,"refactor: Modified Google Docs API code so that it saves the files in JSON (#90)* Modified Google Docs API code so that it saves the files in JSON,f0366c5b-f435-5e08-ac0e-11bc8aebeeba
,a4e1791e-94ae-50ac-92db-ed7c4a492fa2
* Added docs,1a631afa-96e5-53bf-a257-3125e0df86ab
,f55a5f93-b737-5797-b3f8-9915bdab4a2a
* Removed docs from .gitignore",d796422e-ba88-59f4-b6f0-1197bf0de54f
Github,Nicholas Yang,2022-09-13T00:55:52,"refactor: Vendor dependencies (#92)* Trying to vendor dependencies,6e842f12-4456-5eaf-9f4e-72bf7fd59582
,2209d7d3-e490-575c-8f74-732b51089c18
* Finished vendoring dependencies,d8d1a5e4-13af-507d-99a7-ff00d7dddcd0
,2e691ef7-9943-51ef-93e3-2611f25e16f1
* Fixed up the build issues,a733a42b-cf03-5f52-adee-f6a2ae3f0399
,da57ce6d-5aa5-5346-8921-ee15d331b4ea
* Okay fixed now,c085034a-da75-57f2-98b2-f6d5e97f5905
,b9d333be-d3e0-55b7-bc12-19f252cb1116
* Added dist,60888608-5691-5f5e-82aa-0524f6f6854a
,9df07ead-67e9-5d7b-9a9b-884dfe806def
* tsconfig fixes",192721e9-303e-5eae-a196-76f8d7a2e3d3
Figma,Tanvi Sharma,2022-09-18T15:56:00,Figma updates from Tanvi Sharma,0bafc4c2-ed07-572e-b47d-4a5c1c8bd3e2
Github,Jay Varner,2022-09-19T13:48:42,Footnote style. Fixes #60,f90e09f1-5c82-521b-9064-527600c7eb78
Github,Jay Varner,2022-09-19T15:07:13,Fix spacing. Part of #58,8ab00f6e-5632-5736-bb28-5fa12befddb7
Github,Nicholas Yang,2022-09-19T18:06:05,Remove require context,ac1bdbba-d591-50bb-bbd5-b6956274e689
Github,Jay Varner,2022-09-19T21:52:53,Merge pull request #94 from EmoryDHLab/refactor/remove-require-contextrefactor: Remove require context,08634330-e868-56f9-b81e-812f6cca4767
Figma,Tanvi Sharma,2022-09-20T16:08:00,Figma updates from Tanvi Sharma,0523952e-8292-5189-b591-79c14876a0de
iCalendar,Everyone,2022-09-23T16:30:00,Lauren / Gita / DxD,173543eb-18c9-5801-bd5f-0e88fd840bac
Github,Jay Varner,2022-09-24T04:27:37,"Fix/dataload (#95)* Import data for Playfair. Fixes #70,b696c164-127d-51b5-b437-da81105d3c44
,9bb7822f-fe22-50ef-ac01-9fe0e056c169
* Import data for Peabody quize #58,f1ac173b-52ac-5e56-adb1-59a15bd2be5d
,31e7cf7b-2cfe-5562-bd00-dbfc11add8af
* Remove console statements,64195b79-f1b5-5c28-9fae-971f015983d6
,aaadb1cf-01e8-5ec9-8443-11f3a59b96e1
* Import data for Peabody tutorial #58",004b3ec2-1c93-5d92-9db8-14ef4fa651ce
Figma,Tanvi Sharma,2022-10-02T14:01:00,Figma updates from Tanvi Sharma,7d013ccd-9d87-58f4-97a5-9ed18ac5bbba
Github,Jay Varner,2022-10-02T17:46:23,"Show text at start of Scrollytell visualizations (#93)* Show text at start of Scrollytell visualizations,094f3953-9a74-51db-a40c-e3fdb1fced9f
,3fcd5619-9ad5-5dab-9c89-4b27bca98c6e
* Add top margin to Peabody Scrollytell,9bb82044-6817-5cb0-b4f4-ca3c644a26e5
,9fd2b7bf-4694-57bc-a5bd-64c7763e4125
* Ease transition when showing legend,ac5e1938-369a-5003-b203-19c461b610b1
,c89bd255-bf3a-5bf1-9930-b3d6451631d4
* Improvements for windows under 800px tall",1b476c41-15c5-5eac-85c5-53d829f75883
Github,Nicholas Yang,2022-10-02T18:03:51,Fixed unnecessary gap in home page,e7ccc71c-c845-5420-a62a-14ee0ad4e8a1
Github,Nicholas Yang,2022-10-02T18:14:59,Chapter slots refactor. Removed mixin and flattened to individual slots components (#97),66d21fb2-b95b-57b3-be93-07a4086584d9
Github,Nicholas Yang,2022-10-02T19:31:19,"Revert ""Chapter slots refactor. Removed mixin and flattened to individual slots components (#97)""This reverts commit 7abbf4e5cff76accc4ef233194713624684b45e0.",db882f22-be35-59bf-81bf-911aa39f0cb0
Github,Nicholas Yang,2022-10-03T02:34:53,Doing a rewrite of Data By Design,ebc4d85a-e7a5-57ec-b130-d3e3f64486ac
Github,Nicholas Yang,2022-10-03T03:19:59,More migration of basic components. Gonna start work on Timeline,fed59b55-0aa0-52f4-b18e-2f7716ce9146
Figma,Tanvi Sharma,2022-10-03T18:20:00,Figma updates from Tanvi Sharma,574c5954-1a10-51bc-9644-3c0dc09d1e75
Figma,Tanvi Sharma,2022-10-03T21:14:00,Figma updates from Tanvi Sharma,aa91551c-547a-5d0a-bda8-697fe3170300
Figma,Tanvi Sharma,2022-10-03T21:25:00,Figma updates from Tanvi Sharma,2d032e19-eb3c-52b6-ae1a-25df6c9feaff
Figma,Tanvi Sharma,2022-10-03T23:13:00,Figma updates from Tanvi Sharma,26cf24d1-b9cb-540c-a020-6f215824761f
Github,Nicholas Yang,2022-10-04T05:45:36,Some more work on Timeline,8617871e-f312-57b7-910e-3edd8fbf2230
Github,Jay Varner,2022-10-04T12:18:15,Fix missing jumping around,ea08f412-13b5-54ba-a9bd-6d6303e685eb
Figma,Tanvi Sharma,2022-10-06T12:37:00,Figma updates from Tanvi Sharma,ad0678fd-2d10-5ad6-b673-004edf468b3a
Figma,Nicholas Yang,2022-10-06T13:08:00,Figma updates from Nicholas Yang,b8e582f1-c728-56db-85b5-d38becc1707c
Figma,Tanvi Sharma,2022-10-06T13:29:00,Figma updates from Tanvi Sharma,befdf6d3-1ef8-5d8f-a55a-f9e138749653
Figma,Tanvi Sharma,2022-10-10T10:15:00,Figma updates from Tanvi Sharma,245ffa95-05c2-5a1b-b657-063a2e885e97
Figma,Nicholas Yang,2022-10-10T10:31:00,Figma updates from Nicholas Yang,b0e9ffe1-b264-5dbb-9dd4-d08c14b26f97
Figma,Tanvi Sharma,2022-10-10T11:36:00,Figma updates from Tanvi Sharma,dd9064a4-4dd3-53d9-a1bc-3c79fa61106f
Figma,Nicholas Yang,2022-10-10T11:52:00,Figma updates from Nicholas Yang,4dadbaab-3c8d-58ac-9159-3b43fcb6ed63
Github,Nicholas Yang,2022-10-14T04:44:03,Starting to port power,5552e075-a800-5e02-9dbc-67a20f9b2e51
Github,Nicholas Yang,2022-10-14T04:47:45,Vercel!,7ddb291a-aaf9-5bf9-8b0c-1ffe03b4c59d
Github,Nicholas Yang,2022-10-15T06:00:51,- Deployed to Vercel- Added all chapter pages- Starting to break up html into components,ebabfa3d-3821-55fd-a244-e0c5211fbb7c
Github,Nicholas Yang,2022-10-15T06:07:15,- Replaced <a> with <Link> in navbar- Added about page,7df0453f-1b7d-519e-aa04-13d72755179a
Figma,Tanvi Sharma,2022-10-15T16:21:00,Figma updates from Tanvi Sharma,216ac80e-b784-507c-a685-9624beb51654
Github,Nicholas Yang,2022-10-15T18:56:06,Some fixes and deletions,d3b7772e-3575-5416-abc8-b6f2bd315d3d
Github,Nicholas Yang,2022-10-16T02:08:04,Working on document view for power,a3c3fb7a-01db-5ede-affb-c95fa18b14a8
Github,Nicholas Yang,2022-10-16T02:24:47,More tweaks to DocumentViewer and power,b64ef1e2-dde3-594f-9339-16974a5c4d7d
Github,Nicholas Yang,2022-10-16T04:10:15,"Starting power student chart, also added footer and fixed more images",6947f805-c770-5888-90df-11cf675f78bb
Github,Nicholas Yang,2022-10-16T21:49:07,Footnote theming and adding,c0b99913-4d3d-57c2-b138-a5478491bec8
Github,Nicholas Yang,2022-10-16T23:04:21,Ported USAMap and more footnotes,5eda3b3a-9beb-5da9-8758-f19a0c459b4c
Github,Nicholas Yang,2022-10-21T01:21:28,Added pie chart for first chart,646c8499-b7dd-5388-92ef-c17af3531750
Github,Nicholas Yang,2022-10-21T01:23:11,Add p5,d99dae08-4218-526e-8c3b-36894eea8d9a
Github,Nicholas Yang,2022-10-21T22:23:16,Added PieChart for StudentChartTwo,9a3908cd-a86a-587a-abac-9af018bfe92a
Github,Nicholas Yang,2022-10-22T00:35:03,More footnotes,bdf982b0-84b7-575c-800a-0cfb04c23b5a
Github,Nicholas Yang,2022-10-22T03:38:37,Starting to port peabody,d3b758ff-02b5-5bc7-8d68-db3d7341a6e9
Github,Tanvi Sharma,2022-10-23T18:00:45,tanvi's first rodeo,79898138-886f-58f1-82d5-3d27743d32a6
Github,Tanvi Sharma,2022-10-23T19:17:52,"adding footnotes. deleted 1 (#1)* adding footnotes. deleted 1,ca616fa8-f564-590a-8222-3841c8159baf
,5ad676ef-b8b1-5ede-afe4-d701f464cc3f
* Fixed styling,c3f705a5-58fc-5e8f-b4ad-13b9ea353e2a
,5432ed9b-5004-59f7-a2dc-e678d1cec5c5
* Switched <span className=""italic""> to <cite>,a694dcd6-4709-5758-8f5f-7859f8da9ea5
,764c4835-91d7-59a3-a653-30094b476cba
* Delete spaces,cee763b4-7259-56ba-bd33-28358d5020c7
,476d1314-3377-55fc-8c4e-fe7c0b2c8f53
Co-authored-by: Nicholas Yang <nick@nicholasyang.com>",43c72789-b615-539b-b8db-5edb32bd5bf2
Github,Nicholas Yang,2022-10-25T04:20:42,Peabody changes,77b99f68-953a-5510-9623-7f623dbb77c3
Github,Nicholas Yang,2022-10-26T05:03:09,More peabody,d9dc346c-f4b5-57d3-b421-f276b6789f4a
Github,Nicholas Yang,2022-11-02T02:27:55,More changes,2c798574-f098-586f-abae-da2a76bc994e
Github,Nicholas Yang,2022-11-02T02:41:33,More peabody styles,36b500ae-bd10-5e23-a0e6-1dfb76200449
Github,Nicholas Yang,2022-11-07T04:21:55,More peabody layout,9ac10f25-19ba-5dda-bc3b-4e2c93575c3f
iCalendar,Everyone,2022-11-07T21:30:00,DxD weekly meeting,764c9752-1476-55bb-b88b-7f92988f935f
iCalendar,Everyone,2022-11-07T22:00:00,DxD weekly meeting,80c6091d-2362-5fc3-b209-bd699b2a04e2
Github,Tanvi Sharma,2022-11-07T22:10:53,tanvi learns how to 2 column it up,eda33730-697a-59a5-a10f-47e88aa8cc1a
Github,Nicholas Yang,2022-11-08T01:47:08,Adding layout components to make everything a little more semantic,29ef716a-9860-5e02-9185-499f6567d47b
Github,Nicholas Yang,2022-11-08T02:04:50,More tweaks!,f7e95f70-36bd-5969-b759-6fb0c03501ff
Github,Nicholas Yang,2022-11-09T06:04:53,More peabody,1b627b86-dc98-563b-82db-852567a320de
Figma,Tanvi Sharma,2022-11-12T16:47:00,Figma updates from Tanvi Sharma,c0e259ba-2c75-5f07-8127-7a511f7162b7
Figma,Nicholas Yang,2022-11-12T18:32:00,Figma updates from Nicholas Yang,95cad57e-d13d-5925-9c49-821bc36983ef
Figma,Tanvi Sharma,2022-11-12T19:05:00,Figma updates from Tanvi Sharma,7869b5e8-a43f-52b8-a25f-8073f0a00854
Figma,Tanvi Sharma,2022-11-12T19:37:00,Figma updates from Tanvi Sharma,56a0716d-21c6-54da-ac61-ccdd1f16ea70
Github,Nicholas Yang,2022-11-12T21:21:47,Finished rough layout for peabody,6f326717-9393-58ad-a427-e207a8e40f26
Github,Nicholas Yang,2022-11-12T21:40:13,Tweaking peabody,23cd7525-087b-5756-bc20-3d3776dca4f6
Github,Nicholas Yang,2022-11-12T23:21:43,Type check errors,dcac7b68-ecb6-50d0-97f1-4048867dc0e5
Github,Nicholas Yang,2022-11-12T23:34:57,Dubois fixes (#2),74f96e0a-920c-523a-bd20-715ab8a608d6
Figma,Tanvi Sharma,2022-11-13T11:39:00,Figma updates from Tanvi Sharma,66eb1433-cb3b-5a70-b9ff-428ecbd5f3db
Figma,Tanvi Sharma,2022-11-13T12:08:00,Figma updates from Tanvi Sharma,290ef93c-a8e7-52f2-ac4b-523249b6871a
Figma,Tanvi Sharma,2022-11-13T14:51:00,Figma updates from Tanvi Sharma,521cad9c-3cb4-5c62-bb5c-5e2e1749e90b
Figma,Tanvi Sharma,2022-11-13T15:22:00,Figma updates from Tanvi Sharma,d974cd61-98ed-5ebd-b3d8-ca4f46db6fc2
Figma,Tanvi Sharma,2022-11-13T15:25:00,Figma updates from Tanvi Sharma,ab366780-8daa-5f63-bb69-5f1331a103aa
Figma,Tanvi Sharma,2022-11-13T17:52:00,Figma updates from Tanvi Sharma,5ab60335-f351-5fb7-b61a-856669f54cb8
Figma,Tanvi Sharma,2022-11-13T20:08:00,Figma updates from Tanvi Sharma,687dc201-9d5f-52d4-a0b8-bc04e4c1935b
Figma,Tanvi Sharma,2022-11-13T20:32:00,Figma updates from Tanvi Sharma,062450f8-fa0f-5520-a0e7-4769edcc4a45
Figma,Tanvi Sharma,2022-11-13T22:30:00,Figma updates from Tanvi Sharma,9401b46b-2c5e-54c5-a7b6-f28286687704
Figma,Tanvi Sharma,2022-11-14T15:52:00,Figma updates from Tanvi Sharma,e17005d9-ec09-59b6-bd6d-877c7dd5fe06
Figma,Tanvi Sharma,2022-11-16T22:52:00,Figma updates from Tanvi Sharma,d36516bf-9c3b-5e1a-804d-d6ccb5533cb6
Figma,Tanvi Sharma,2022-11-25T15:25:00,Figma updates from Tanvi Sharma,570c08e7-5c1b-5175-bed2-662dcd1a0e0f
Figma,Tanvi Sharma,2022-11-25T15:50:00,Figma updates from Tanvi Sharma,5616a839-8ded-5853-be7d-d8d0864722a8
Github,Nicholas Yang,2022-11-25T20:23:13,Peabody Changes (#3),c33d5894-ea0d-517e-87e0-ae76f8f9b0b7
Github,Tanvi Sharma,2022-11-25T20:39:36,Dubois Yassification (#4),3d238faf-0547-5754-a7f1-3eda2ef06db9
Github,Tanvi Sharma,2022-11-25T20:42:21,Update app.css,3eee30ca-a1b4-5012-8237-abfdb33fe143
Github,Tanvi Sharma,2022-11-25T21:52:38,Changed fonts,90ff2c03-89a3-5b73-a1de-76477b9aea83
Figma,Tanvi Sharma,2022-11-26T22:39:00,Figma updates from Tanvi Sharma,e6594b37-e6a3-5077-aef5-84b54de9e88f
iCalendar,Everyone,2022-12-02T18:00:00,DxD weekly meeting,12dbeb5c-46c4-5ddd-8366-16024c157eca
Figma,Tanvi Sharma,2022-12-02T19:29:00,Figma updates from Tanvi Sharma,cf2c86d6-3023-5d69-9015-5c1ace3605e5
Figma,Tanvi Sharma,2022-12-02T20:12:00,Figma updates from Tanvi Sharma,f24df3ec-a696-5c46-92bf-8fef9cde9561
Figma,Nicholas Yang,2022-12-03T12:44:00,Figma updates from Nicholas Yang,f32be82e-96cc-5eda-a4ce-245fe3ed4799
Figma,Tanvi Sharma,2022-12-03T16:05:00,Figma updates from Tanvi Sharma,354b2353-dcda-5d2c-9c6b-fe7c5aaa1e3f
Figma,Tanvi Sharma,2022-12-03T20:56:00,Figma updates from Tanvi Sharma,7604eae4-6369-502b-b6a5-1c9f2267aa1d
Figma,Tanvi Sharma,2022-12-03T21:14:00,Figma updates from Tanvi Sharma,08be233e-6e7c-5c70-8ff6-57d45e7a44f4
Github,Jay Varner,2022-12-04T01:33:24,Playfair (#5),8d0ca4ff-56fe-5372-a91c-edeb77cb54dd
Github,Tanvi Sharma,2022-12-04T01:49:06,apply column-grid-wrapper -> children,b4fbdeb0-f7c5-52cc-857a-37da0d4c1c83
Github,Tanvi Sharma,2022-12-04T02:44:01,Fix Remove styles/app.css from repo #8,181978a2-bf0a-5a9e-bcc0-f49d94560311
Github,Tanvi Sharma,2022-12-04T03:17:20,rename app.css,c3156ca1-4da7-584b-ba77-909c740d281b
Figma,Tanvi Sharma,2022-12-05T16:12:00,Figma updates from Tanvi Sharma,a10bf706-0aab-5af5-8d8c-b0c46d721e91
Github,Nicholas Yang,2022-12-27T19:48:50,More peabody changes (#10),e545d4e6-ce3c-5d18-81c9-b34c71b251cb
Github,Nicholas Yang,2022-12-27T20:00:27,Fixing misc bugs,8f0050cc-9763-5798-99af-16452b2e841e
Github,Jay Varner,2022-12-27T23:10:17,First pass at scrollytell (#9),e10e0cd4-c3e9-5639-b117-a87edb483b1e
Github,Nicholas Yang,2022-12-27T23:13:35,More peabody changes,fe3f925b-1ef6-557b-ad24-c0e7f1c3099f
Figma,Tanvi Sharma,2023-01-03T14:03:00,Figma updates from Tanvi Sharma,9419e7ae-dc2e-592a-b34d-ea09c8b18913
Github,Jay Varner,2023-01-03T14:28:38,Add footer to Playfair,ee4f3777-83e8-5890-8b50-6b47432bb31f
Figma,Tanvi Sharma,2023-01-03T15:03:00,Figma updates from Tanvi Sharma,97b9eacc-ba5c-50b1-b8ad-4813ac484c66
Figma,Tanvi Sharma,2023-01-03T17:59:00,Figma updates from Tanvi Sharma,8ee274c0-9e64-5dac-9620-3fa6eb85898c
Github,Jay Varner,2023-01-06T13:55:57,Small changes in response to feedback.,55f4c6f5-c4ec-517d-957e-a90fb84e36bc
Figma,Nicholas Yang,2023-01-08T16:12:00,Figma updates from Nicholas Yang,2df5690f-135a-5682-a212-abbece650276
Figma,Tanvi Sharma,2023-01-08T16:43:00,Figma updates from Tanvi Sharma,c9b658bc-bfa2-51c5-8609-27a4def21b19
Figma,Tanvi Sharma,2023-01-08T16:47:00,Figma updates from Tanvi Sharma,48997fa2-0065-5569-b4dd-fc6d4cc27007
Figma,Tanvi Sharma,2023-01-08T17:30:00,Figma updates from Tanvi Sharma,cf5c0677-e4d5-5775-8f38-933e1177dcbe
Figma,Tanvi Sharma,2023-01-09T11:14:00,Figma updates from Tanvi Sharma,c4928013-179b-5ca3-b274-5ff99bee8831
Figma,Tanvi Sharma,2023-01-09T11:45:00,Figma updates from Tanvi Sharma,720784ba-bdb1-5f72-a879-53331f5af361
Figma,Tanvi Sharma,2023-01-09T11:55:00,Figma updates from Tanvi Sharma,d2edf370-939a-5fbe-aae8-935ce5345517
Github,Tanvi Sharma,2023-01-09T15:34:57,ImageCaption component added!Not implemented everywhere yet ;),dfcac5ef-7a0f-59ec-b614-33b9ff0a1ae5
Github,Jay Varner,2023-01-09T15:37:54,Use context to track when a footnote is opened/closed,f204f9f3-a711-5ffb-bcbf-b628b16ba216
Github,Jay Varner,2023-01-09T15:40:10,Merge branch 'main' into footnote-context,d8454dfd-6220-518b-92c7-7c1731826d88
Google Drive,Lauren Klein,2023-01-09T15:54:41,society of friends images,516ced0e-6183-5139-b51f-58002f293e94
Figma,Shiyao Li,2023-01-09T16:21:00,Figma updates from Shiyao Li,b024818d-b49b-5b59-991d-c4203e21d3d3
Github,Jay Varner,2023-01-09T17:20:52,Requested changes,9ddb4bdc-2e90-5116-90c1-a5e9b19c6fac
Google Drive,Lauren Klein,2023-01-09T18:10:05,1-brooks-jan22.docx,549ce1ae-bf66-5a27-9e12-1045b65a8f35
Github,Tanvi Sharma,2023-01-09T18:37:28,Adding more FootnotesThis will all change haha!,db508c6f-65ba-5f02-b520-fd77f893c637
Github,Tanvi Sharma,2023-01-09T20:24:46,"Friendship Over with FootnotesSome are still missing in the Vue site, so they don't exist here either.",d7ff7636-a8ee-594c-9d1c-c7fa9867e36a
Github,Tanvi Sharma,2023-01-09T21:21:36,adding footnote component to playfairspacing tweaks needed,b475cb49-f484-54a9-93da-74367bc3d492
Github,Jay Varner,2023-01-09T21:47:07,Use InlineFootnote,cf2dc84f-50f2-5237-a918-32329cdee2f1
Github,Jay Varner,2023-01-09T21:55:23,Restore InlineFootnote,fd83ed43-bd66-5051-886a-2a4d5262d3cc
Github,Jay Varner,2023-01-09T22:01:40,Fix footnote numbers,e6e41613-1335-5ea1-86d2-c909f51266a9
Github,Jay Varner,2023-01-09T22:17:37,Merge branch 'main' into footnote-context,1a32507f-8ac1-5820-a777-0c64ca56797f
Github,Jay Varner,2023-01-09T22:44:17,Remove redundant import,f116f6b9-6f4e-5fa6-973b-05836290afdc
Figma,Tanvi Sharma,2023-01-10T10:05:00,Figma updates from Tanvi Sharma,d8972281-cf62-5b29-8bf7-03be652f77f9
Figma,Tanvi Sharma,2023-01-10T10:49:00,Figma updates from Tanvi Sharma,af8e9817-3987-51bf-8f35-b55b74e15833
Figma,Tanvi Sharma,2023-01-10T11:20:00,Figma updates from Tanvi Sharma,2b8f9101-75fe-531d-bb15-5d68e3a5b086
Figma,Tanvi Sharma,2023-01-10T11:54:00,Figma updates from Tanvi Sharma,a6308c74-efb9-5296-b4b0-4ad9b6bd10a0
Github,Jay Varner,2023-01-10T15:01:03,Merge pull request #14 from EmoryDHLab/footnote-contextFootnote context,217ce575-9ef4-5765-99ec-316897e5635f
Github,Jay Varner,2023-01-10T15:04:50,Add footnote state,5359d3e9-55e0-58ea-948f-c5b951a888c6
Github,Nicholas Yang,2023-01-10T16:02:44,Peabody Charts and Bug Fixes (#17),fce0f5d5-75d8-5d40-a743-97d774c3abaa
Github,Jay Varner,2023-01-10T16:46:22,Remove redundant keys.,11ba935f-884b-52fb-a566-246500be25ec
Github,Nicholas Yang,2023-01-10T20:46:01,Added timeline (#18),e6daa3d5-dbc9-5ffc-a12b-1c60a5d936ac
Github,Nicholas Yang,2023-01-10T21:39:59,More fixes and tweaks,ae1da73a-a199-5fdd-8325-0b55b0a4e092
Figma,Tanvi Sharma,2023-01-11T13:15:00,Figma updates from Tanvi Sharma,6c2c66ab-11c6-5622-85ec-fe3e91c234d2
Figma,Tanvi Sharma,2023-01-11T14:00:00,Figma updates from Tanvi Sharma,4272c0ee-8db6-5622-96ae-1b09f548290e
Figma,Tanvi Sharma,2023-01-11T14:50:00,Figma updates from Tanvi Sharma,c7ab1cde-561e-566a-873b-69a21004c032
Github,Nicholas Yang,2023-01-11T16:59:05,Fixed power,0e3c2e7f-6bdd-5f05-a675-c9e05961b211
Github,Tanvi Sharma,2023-01-11T17:22:48,friendship over with font-williamfont-power is my best friend now,a3e76e57-c909-5e0a-a7eb-284030f12892
Github,Tanvi Sharma,2023-01-11T17:53:59,tanvi font organise session,97780072-5450-57d6-b3c5-94134ffb60ba
Github,Nicholas Yang,2023-01-11T18:20:56,First run at making the Peabody sandbox,2aac57d3-abe4-5fb6-adb2-f04f0b757f14
Github,Nicholas Yang,2023-01-11T21:08:49,Added footnotes at bottom,13477ac0-e93f-5ca0-8b40-2434863b6e85
Figma,Tanvi Sharma,2023-01-12T12:26:00,Figma updates from Tanvi Sharma,39b54799-510c-534f-993a-1678c08b3e7f
Figma,Tanvi Sharma,2023-01-12T15:30:00,Figma updates from Tanvi Sharma,7eff1d3c-4a45-56e2-bac7-25b221c34938
Github,Nicholas Yang,2023-01-12T17:44:33,Mobile home page (#20),bb3937c3-fb4a-56ab-aae5-fac0933d18f1
Github,Tanvi Sharma,2023-01-12T19:34:39,"adding drop cap, messing around with pull quote format",0f3e73e3-ac81-5bf5-a64e-89909d536f8f
Github,Nicholas Yang,2023-01-12T20:21:40,Tweaked timeline dragging,4dd81b16-603b-50c9-92f6-603afd3b778a
Github,Tanvi Sharma,2023-01-12T21:03:11,fonts,9483c1f2-9ac2-59fb-be47-3235daf48411
Github,Nicholas Yang,2023-01-12T21:04:43,Added ImageModal,56d80726-85d3-5c98-98a3-09c622ba0b36
Figma,Tanvi Sharma,2023-01-13T10:38:00,Figma updates from Tanvi Sharma,17d08973-0e12-5c52-9d6f-77d0547b8852
Figma,Tanvi Sharma,2023-01-13T11:12:00,Figma updates from Tanvi Sharma,dcb1b01a-4a0d-5f53-91f1-2222373870dc
Figma,Tanvi Sharma,2023-01-13T15:03:00,Figma updates from Tanvi Sharma,2442d3a2-0081-5605-9ca4-4dc7210b474d
Github,Tanvi Sharma,2023-01-13T15:25:05,remove dupe,0cb51a69-945f-5e7c-9a0f-65b1bbf22bfb
Google Drive,Tanvi Sharma,2023-01-13T15:42:15,Chapter 6 - Labour,da43cc31-f2fc-5690-b85c-be75b6d836d3
Google Drive,Tanvi Sharma,2023-01-13T15:47:48,all-african-resistance-all-cols,b3f2c1e8-d4d5-5627-aa6a-cae6e5a894a0
Github,Nicholas Yang,2023-01-13T15:55:03,Various fixes (#21),e8bcee87-f080-50d0-82bb-ce267a5e3889
Google Drive,Tanvi Sharma,2023-01-13T16:09:18,Onboarding for Shiyao,82886c69-8bac-59d2-b7b0-86b450f5d3d3
Github,Nicholas Yang,2023-01-13T16:25:59,Fixed shuffle,2603ff43-4ce0-5810-82f5-1a448b8f3a7f
Github,Jay Varner,2023-01-13T18:01:39,Add ScrollytellContext,a82524bb-602c-5834-b84a-50c369b4cb8d
Github,Jay Varner,2023-01-13T18:02:28,Allow color overrides for footnote button and text,51618c28-e66b-5997-8b5e-28b8b20d89ca
Github,Jay Varner,2023-01-13T18:03:02,Peabody scrollytell,7f77e6b8-b82e-5ab4-8b3d-bc2dcc76762e
Github,Jay Varner,2023-01-13T18:26:31,Account for fixed nav on scrolling pins,a7d10588-a4f6-5a95-bc31-05545f20caec
Github,Nicholas Yang,2023-01-13T20:32:19,Mobile fixes,d8206eaf-00cb-531d-b676-c1c1f583170b
Github,Tanvi Sharma,2023-01-16T14:49:17,Merge branch 'main' of github.com:NicholasLYang/data-by-design,983fe2d1-3ff9-5c02-9e26-42c9797ef638
Figma,Jay Varner,2023-01-17T09:51:00,Figma updates from Jay Varner,1a3e86fe-5a65-5625-932d-554c04550f6a
Github,Jay Varner,2023-01-17T13:39:54,Fix key overlapping chart,9c29cf79-1f69-521b-8d2e-5e0f897cdb69
Github,Jay Varner,2023-01-17T13:49:14,Reorganize/rename tutorial files,b1d3af3b-4531-5bb1-ab04-67c6aec90c48
Github,Jay Varner,2023-01-17T13:50:00,Merge pull request #22 from EmoryDHLab/peabody-scrolltellPeabody scrollytell,eab3878e-fae3-503b-81cc-bc834c6e3e85
Github,Jay Varner,2023-01-17T17:59:21,Small fixes to scroll triggers,42731073-bbd4-5c31-8407-c30b02ddb331
Github,Jay Varner,2023-01-18T12:26:29,Recalculate scroll triggers when images are lazy loaded,6200e1dd-b887-59c4-a149-614ea5e36ac9
Figma,Tanvi Sharma,2023-01-18T13:04:00,Figma updates from Tanvi Sharma,e33a5c1e-c807-5776-8f19-72c328a5f8e1
Figma,Tanvi Sharma,2023-01-18T13:05:00,Figma updates from Tanvi Sharma,c4cb8fba-05c2-58c0-9d99-5fb81bd6f071
Figma,Tanvi Sharma,2023-01-18T13:08:00,Figma updates from Tanvi Sharma,a6560a7e-acf0-5651-90a3-0badc07c48fe
Figma,Tanvi Sharma,2023-01-18T13:13:00,Figma updates from Tanvi Sharma,5e252bca-7598-5164-8153-c4353eb63210
Github,Jay Varner,2023-01-18T14:15:56,Layout fix for quilt images for Peabody,5050a1ec-2257-5eb1-bf2c-35a3746d645d
Figma,Tanvi Sharma,2023-01-19T11:45:00,Figma updates from Tanvi Sharma,cf3fa4ac-a641-5390-8245-c573bb9caf7d
Figma,Tanvi Sharma,2023-01-19T11:56:00,Figma updates from Tanvi Sharma,dfebdedf-c646-50ba-8720-d80596f72b87
Github,Tanvi Sharma,2023-01-19T19:32:35,Small Type Tweaks,0db2f97c-c15a-5a51-b37b-ceb728e8dc4b
Github,Tanvi Sharma,2023-01-19T19:48:16,tweak central ><,f087cedd-bfbd-5851-93c0-e4dab9d4b83e
Github,Tanvi Sharma,2023-01-20T18:47:39,fonts resetwoe,1827a432-e43d-561a-a527-4fb9de251d79
Github,Tanvi Sharma,2023-01-20T18:50:46,Update ChapterTitle.tsxfor mobile,e5c43191-9f87-5822-8a9b-38ed76aed2e4
Github,Tanvi Sharma,2023-01-20T19:00:05,new Quotation componentthis uses reactnode jsx thingy,a67c0b5d-85c9-5b2b-8f03-3df21839e8cc
Figma,Tanvi Sharma,2023-01-23T11:36:00,Figma updates from Tanvi Sharma,8b94c061-6a7b-58c7-bca9-063300f8265e
Figma,Tanvi Sharma,2023-01-23T11:59:00,Figma updates from Tanvi Sharma,2083bbc7-ca68-5ed8-b734-1a6828825033
Figma,Tanvi Sharma,2023-01-23T13:00:00,Figma updates from Tanvi Sharma,7a996415-13e3-5798-9a40-11e1257d92ec
Figma,Tanvi Sharma,2023-01-23T13:19:00,Figma updates from Tanvi Sharma,0c03ab13-694b-5892-9782-50ce2396cdd3
Github,Jay Varner,2023-01-23T14:09:05,Switch to Scrollama for pinning and scrollytell,56a42b8c-9201-518a-b45f-5a3f90e19dba
Github,Jay Varner,2023-01-23T14:12:39,Merge pull request #26 from EmoryDHLab/scrollamaSwitch to Scrollama for pinning and scrollytell,467d6b19-92b9-5b0c-9d97-4bb5facc2b14
Figma,Tanvi Sharma,2023-01-23T14:25:00,Figma updates from Tanvi Sharma,6d6bbc52-3b4c-594a-aa61-17d7852402b5
Figma,Tanvi Sharma,2023-01-23T15:44:00,Figma updates from Tanvi Sharma,cb858530-afd8-568e-a692-4bea9b3c9cc3
iCalendar,Everyone,2023-01-23T21:00:00,DxD weekly meeting - short one this week!,08bb2098-71c7-5c4e-8573-15fe3bd22a2d
Github,Tanvi Sharma,2023-01-23T21:58:24,tweaks> Rename to Shannadithit> Image modal is now larger> IntroParagraph -> IntroSentence> Reorganize Chapter Nav,fd92ab74-d3a0-57b7-bde5-55db678c45db
Github,Jay Varner,2023-01-25T21:19:35,Adding Peabody quiz,033c711c-f25a-5062-8b34-a5fe6ee17509
Github,Jay Varner,2023-01-25T21:33:17,Fix changing century,a5ad6382-c095-5a7f-8663-df6df100421a
Github,Jay Varner,2023-01-25T21:34:44,Merge pull request #27 from EmoryDHLab/peabody-quizPeabody quiz,dca02639-9a23-5475-9ab2-10f47709a7fe
Github,Tanvi Sharma,2023-01-26T14:06:39,Update peabody.tsxtweaks on column layout consistency,a22b798c-1c5c-5f30-bd4a-79c1b4905461
Github,Tanvi Sharma,2023-01-26T14:44:17,Update Playfairrearranging columnsadding quotations,5bbc4dde-c2e5-5c6c-9963-5221954c129a
Github,Tanvi Sharma,2023-01-26T14:44:58,Update Quotation.tsxsemantic tag,d894f291-87fc-5f96-ac5a-5849a2087ea1
Github,Jay Varner,2023-01-26T14:58:33,Peabody quiz improvements,c007a76f-2d73-5424-a15e-313ac4b8c36b
Github,Jay Varner,2023-01-26T14:59:09,Merge branch 'peabody-quiz',e6f7dbcf-7d16-56de-9211-6f5b2d51a614
Github,Jay Varner,2023-01-26T19:28:43,Add hover interactions to Peabody quiz,0b660f37-e584-57a9-91d9-c6ba54b91f2a
Github,Jay Varner,2023-01-27T16:42:38,Add arrow to scrollytell,3ac1b5a0-b845-56b8-a885-9fdba2df9225
Github,Jay Varner,2023-01-27T16:43:01,Adjust hover highlights,f1d7169e-33ac-55d3-837b-c5309006f22c
Figma,Tanvi Sharma,2023-01-30T16:03:00,Figma updates from Tanvi Sharma,d1c28c13-5588-5e11-8cc2-9bcf8a240b21
Figma,Tanvi Sharma,2023-01-30T16:32:00,Figma updates from Tanvi Sharma,7a22ef6c-e80e-595e-9264-bb27cec70b64
Figma,Tanvi Sharma,2023-01-30T16:44:00,Figma updates from Tanvi Sharma,3fb4a4cf-3090-5739-b29e-7396d056f583
Figma,Tanvi Sharma,2023-01-30T17:48:00,Figma updates from Tanvi Sharma,87c83e45-3415-54b5-82c2-0816513cdf2c
Google Drive,Lauren Klein,2023-01-30T20:28:15,DxD Fall 2021 - Spring 2022 Running Meeting Notes,69771e6c-587f-52a7-925c-2c268e58c67b
iCalendar,Everyone,2023-01-30T21:30:00,DxD weekly meeting,a759a3c9-72f1-5b50-9033-0624ad7ff41e
Figma,Tanvi Sharma,2023-02-03T10:15:00,Figma updates from Tanvi Sharma,03243b38-eac0-5a4e-98d3-1c4ebb36d8cb
Figma,Tanvi Sharma,2023-02-03T11:06:00,Figma updates from Tanvi Sharma,7ced429f-fab3-56cc-9f11-c8ff4a5700c7
Figma,Tanvi Sharma,2023-02-03T12:12:00,Figma updates from Tanvi Sharma,93ff45a9-a2b1-5699-b11b-0c6c5ca8fa95
Github,Tanvi Sharma,2023-02-03T17:11:37,"power hoversStarting it out, components are made.",54499de6-38ad-5401-88ba-29d3a0903a59
Figma,Tanvi Sharma,2023-02-03T17:42:00,Figma updates from Tanvi Sharma,fe29ebd8-24f2-561e-bd5d-bfce0970fe30
Github,Tanvi Sharma,2023-02-03T18:11:26,Adding some captions component where needed.Confused b/w the hierarchy of Figure / Image Modal / Image Caption.Can @NicholasLYang make a clean example for the first playfair chart that I can apply everywhere?,f895cf19-5617-5d2b-805b-0b9e377d83be
Figma,Lauren Klein,2023-02-03T18:57:00,Figma updates from Lauren Klein,1ce2f24b-541b-5318-9f14-fa94023e2a8c
Figma,Tanvi Sharma,2023-02-03T19:22:00,Figma updates from Tanvi Sharma,40a2351f-dad1-54ed-b632-22d985bcaa98
Figma,Tanvi Sharma,2023-02-03T20:07:00,Figma updates from Tanvi Sharma,55efdf37-262f-5d30-bca1-0d7c4d304223
Github,Tanvi Sharma,2023-02-04T00:17:50,Hoverrrr> Add underlines> Check w Nick if Hover things should be different components,eb878643-aaf7-5f87-af7d-74099471e1ba
Github,Tanvi Sharma,2023-02-04T01:18:14,Adding TwoColumn to Dubois,2f393148-9960-5b43-8892-93f7a3e77d77
Figma,Jay Varner,2023-02-04T16:56:00,Figma updates from Jay Varner,821751d4-d1e1-503b-83af-9f5908a31838
Figma,Tanvi Sharma,2023-02-06T15:12:00,Figma updates from Tanvi Sharma,9c232683-84bf-57ed-bc15-1f776885028e
Figma,Tanvi Sharma,2023-02-06T15:36:00,Figma updates from Tanvi Sharma,ada2cb94-92c4-5024-8cbb-78922c70908a
Figma,Tanvi Sharma,2023-02-06T16:29:00,Figma updates from Tanvi Sharma,d942801f-7107-5fd2-bc72-c524fe21ae02
Google Drive,Tanvi Sharma,2023-02-06T17:40:52,Spring / Summer 2023 Team Timeline,c6eb0aec-0390-5960-81f8-16449dc84f1c
Figma,Tanvi Sharma,2023-02-06T18:43:00,Figma updates from Tanvi Sharma,c85304e8-dfed-5500-8740-eb9c09d86937
Figma,Tanvi Sharma,2023-02-07T15:12:00,Figma updates from Tanvi Sharma,54e0ce63-2d56-5e8f-8bde-343dd9d40d0d
Figma,Tanvi Sharma,2023-02-07T16:02:00,Figma updates from Tanvi Sharma,8068edb2-fef7-5436-a532-c04aead09617
Figma,Tanvi Sharma,2023-02-07T17:37:00,Figma updates from Tanvi Sharma,8cf06937-9588-5025-a4d0-cdacc1096bd9
Figma,Tanvi Sharma,2023-02-07T17:39:00,Figma updates from Tanvi Sharma,365b17f5-a42d-56b8-9c8e-e6f56dd04e21
Figma,Tanvi Sharma,2023-02-08T14:27:00,Figma updates from Tanvi Sharma,4051f9eb-d6d4-5116-b537-585a16cc7464
Figma,Tanvi Sharma,2023-02-08T14:29:00,Figma updates from Tanvi Sharma,c27f3975-f224-52ef-9d32-541e07ae9050
Figma,Jay Varner,2023-02-09T13:30:00,Figma updates from Jay Varner,75dc453b-adb8-5fae-a4ab-73a8c114a597
Figma,Tanvi Sharma,2023-02-09T14:46:00,Figma updates from Tanvi Sharma,e5a4d7b6-7356-5c01-8741-1d1137f5aab0
iCalendar,Everyone,2023-02-09T20:00:00,DxD work session,88847373-6694-57df-85c4-b5c29221a312
Figma,Tanvi Sharma,2023-02-10T11:45:00,Figma updates from Tanvi Sharma,54a5a78f-dbc7-5e30-81c9-de0e5766a9ae
Github,Jay Varner,2023-02-10T15:16:32,First rework of Peabody Scrollytell,7940fb2d-385e-5136-8997-3673b992ba6a
Github,Jay Varner,2023-02-13T13:09:16,First steps toward mobile Scrollytell,c86b244c-2136-509c-ad8d-a9f24fc2e46d
Github,Jay Varner,2023-02-13T15:32:42,More scrollytell work,3f43295b-dfb4-5506-9af5-ba9b7c321d33
Github,Jay Varner,2023-02-13T15:34:00,Timeline fix,e681e5f3-b21c-5cf0-be4b-6ee5410cd17a
Figma,Tanvi Sharma,2023-02-13T15:50:00,Figma updates from Tanvi Sharma,29897348-b37d-56b0-a28c-b3860331f5a5
Github,Jay Varner,2023-02-13T20:28:05,Mobile adjustments,fcf35635-ccda-5beb-aae4-9a0bca54f1db
Github,Jay Varner,2023-02-14T14:48:19,Fix Peabody hover text and add keyboard support,3b5abbef-6ba2-580b-8fd9-d7a0a552517f
Github,Jay Varner,2023-02-14T14:48:36,Updated Peabody Scrollytell,57906b86-6ba1-5f9b-ad13-ba2a6615969d
Github,Jay Varner,2023-02-14T14:58:53,Merge pull request #28 from EmoryDHLab/new-peabody-scrollytellNew peabody scrollytell,0a0d6105-230f-596a-8aa4-6c4f48de969f
Github,Jay Varner,2023-02-14T16:11:28,Remove extra margins,e0212b54-ca75-5f22-98e2-f2b1c97e2afc
Github,Jay Varner,2023-02-14T16:21:46,Remove scrollprogress,70bbf8f2-5e7d-5c71-b359-61e5490e08fb
Github,Jay Varner,2023-02-14T18:48:56,Merge pull request #29 from EmoryDHLab/playfar-mobilePlayfair mobile,7645a244-be18-5475-aca6-ed792b30faaf
Github,Jay Varner,2023-02-15T15:18:53,Spacing fix for Playfair,d3949fa2-905d-5613-938f-88684204cdde
Figma,Tanvi Sharma,2023-02-16T13:41:00,Figma updates from Tanvi Sharma,1f9e3e76-d431-5a29-a4bc-8ae0d92a841b
Github,Jay Varner,2023-02-16T13:50:35,Fix chapter nav,7b344413-876c-5302-b561-a16a32825c89
Figma,Tanvi Sharma,2023-02-16T14:01:00,Figma updates from Tanvi Sharma,9162929c-cf00-5c61-8b52-87b91e9d3dc2
Github,Jay Varner,2023-02-16T14:24:22,Small spacing adjustments and removal of unnecessary tags,52cbede4-9cb8-5b67-aeb4-fdbccfe9c560
Github,Jay Varner,2023-02-16T17:13:56,A step toward peabody mobile,380340e9-1ef0-5f02-a7f0-ebbe1255dd16
Github,Jay Varner,2023-02-17T13:58:49,Peabody layout fixes,10d608cd-29bb-5925-a121-8da8e026baf5
Github,Jay Varner,2023-02-17T22:02:40,Initial setup for Brooks,9716de00-ff8c-582a-afac-ce1b9f318292
Github,Jay Varner,2023-02-17T22:03:16,Merge pull request #30 from EmoryDHLab/brooksInitial setup for Brooks,e6ff4068-03aa-5ce9-9918-a53f4d45c043
Github,Lauren Klein,2023-02-17T22:19:50,Updating chapter cards,c6958132-e9d3-592c-aa5b-39ca8c641113
Figma,Tanvi Sharma,2023-02-18T12:27:00,Figma updates from Tanvi Sharma,dd2c9778-e5c2-5ff0-a93d-56493259da83
Github,Jay Varner,2023-02-18T17:31:01,Merge pull request #31 from EmoryDHLab/front-page-textUpdating chapter cards,6b1256c0-68d2-53ff-8cd3-701a4b781c52
Github,Jay Varner,2023-02-20T15:16:00,Slightly refined Brooks scrollytell,7de500f6-1225-5e8d-9b9a-5aceece2e9a9
Github,Jay Varner,2023-02-20T16:39:31,Safari fixes,3a06ea0c-84da-54a2-9752-883ae110e365
Google Drive,Lauren Klein,2023-02-20T20:32:29,MITP Contract,733e0691-0f54-5cee-85a3-9e793d9ca606
Github,Jay Varner,2023-02-20T20:32:52,More Brooks scrollytell refinements,52108997-c18c-5f83-b557-817aa4982f6f
Github,Jay Varner,2023-02-21T13:05:09,Add numbers to footnote list,57a286bd-6695-5f41-bcc8-b39444cc133a
Github,Jay Varner,2023-02-22T20:53:57,Refactor scrollytell components to use wrapper,0cb1e61b-2338-5011-93cd-27e36afc6728
Github,Jay Varner,2023-02-22T20:55:42,Accessibility and useability improvements to home page timeline,503aac7e-8c0e-54db-b720-26e4cb0b24d9
Github,Jay Varner,2023-02-22T20:58:38,Add alt text to buttons for accessibility,7858a186-2947-53d4-bb90-295d89625ef3
Figma,Tanvi Sharma,2023-02-23T13:58:00,Figma updates from Tanvi Sharma,2e7565a0-4e95-575d-bafa-db8dcaeb33b0
Figma,Tanvi Sharma,2023-02-23T14:33:00,Figma updates from Tanvi Sharma,fdac96d1-cfd7-55ac-a2da-f85864b3d8de
Figma,Tanvi Sharma,2023-02-23T15:04:00,Figma updates from Tanvi Sharma,871c1742-bb7b-5f0d-ba0c-3708ebd6d6be
Figma,Tanvi Sharma,2023-02-23T16:20:00,Figma updates from Tanvi Sharma,e9ab550a-4358-5405-9f43-d65d427b74a8
Github,Lauren Klein,2023-02-23T18:23:45,Minor tweak to Peabody subtitle,455c43fb-28ec-5fc9-a6d6-32de3794c3a1
Github,Tanvi Sharma,2023-02-23T21:16:09,smol type changes,b8153100-5828-528a-90c9-4a1063cda26f
Figma,Tanvi Sharma,2023-02-26T16:05:00,Figma updates from Tanvi Sharma,85fa7d6d-2a84-56aa-ab68-65af7ea69baf
Google Drive,Lauren Klein,2023-02-26T17:45:09,Addresses for MITP contract,26593be6-0fea-509d-9296-bc6a6557803e
Github,Nicholas Yang,2023-02-27T05:40:57,Fixing build error,c3d82060-be46-5e39-8582-7cd8064c0452
Github,Tanvi Sharma,2023-02-27T06:01:23,made pngs. might still need to update the file extensions in the code,0a2a7ce7-4b75-5655-b902-5570b34ed1eb
Figma,Tanvi Sharma,2023-02-27T12:15:00,Figma updates from Tanvi Sharma,2e11b5ef-8a00-55ba-a1eb-16adebc0703f
Figma,Tanvi Sharma,2023-02-27T12:53:00,Figma updates from Tanvi Sharma,73590a20-d6f3-5d13-887d-6ea1242f7c4c
Figma,Jay Varner,2023-02-27T13:00:00,Figma updates from Jay Varner,f912436c-2a49-526b-8243-6928e509a5af
Figma,Tanvi Sharma,2023-02-27T14:49:00,Figma updates from Tanvi Sharma,3499a8c4-138f-5385-a7fb-098553f5dcac
Github,Tanvi Sharma,2023-02-27T15:04:29,fixing img file extensions,bf9f6413-409b-5ec1-a54a-14bb2ccd67d8
Github,Tanvi Sharma,2023-02-27T15:10:02,power jpeg->png,e1ff4cde-3126-5703-a47f-b66ad4f7c820
Github,Tanvi Sharma,2023-02-27T15:18:18,power jpeg -> pngone more time!,a6de49d0-2e57-5d23-a051-94ca45b3816a
Github,Tanvi Sharma,2023-02-27T15:24:35,jpg -> pngsorry i cant do it in one go,31a1ecab-7415-57bd-ad13-4aa0996e9b1b
Figma,Tanvi Sharma,2023-02-27T15:53:00,Figma updates from Tanvi Sharma,45a6bff7-37e4-50fa-9427-04465c472bfb
Figma,Nicholas Yang,2023-02-27T17:20:00,Figma updates from Nicholas Yang,9807ab8d-fff1-5aee-8bd8-9ff303611b0d
Google Drive,Shiyao Li,2023-02-28T12:25:49,Understanding The Slave Trade Data,6b46d42e-cf67-5066-b897-75378ac8cd77
Github,Jay Varner,2023-03-01T13:35:01,Add keyboard navigation for homepage timeline,a207cc85-4af4-5fa5-b8f9-3ca72b46cb33
Github,Jay Varner,2023-03-01T16:02:16,Show chapter card backgrounds on focus,6e56e740-4b3f-56ac-853b-da50e2776a51
Figma,Tanvi Sharma,2023-03-02T13:45:00,Figma updates from Tanvi Sharma,021360e0-2489-5ab3-91c1-28079999206d
Figma,Tanvi Sharma,2023-03-02T14:26:00,Figma updates from Tanvi Sharma,71152a8c-714a-5b9a-83c9-3c60217a4e15
Figma,Tanvi Sharma,2023-03-03T16:58:00,Figma updates from Tanvi Sharma,61016220-696a-5eb9-b95f-7dde7b0edf5f
Github,Tanvi Sharma,2023-03-03T17:13:00,img edits,17bac2a1-3d0f-5c82-a0ad-d4a3709f646a
Github,Lauren Klein,2023-03-03T21:39:46,Adding required funding details to footer,91cd5ee4-ae34-5138-879d-a3fc561ca692
Github,Lauren Klein,2023-03-03T21:59:59,Adding in contact info too...,23095eab-64de-5859-a132-901f740eaee9
Figma,Tanvi Sharma,2023-03-06T13:22:00,Figma updates from Tanvi Sharma,0200f547-388f-5bbf-82dd-9370a1f6e7f9
Github,Jay Varner,2023-03-06T14:34:52,Rework of Peabody scrollytell and timeline/bar graph,33ecac88-d48e-5238-8f36-b63164475d2c
Github,Tanvi Sharma,2023-03-06T15:50:27,Dubois Hover fixes,fc6b6be0-5ab6-5edd-90b6-f54c808c2f5d
Github,Tanvi Sharma,2023-03-06T15:50:34,Merge branch 'main' of github.com:NicholasLYang/data-by-design,78fdb1f3-25d5-5ad7-b771-9cd58ba77108
Github,Jay Varner,2023-03-06T18:42:50,Add hover text for the Marie Séraphique image,52d03c35-14c0-5a15-b985-50e4e5ad20de
Github,Tanvi Sharma,2023-03-06T20:37:07,Merge branch 'main' of github.com:NicholasLYang/data-by-design,805d8b13-97f9-5378-9f9a-93e94e6aff19
Figma,Tanvi Sharma,2023-03-07T13:36:00,Figma updates from Tanvi Sharma,9576c61e-903c-592d-a875-8c7c07765ea1
Figma,Jay Varner,2023-03-07T14:10:00,Figma updates from Jay Varner,9b122049-123f-538c-837f-8c5665c43c95
Figma,Tanvi Sharma,2023-03-07T14:15:00,Figma updates from Tanvi Sharma,c11a78fc-3347-524e-a598-f43c3cf26324
Github,Jay Varner,2023-03-07T15:01:32,Replace IntroSentence component with CSS - better for screen readers,c97bf16b-95aa-5a74-b261-3ffb69504a03
Github,Jay Varner,2023-03-07T15:12:11,Remove debug logs,62c77377-29e3-5653-a51b-134cc107b68f
Google Drive,Lauren Klein,2023-03-07T18:04:37,Chapter 0 - Intro,989eee09-d33b-577a-9b5f-2738fc822d3c
iCalendar,Everyone,2023-03-07T20:00:00,DxD work session,8fbf5588-1658-56f3-a4ae-4b54a3fc8032
Github,Tanvi Sharma,2023-03-07T20:01:06,Editing About page,5c2df3d2-71a0-506d-ab5d-136d1290b3b7
Github,Tanvi Sharma,2023-03-07T23:58:20,design edits to Peabody componentbuttons need to be smaller but I couldn't figure out how without messing up,c57193a1-58a2-5ff4-86fc-3baef2c08837
Github,Tanvi Sharma,2023-03-08T00:20:50,Update PeabodySandbox.tsxGraphic Desiggggn,56c2bc18-c759-57c1-aff5-34acafa18622
Figma,Tanvi Sharma,2023-03-08T11:03:00,Figma updates from Tanvi Sharma,8b702ceb-6ba6-5d96-b878-f2d4d43baa95
Github,Jay Varner,2023-03-08T13:06:38,Keyboard control for scrollytell,f9da0769-47c4-5bbd-8a3d-c8c1fac134d2
Github,Jay Varner,2023-03-08T13:07:11,Hide some interactions on mobile,7dd1c2b2-a174-5e1d-b7a8-6c4c2debb39f
Github,Jay Varner,2023-03-08T13:07:35,Slow down Seraphique tour,939eeded-3b91-57e7-9cff-e2c41d52efc8
Github,Jay Varner,2023-03-08T13:49:25,Remove references to IntroParagraph component,b5ff4e16-ca12-507b-8986-bce52405483e
Figma,Tanvi Sharma,2023-03-08T15:14:00,Figma updates from Tanvi Sharma,4977f73a-885a-5f2b-b49e-1136c3f0db95
Figma,Tanvi Sharma,2023-03-08T15:52:00,Figma updates from Tanvi Sharma,3ccf5a16-2e8e-5919-85cc-f628d9670889
Github,Lauren Klein,2023-03-08T18:36:55,Adding abstract on front page,963f396b-b993-537e-b691-c40d76c253ff
Github,Lauren Klein,2023-03-08T18:38:01,Tweaking tagline,598edc0b-89d7-5b13-8f80-0f07d11c6a53
Github,Tanvi Sharma,2023-03-08T20:06:28,Update about.tsx,5991163e-3832-591b-8e3f-08b8d98a5f0a
Github,Tanvi Sharma,2023-03-08T20:06:30,Merge branch 'main' of github.com:NicholasLYang/data-by-design,525b7bf2-7ecd-5c2b-bf4b-6848148daad3
iCalendar,Everyone,2023-03-08T22:00:00,DxD work session,ff07c297-739b-52eb-a4ef-b63ea54461b3
Figma,Tanvi Sharma,2023-03-09T14:46:00,Figma updates from Tanvi Sharma,40d3b65e-e859-5b83-b3f9-47e3ffe0f204
Figma,Tanvi Sharma,2023-03-09T16:30:00,Figma updates from Tanvi Sharma,f2725059-eaf9-5e53-b078-1a36eff392d3
Github,Jay Varner,2023-03-09T18:37:22,Rename chapter context source file,515fc252-f06f-58e0-aead-3d6d5a702520
Github,Jay Varner,2023-03-09T18:38:04,"New Brooks ""plan"" image",63aee2ff-89d7-50eb-a3e7-c7c87f168981
Google Drive,Lauren Klein,2023-03-09T18:41:38,intro draft,fb806b4d-bf67-5e53-b64a-8cc01b14ad5b
Google Drive,Lauren Klein,2023-03-09T23:15:07,brooks v 2 - march 2023,784ecf54-8480-59c6-8184-d7ceeb09dedd
Figma,Tanvi Sharma,2023-03-10T15:02:00,Figma updates from Tanvi Sharma,7983b102-800d-5702-99d5-3f7e99f1361e
Figma,Tanvi Sharma,2023-03-10T15:28:00,Figma updates from Tanvi Sharma,f0311172-3695-54b4-b657-d3b3d1e5bb85
iCalendar,Everyone,2023-03-10T21:00:00,DxD work session,531dbfd0-44d7-5726-815f-15995073bcbd
Github,Tanvi Sharma,2023-03-10T21:09:30,moving things aroundtrial 1. this didnt necessarily worksome edits incoming.,eb5e4820-6378-5554-912a-0c7cc52bb4c0
Github,Tanvi Sharma,2023-03-10T22:51:31,Permutation 2Probably need to add a gradient or something,24a600e3-c465-55c2-98a1-53abe54755e8
Figma,Tanvi Sharma,2023-03-12T21:34:00,Figma updates from Tanvi Sharma,e0dc6b10-956b-5b1a-907e-771f6e3cc6b9
Github,Jay Varner,2023-03-13T12:52:30,Cleanup hover text in Dubois visualization. Fixes #24,823e5806-3e9c-57b6-851f-efbc84258e8c
Github,Jay Varner,2023-03-13T13:06:24,Buttons smaller on Peabody bar graph viz,9f63a967-e329-56e4-9e67-0a159ee2ae7f
Github,Jay Varner,2023-03-13T13:15:07,Remove debug statement,5c319c25-efb3-5b0f-8a18-613e83041a7e
Figma,Tanvi Sharma,2023-03-13T15:52:00,Figma updates from Tanvi Sharma,9547a91e-e1d5-541e-9a32-2744c6f3d52e
Figma,Tanvi Sharma,2023-03-13T16:18:00,Figma updates from Tanvi Sharma,75b19077-4d6f-5e46-8bf8-0c3183838467
Figma,Tanvi Sharma,2023-03-13T16:58:00,Figma updates from Tanvi Sharma,143d4611-c3d3-5915-9d7f-11d57c0f474b
Figma,Tanvi Sharma,2023-03-13T17:13:00,Figma updates from Tanvi Sharma,fe6490fa-541c-5077-8367-76fb4215bea4
Figma,Tanvi Sharma,2023-03-13T18:08:00,Figma updates from Tanvi Sharma,b1ab1ad9-4a39-56db-af22-d58f9dc20932
Github,Jay Varner,2023-03-14T01:11:40,Fix for Playfair charts,d99b6fc7-e34a-50b8-af1b-9798b26130ff
Github,Jay Varner,2023-03-14T12:09:36,Pass sizes to button component,d5e3644e-6c12-5a27-98e7-0fc9cf021f46
Github,Jay Varner,2023-03-14T12:12:33,Import as type,e110a624-c6b1-5ca9-bae9-161388c8daa3
Github,Jay Varner,2023-03-14T12:18:07,Add responsive widths,84493df2-9ccb-5796-87e2-f212c7bbbe1b
Github,Jay Varner,2023-03-14T12:52:54,Remove errant import,45a8596d-2eac-5e3f-94cb-b8f8f7aaad5e
Github,Tanvi Sharma,2023-03-14T23:54:40,fixing semantics,53049196-26cf-5ffe-bac8-fcfd3c41dc24
Figma,Tanvi Sharma,2023-03-16T11:22:00,Figma updates from Tanvi Sharma,6163ee92-6583-507a-9e47-c2aaaff8334d
Figma,Tanvi Sharma,2023-03-16T12:05:00,Figma updates from Tanvi Sharma,06bdbef7-8b8e-5e05-b56f-398f4d47de30
Figma,Tanvi Sharma,2023-03-16T12:20:00,Figma updates from Tanvi Sharma,401aa7f4-a904-5fcf-b579-31df7abe9b9d
Figma,Tanvi Sharma,2023-03-16T13:25:00,Figma updates from Tanvi Sharma,e58014ba-0f9b-5fb0-a964-1218112617b0
Figma,Tanvi Sharma,2023-03-16T13:47:00,Figma updates from Tanvi Sharma,fa1b2d10-ee0d-5038-af6f-97193fdcb490
Figma,Tanvi Sharma,2023-03-16T15:01:00,Figma updates from Tanvi Sharma,99d0d327-741f-56fc-8279-bf56e9a79f57
Github,Tanvi Sharma,2023-03-16T15:28:52,Update fonts.css,e2ebbdb5-b931-5dbc-b254-c5a42cd59f71
Github,Tanvi Sharma,2023-03-16T15:29:47,Merge branch 'homepage-alt-2',40843a8a-d1d5-5e36-ab07-be05346430e3
Github,Tanvi Sharma,2023-03-16T15:35:06,Top to Bottom,2b6f82e8-0e2b-59c5-b2a2-26e9afd99c89
Github,Jay Varner,2023-03-16T15:50:36,Index fix,6f2c4f2d-8c03-5559-8783-a57a6fff6262
iCalendar,Everyone,2023-03-16T17:00:00,DxD work session,2daad83a-e29b-5631-a667-769ebb58008d
Figma,Tanvi Sharma,2023-03-20T10:04:00,Figma updates from Tanvi Sharma,fde172f1-e392-531f-b1fa-b513563ae9dd
Figma,Tanvi Sharma,2023-03-20T14:10:00,Figma updates from Tanvi Sharma,5a31013b-3e30-5d46-a8d0-2d45fa267064
Figma,Tanvi Sharma,2023-03-20T14:43:00,Figma updates from Tanvi Sharma,510be8ff-df38-5ec0-a154-db49b8569adc
Figma,Tanvi Sharma,2023-03-20T14:57:00,Figma updates from Tanvi Sharma,4b2c36b9-1d6d-52e8-b9de-44747478d968
Figma,Tanvi Sharma,2023-03-20T15:47:00,Figma updates from Tanvi Sharma,60a70d23-5ebe-5c04-9175-c32d2e4bfc66
Figma,Tanvi Sharma,2023-03-20T16:12:00,Figma updates from Tanvi Sharma,8cbb3976-9d8e-5900-a73d-40b718f6a807
Github,Tanvi Sharma,2023-03-20T21:06:08,spacing edits,11d4a127-c2a8-54d8-afde-023634c1089e
Github,Tanvi Sharma,2023-03-20T21:08:03,-,da637c56-bb23-556e-a16e-3d8a2378cbda
Figma,Tanvi Sharma,2023-03-21T12:48:00,Figma updates from Tanvi Sharma,7d0fa6f1-7d2a-51b3-846b-79bb33226c3a
Github,Jay Varner,2023-03-21T13:20:32,Move actors to left,aa115b31-52c9-5f3c-8175-8c3aa5bc4273
Github,Jay Varner,2023-03-21T14:18:01,Disable auto scrolling when timeline focus. Rethink after design updates,8e517378-aa08-551d-a0f9-9d37731ad315
Figma,Tanvi Sharma,2023-03-22T12:02:00,Figma updates from Tanvi Sharma,5efb0bb8-dfbb-510e-a2d7-1eb8aef2ea95
Google Drive,Lauren Klein,2023-03-22T14:58:05,Credits text,48fa51d0-aa46-5e0b-8da8-5d769cc0d7c3
Github,Tanvi Sharma,2023-03-22T15:58:57,"updating about pageTO DO - styling, links",5fbb4d1a-1e4a-518c-a9bf-5b4c3caa224a
Github,Tanvi Sharma,2023-03-22T16:13:23,minor spacing fixes,9bad8f70-8c29-58cc-9313-354cedc1ac15
Github,Tanvi Sharma,2023-03-22T16:42:26,"Fixing DuBois Hover, should try to find a fix for changing caption automagically.",9fbc32be-2bf6-5299-85b9-2bd3ce6700df
Figma,Tanvi Sharma,2023-03-23T14:19:00,Figma updates from Tanvi Sharma,038935ea-2c5d-5a4b-9828-2b74ac6dbdc8
iCalendar,Everyone,2023-03-23T18:30:00,DxD work session,b394aee1-bb7d-5c85-a8e2-f0b95e4209fd
Github,Jay Varner,2023-03-23T19:40:43,New Peabody Quiz,148e2ee0-60f9-575a-8236-52248b086482
Figma,Tanvi Sharma,2023-03-24T09:24:00,Figma updates from Tanvi Sharma,6d790146-4f11-5956-a8be-cd36a1ed1315
Figma,Tanvi Sharma,2023-03-24T12:50:00,Figma updates from Tanvi Sharma,a6dbdfff-da77-55ab-8fc5-afff0625ad6d
Figma,Jay Varner,2023-03-25T21:44:00,Figma updates from Jay Varner,0778d57c-d635-505b-ad5b-a04c7e8788d2
Figma,Tanvi Sharma,2023-03-25T22:15:00,Figma updates from Tanvi Sharma,0d9d96ef-e80f-5768-bd32-77c05e3306a6
Figma,Tanvi Sharma,2023-03-25T22:17:00,Figma updates from Tanvi Sharma,db0fbacf-5561-54e1-9b74-8e0f1cc22122
Figma,Tanvi Sharma,2023-03-26T11:42:00,Figma updates from Tanvi Sharma,988277ba-ab01-5fe3-acad-898ceeaaed8e
Github,Tanvi Sharma,2023-03-26T15:21:35,"Adding Intro, editing about.-",de1c0676-70b1-503b-b09a-67da24d4ba4a
iCalendar,Everyone,2023-03-27T20:30:00,DxD weekly meeting,c9a70237-49a8-51d8-9a7e-24b462ae6614
Figma,Tanvi Sharma,2023-03-28T12:10:00,Figma updates from Tanvi Sharma,3d5b464e-923b-5e3e-a4c6-01ce148c9ff2
Figma,Tanvi Sharma,2023-03-28T13:45:00,Figma updates from Tanvi Sharma,b17e2b22-62ab-557f-bfc9-bb701d1b7bdf
Figma,Tanvi Sharma,2023-03-28T14:38:00,Figma updates from Tanvi Sharma,722a4b2a-c7dd-504e-91a3-d7795c3af066
Figma,Tanvi Sharma,2023-03-28T14:50:00,Figma updates from Tanvi Sharma,0891c495-8d76-53b0-90ab-52b253b0faf3
Figma,Jay Varner,2023-03-28T15:42:00,Figma updates from Jay Varner,d31e6c98-6d4d-5c15-8199-bd4ffd8c2b5d
Figma,Tanvi Sharma,2023-03-28T20:52:00,Figma updates from Tanvi Sharma,6a2399da-9455-584a-be08-f521369288cd
Figma,Tanvi Sharma,2023-03-29T15:06:00,Figma updates from Tanvi Sharma,8b93f33c-6423-5308-9f7f-97a71d06bc9f
Figma,Tanvi Sharma,2023-03-31T11:16:00,Figma updates from Tanvi Sharma,6e641cfa-099c-57bd-b01f-50c47c14666a
Github,Jay Varner,2023-04-03T14:50:41,Potential figure management,32a889d6-34a7-5268-9b32-0b7ab4c51a10
Figma,Tanvi Sharma,2023-04-03T15:39:00,Figma updates from Tanvi Sharma,5d639a42-f7ad-586f-b482-303f8a6ab7ed
Google Drive,Lauren Klein,2023-04-03T21:23:05,Zoe Research,de274bf7-ffe8-5f2a-97a1-693cfee998e3
Google Drive,Lauren Klein,2023-04-03T22:05:36,maps draft 5.docx,bfd32794-7e78-5d7e-add5-fcf92ab45359
Figma,Tanvi Sharma,2023-04-04T15:17:00,Figma updates from Tanvi Sharma,0537846f-17d1-50a8-9ea8-4b56ebd0191e
Figma,Tanvi Sharma,2023-04-04T18:21:00,Figma updates from Tanvi Sharma,25836a9c-79af-5a74-9791-f122169bb4dd
Figma,Tanvi Sharma,2023-04-05T17:33:00,Figma updates from Tanvi Sharma,9045bd3c-e68e-56d4-8fad-82759aea2973
iCalendar,Everyone,2023-04-06T19:00:00,DxD work session,8d429d56-33e7-5b51-b376-bbd7f267eca7
Github,Nicholas Yang,2023-04-09T03:13:41,"Homepage Changes (#32)This is not the full set of changes, but it's a little bit of,297adc60-57c6-56d0-9626-f4808a74f9a8
refactoring and style changes towards the new homepage design.",3091c3eb-af50-5c9a-8ea4-1f9f766deac8
Github,Tanvi Sharma,2023-04-10T14:36:29,mobile padding adjustments,5f020f36-d195-5a0c-a131-52a3080f6e66
Github,Tanvi Sharma,2023-04-10T14:43:05,fixing left padding on drop cap-,e8331e45-1788-5ce3-b771-b5e704bfbb2c
Github,Tanvi Sharma,2023-04-10T14:49:20,fixing left padding on drop capi want the padding for first-paragraph to be 0rem 0.5rem .5rem 0rembut it didnt quite work,807f19cb-736d-5183-9257-e79fe2cc000d
Github,Jay Varner,2023-04-10T16:01:14,Peabody LED Chart viz,df04af94-86ef-50e9-8523-117b45441f07
Github,Jay Varner,2023-04-10T18:00:32,Fix scrollytell bug,7634b684-4370-5d1f-a80b-37827387133a
iCalendar,Everyone,2023-04-10T20:30:00,DxD weekly meeting,3341d6a6-21e4-5fc9-9f2c-fb108b8a29d4
iCalendar,Everyone,2023-04-13T19:00:00,DxD work session,f25a8ab5-dbe1-5536-a76e-556ae7eca57c
Figma,Tanvi Sharma,2023-04-17T12:51:00,Figma updates from Tanvi Sharma,4fd0192d-bcf9-5c0a-8860-3be9d5d64d0b
Figma,Tanvi Sharma,2023-04-17T15:30:00,Figma updates from Tanvi Sharma,475c4b10-bef9-526a-bbc8-98f106143549
Figma,Tanvi Sharma,2023-04-17T16:17:00,Figma updates from Tanvi Sharma,b750016b-f4f6-5514-85fd-1bbe33133e4c
Figma,Jay Varner,2023-04-18T14:16:00,Figma updates from Jay Varner,eadc4713-266c-51b5-815f-d8ce37a7fbc6
Figma,Tanvi Sharma,2023-04-20T12:38:00,Figma updates from Tanvi Sharma,bf0bd407-e1ce-557e-8113-e525db43c8d8
Figma,Tanvi Sharma,2023-04-20T12:58:00,Figma updates from Tanvi Sharma,044ddda8-d480-5ae0-8f69-eca7b0674b4c
Figma,Tanvi Sharma,2023-04-20T13:59:00,Figma updates from Tanvi Sharma,fab0d228-7cab-5e4c-84ec-594d193b14c7
Figma,Tanvi Sharma,2023-04-21T14:14:00,Figma updates from Tanvi Sharma,3fed7910-7f5e-5ffc-9a8b-87efad39f1fe
Figma,Jay Varner,2023-04-24T12:05:00,Figma updates from Jay Varner,2304d880-d901-5cad-99f4-406d8172630f
Figma,Jay Varner,2023-04-24T18:41:00,Figma updates from Jay Varner,baaf8049-1609-5bd9-a698-a463344e0b0a
Figma,Jay Varner,2023-04-25T12:40:00,Figma updates from Jay Varner,188c9641-2ece-5f91-b5d6-5da606a08ad9
Figma,Tanvi Sharma,2023-04-25T19:14:00,Figma updates from Tanvi Sharma,1be6f241-3b37-5701-8028-07112d8f7c44
Figma,Jay Varner,2023-04-25T19:24:00,Figma updates from Jay Varner,45883f18-9550-5030-a63d-8080b92f414d
Figma,Tanvi Sharma,2023-04-25T19:56:00,Figma updates from Tanvi Sharma,b02fc299-1c58-581e-a018-95f7a8b87fc6
Figma,Tanvi Sharma,2023-04-25T21:15:00,Figma updates from Tanvi Sharma,c7f745dc-bbea-5e7a-b66a-0ad769102372
Github,Nicholas Yang,2023-04-25T23:36:24,Added linking to chapter sections,c17c1f6d-4913-5e77-bbf9-5f5a37809326
Github,Tanvi Sharma,2023-04-26T00:21:10,type adjustments,f7d4112e-b2bf-50de-830f-2e1c95e5f9f6
Github,Tanvi Sharma,2023-04-26T01:10:00,Update about.tsxtype,c928f8f7-15ba-5fc1-b2b4-f337fbe1c24d
Figma,Tanvi Sharma,2023-04-26T16:50:00,Figma updates from Tanvi Sharma,e16ed1f2-033e-5398-9f06-5d0d229a6be5
Github,Jay Varner,2023-04-26T20:17:34,Fix image source.,753dcc45-4b09-5ed7-9a56-d18ee3a77f19
Github,Jay Varner,2023-04-26T21:38:35,Add missing image file,86568087-e1c9-533e-af3b-8e4919c399e9
Figma,Jay Varner,2023-04-27T09:12:00,Figma updates from Jay Varner,91b310f7-9994-5ec4-a617-ec1ab9c4f715
Figma,Tanvi Sharma,2023-04-27T16:48:00,Figma updates from Tanvi Sharma,9f57c073-5ea5-5d18-84ce-17c24c512215
Figma,Tanvi Sharma,2023-04-27T17:20:00,Figma updates from Tanvi Sharma,db30e944-f80d-530d-8717-5c515915de1d
Figma,Tanvi Sharma,2023-04-27T17:38:00,Figma updates from Tanvi Sharma,223bc0d1-ab85-51a9-9dda-f1d6f3b03ddd
Figma,Tanvi Sharma,2023-04-27T19:29:00,Figma updates from Tanvi Sharma,e64df473-7a33-5eaf-8cf6-c5fac18dc0b3
Figma,Tanvi Sharma,2023-04-28T08:37:00,Figma updates from Tanvi Sharma,e4dc8567-786b-53f4-939a-9b3cd0612a42
Figma,Tanvi Sharma,2023-04-28T09:10:00,Figma updates from Tanvi Sharma,1439fd3d-d841-5b02-a0a1-52223a0c2217
Figma,Tanvi Sharma,2023-04-28T14:07:00,Figma updates from Tanvi Sharma,539461bc-c85c-572a-9086-0a1f4ebc8774
Figma,Tanvi Sharma,2023-04-28T15:00:00,Figma updates from Tanvi Sharma,740b2b13-286d-5cae-aa64-854248652c40
Figma,Tanvi Sharma,2023-04-28T16:00:00,Figma updates from Tanvi Sharma,a17987ba-497b-5a65-ac91-a6980da2aafd
Figma,Tanvi Sharma,2023-04-28T18:35:00,Figma updates from Tanvi Sharma,1a130f76-ebc2-578e-8901-55779d3e58d8
Figma,Tanvi Sharma,2023-04-28T18:54:00,Figma updates from Tanvi Sharma,a6fc3896-05c7-54d9-987b-2cc10acbe9ee
Github,Tanvi Sharma,2023-05-01T14:05:41,text edits,c062f14d-5d19-59d6-81d8-5cc8d1fbff00
Figma,Tanvi Sharma,2023-05-01T16:31:00,Figma updates from Tanvi Sharma,f4419b5c-3f62-5487-aa07-e067f77eeb71
Github,Tanvi Sharma,2023-05-01T19:23:38,adding quotes,bde59f6a-198f-5ee9-98ef-4a579ecb75b1
Github,Tanvi Sharma,2023-05-01T19:59:15,Update playfair.tsxadding <q> tags,6db10f40-e576-5044-b0b8-d17f7a7674f3
Figma,Tanvi Sharma,2023-05-02T08:34:00,Figma updates from Tanvi Sharma,e94bed8c-3984-58d9-8e92-22512adb4406
Github,Jay Varner,2023-05-03T19:57:58,Reworked Peabody Quiz,39d00c62-e811-5301-ad80-3983b69a9708
Github,Jay Varner,2023-05-04T20:50:20,Tweaks to Peabody Quiz based on feedback,14e78436-ef75-5fb7-a1b1-e36669bce8c2
Github,Jay Varner,2023-05-05T12:23:11,Fix always scrolling to quiz,a68f7469-4022-5d4f-b924-485a40ccbfc7
Figma,Tanvi Sharma,2023-05-05T18:51:00,Figma updates from Tanvi Sharma,7a211c23-597f-595d-aeeb-c8dcc6a8caf5
Github,Shiyao Li,2023-05-05T22:08:54,Initial commit,b3c9ae4d-0756-5193-9589-b83ec0bab2a8
Github,Shiyao Li,2023-05-05T22:11:00,first commit,2543ee77-6948-539a-865c-1212b1bcd88b
Github,Shiyao Li,2023-05-05T22:12:41,add colorsa,9bf85c11-b841-5510-8fcb-1b5a6e5a8451
Figma,Tanvi Sharma,2023-05-08T16:10:00,Figma updates from Tanvi Sharma,a09b2ffd-2956-5f93-9236-433fa65da9f5
Github,Jay Varner,2023-05-12T18:43:41,First pass at consent for sensitive images,2b7318eb-6ea9-562d-8385-03ff359ebfc3
Github,Jay Varner,2023-05-12T18:45:14,Add types for figures,d3048a96-56c9-5408-940b-6eedae8c0524
Github,Tanvi Sharma,2023-05-14T15:58:38,minor changes,adb84d2e-991a-510b-b4ab-1928f8124d15
Figma,Tanvi Sharma,2023-05-14T22:44:00,Figma updates from Tanvi Sharma,37448513-c2b7-51d3-be7d-920bdbfa3f86
Github,Jay Varner,2023-05-15T12:09:26,No margin when in column,7ea4a34a-7b3d-5a60-a24d-a218313ef3e5
Github,Tanvi Sharma,2023-05-15T13:30:47,minor changes,368c4d3a-8bea-57b4-b242-c03a8a7b5d2b
Figma,Tanvi Sharma,2023-05-15T13:50:00,Figma updates from Tanvi Sharma,caaeff28-ccda-5a9e-bd71-c9f39f646e2c
Figma,Tanvi Sharma,2023-05-15T15:54:00,Figma updates from Tanvi Sharma,e90f6112-6e8e-526a-a3c0-a11b02d02faa
iCalendar,Everyone,2023-05-15T20:30:00,DxD weekly meeting,ad56167b-209c-5e08-8992-a4595b22568f
Github,Jay Varner,2023-05-16T19:20:07,Updates to Peabody Quiz,20473f93-aa72-5f1c-9171-c66eb6996e4b
Github,Jay Varner,2023-05-17T19:21:40,Changes to Brooks scrollytell,4f5dd7f9-a414-50d4-8a2d-a90ceeaa6f9c
Github,Jay Varner,2023-05-17T19:25:03,Minor fix,ff4ee595-3062-5a5c-80be-c4c3a0b36e77
Github,Jay Varner,2023-05-17T20:50:14,Remove nausea inducing rotate,8068892e-2a19-5906-a3b1-c779ec34f11a
Google Drive,Lauren Klein,2023-05-17T20:58:06,"Copy of maps intro, option 2",af0d5693-93cd-59f7-825a-fcb122e8863b
Google Drive,Lauren Klein,2023-05-18T14:20:59,mitchell.jpg,f07382a5-0ce0-54cd-91d9-fa7006907508
Google Drive,Lauren Klein,2023-05-18T14:23:03,coffee.jpg,48955506-24a4-59ca-8ec8-22982285b940
Google Drive,Lauren Klein,2023-05-18T16:18:39,"maps intro, option 1",0e5a94f0-3b7e-5b5e-adee-dc75fb482ba1
Google Drive,Lauren Klein,2023-05-18T16:20:45,royce.jpg,afca7484-1f55-575e-a602-646c6ce5b2f3
Github,Jay Varner,2023-05-18T20:46:12,Add hover highlights to Clarkson Plan +  consent and modal improvements.,b2a6d2c7-1248-5c70-88ab-cd4eaeb3d9e3
Figma,Tanvi Sharma,2023-05-19T11:11:00,Figma updates from Tanvi Sharma,438d6d61-45ae-58c9-aeee-2caf8dba356e
Github,Jay Varner,2023-05-19T13:29:54,Add label to toggle switch,534b93fe-6f1a-5360-9856-3fb3ae6b69b5
Google Drive,Lauren Klein,2023-05-19T13:56:20,ch3-shanawdithit,7b435ca3-4bba-5057-9b65-778327b67942
Google Drive,Lauren Klein,2023-05-19T13:56:31,ch2-playfair,2574316f-2541-5e81-a84a-d4bcd72a5abf
Google Drive,Lauren Klein,2023-05-19T13:56:38,ch1-brooks,b06a23f4-f566-53c7-9911-90c8324148c4
Github,Jay Varner,2023-05-19T15:37:00,Don't use index as key,ed24138b-ac35-578c-acb2-f17c75622625
Github,Jay Varner,2023-05-19T16:37:21,Clean up,a03cf9bc-000a-5f39-bd35-067a3d89079e
Github,Jay Varner,2023-05-19T16:38:16,Add a11y eslint plugin,912b6450-ecca-5698-a5bc-98241ed7b443
Github,Jay Varner,2023-05-19T16:38:47,Improved chapter nav,e952403a-3944-595a-bba0-2a15bd06faa9
Figma,Tanvi Sharma,2023-05-24T12:32:00,Figma updates from Tanvi Sharma,d5bc2ba2-1513-51e1-a178-77fdd77bc346
Google Drive,Lauren Klein,2023-05-25T16:11:07,sketch2-original.jpeg,6f5b30ea-f4fe-535a-b758-94dc1d9ba5bf
Google Drive,Lauren Klein,2023-05-25T16:11:07,placeholder-sketch2-original.jpeg,2d3e053e-1bb6-5b8b-a8e0-67bf1fa42f13
Google Drive,Lauren Klein,2023-05-25T16:11:56,sketch1-original.jpeg,c8c98faf-48fa-592b-99f3-d9e75d5fe319
Google Drive,Lauren Klein,2023-05-25T16:12:44,sketch3-original.jpeg,a347d185-3bf4-5cf1-bf2e-8f7c74e77b1a
Google Drive,Lauren Klein,2023-05-25T16:12:53,sketch5-original.jpeg,48f2e6e7-21e2-5f09-8070-ae981031dfa8
Google Drive,Lauren Klein,2023-05-25T16:13:15,sketch4-original.jpeg,5da9bd04-6921-5e06-8b75-b3b7ed1a60ca
Google Drive,Lauren Klein,2023-05-25T16:13:55,sketch10-original.jpeg,f6833172-5797-5bc0-8418-1ef484f8cfb0
Google Drive,Lauren Klein,2023-05-25T16:14:14,sketch-viii-original.jpeg,109640f4-0cc3-5652-ac0d-26d4b9996c28
iCalendar,Everyone,2023-05-25T19:00:00,DxD work session,09b016f9-679d-50b4-97a4-3da192a5c6d8
Github,Jay Varner,2023-05-30T18:25:26,Changes to Brooks scrollytell,a2337def-823e-52bf-8d30-2f5adaa1a8da
Figma,Tanvi Sharma,2023-05-31T13:52:00,Figma updates from Tanvi Sharma,da191415-080b-5748-b844-d5f2cd1fb24e
Google Drive,Lauren Klein,2023-05-31T17:31:16,Willard_Aboriginal_Tribes.jpg,2dfd3896-3f88-5e62-97d5-535538aa950c
Google Drive,Lauren Klein,2023-05-31T17:33:59,willard-intro-map.jpg,cf608899-ea30-5f6c-ab03-0bd81c8b0832
Google Drive,Lauren Klein,2023-05-31T18:00:32,Geographie_der_Pflanzen_in_den_Tropen-Ländern.jpg,b4736b9a-3df1-588b-98b8-6fd7ebc822ff
Google Drive,Lauren Klein,2023-05-31T18:17:56,humboldt-1803-sketch.webp,4f46ae01-1f4f-5505-816b-a0d4796d0b6f
Google Drive,Lauren Klein,2023-05-31T18:18:39,caldas-1803-1.webp,e654a719-28bd-595d-b6b8-2766d7b81f49
Google Drive,Lauren Klein,2023-05-31T18:18:55,caldas-1803-2.webp,c5b1cdb6-c55e-58c0-9a38-60871edd4903
Figma,Tanvi Sharma,2023-06-01T16:57:00,Figma updates from Tanvi Sharma,540d9115-3a83-56dd-b016-64ae6e2071b7
Github,Jay Varner,2023-06-02T17:35:52,Changes to Brooks scrollytell,864c32a5-14f6-5715-86f0-efa71e7a5e0e
Github,Jay Varner,2023-06-02T20:45:52,Small fixes for Safari,6dc699ad-c08b-5abc-a2e9-2c615d80c546
Github,Jay Varner,2023-06-02T21:16:42,Fix Playfair images,ce74af60-e785-5545-93a3-216d99e8f0d4
Github,Jay Varner,2023-06-02T21:20:20,Add missing Playfair image,d4ccc624-2068-58c7-96ba-def5dcbd676d
Figma,Tanvi Sharma,2023-06-05T15:28:00,Figma updates from Tanvi Sharma,0179fbd1-0a4e-527a-a791-1b5daabbbb30
Figma,Tanvi Sharma,2023-06-06T11:26:00,Figma updates from Tanvi Sharma,d849a4d1-6623-5c67-99a3-99857b08dc8a
Figma,Tanvi Sharma,2023-06-06T11:33:00,Figma updates from Tanvi Sharma,6252520a-03b8-5148-91eb-c5a87f7e9e86
Figma,Tanvi Sharma,2023-06-06T12:38:00,Figma updates from Tanvi Sharma,8f1b59f0-90ec-5d0c-bf60-02770a591e31
Figma,Tanvi Sharma,2023-06-06T14:05:00,Figma updates from Tanvi Sharma,24cd4e7a-14f6-52d3-8c60-fc57ed22774e
Github,Jay Varner,2023-06-06T14:33:20,Layout fix,0fa4cde6-6191-5aac-9c33-1fad2fc00331
Github,Jay Varner,2023-06-06T14:52:29,Center chapter section titles,384cc668-e53f-54df-9679-699e94ddef60
Figma,Tanvi Sharma,2023-06-06T15:30:00,Figma updates from Tanvi Sharma,a77b1807-731d-59fa-9f5f-55fd476b85ff
Github,Jay Varner,2023-06-06T16:10:50,Fix hydration error,8cf8baeb-7e0e-59da-aa5e-5fb45ca6d8d9
Github,Jay Varner,2023-06-06T17:55:32,LED chart improvements,c47b45bd-d532-5978-b449-beddf1b6b81d
Google Drive,Lauren Klein,2023-06-06T17:55:52,Extra Pages,a4340e02-b402-5524-8bdb-57b991d586a6
Google Drive,Lauren Klein,2023-06-06T17:56:26,Extra pages to create,6532265c-90ef-5cc0-bee0-9b950e3b196a
iCalendar,Everyone,2023-06-06T19:30:00,DxD in person,ce12b345-54c3-5d9a-b5c9-f0023730fc02
Github,Jay Varner,2023-06-06T19:50:13,Hide timeline on mobile,c34bf9b4-1d04-58bf-8b2a-9a430a21a67e
Figma,Tanvi Sharma,2023-06-07T11:03:00,Figma updates from Tanvi Sharma,e239868c-0736-5a77-a09d-10f596af9071
Figma,Tanvi Sharma,2023-06-07T11:50:00,Figma updates from Tanvi Sharma,70e88f39-472d-53ad-84a5-865c278a3e38
Figma,Tanvi Sharma,2023-06-07T12:16:00,Figma updates from Tanvi Sharma,a09092b7-b69a-53b6-9f08-de184b70f2e6
Figma,Tanvi Sharma,2023-06-07T15:13:00,Figma updates from Tanvi Sharma,ce6b83d5-53aa-5021-a673-fa65d8bd7c99
Figma,Tanvi Sharma,2023-06-07T15:48:00,Figma updates from Tanvi Sharma,695f6873-9c26-59e5-99ff-11f120be7ecd
iCalendar,Everyone,2023-06-07T19:30:00,DxD in person,b02fc5a0-bf49-549c-9e87-bd8c648f0382
Figma,Tanvi Sharma,2023-06-08T11:41:00,Figma updates from Tanvi Sharma,0a9891ec-916e-5090-94e1-baca14dab778
Figma,Tanvi Sharma,2023-06-08T12:13:00,Figma updates from Tanvi Sharma,08ae6e88-11d2-5456-835f-43d6b1408014
Figma,Jay Varner,2023-06-08T12:44:00,Figma updates from Jay Varner,7ce080f8-5095-5f61-8976-12e3979d1319
Github,Tanvi Sharma,2023-06-08T15:17:05,Update favicon.ico,4c6ab79b-fda3-5daa-94dc-78098f68384d
Google Drive,Tanvi Sharma,2023-06-08T15:32:50,DxD Alt Text,7f2e42cf-3d9e-58c4-abd0-dcfe487aa8fc
iCalendar,Everyone,2023-06-08T19:00:00,DxD in person,5febf963-19d6-5fdc-b707-309b6508ec67
Figma,Tanvi Sharma,2023-06-09T12:36:00,Figma updates from Tanvi Sharma,eaec9109-81fc-5a84-b8c4-76acfc94c133
Google Drive,Lauren Klein,2023-06-09T15:30:41,Revised intro outline - May 2023,c64ffa8c-fcd3-5b67-b102-9339e34c5a77
Github,Jay Varner,2023-06-09T16:55:48,jpeg and webp versions of all images. Remove none Du Bois png files.,c73dae17-b6c1-5208-88a3-e370f9c21695
Github,Jay Varner,2023-06-09T17:25:43,Mobile improvements,a40ccb19-9d06-588d-99b3-21ffbfd7e278
iCalendar,Everyone,2023-06-09T17:30:00,DxD in person,f8d6ea3e-2802-54d4-8c50-fb494cbc09b3
Github,Jay Varner,2023-06-09T17:31:57,Individual files for chapter images,09798819-938f-54a1-bc6b-fa96fdf34232
Github,Jay Varner,2023-06-09T17:37:23,Updates to figure component and usage,30ea0207-0187-5cac-9195-1970196306ad
Github,Jay Varner,2023-06-09T17:39:10,Peabody mobile improvements,86a2b76e-195a-5e9d-82b4-967206e7aa52
Github,Jay Varner,2023-06-09T17:39:57,Brooks mobile improvements,82033c3f-7d3e-5e85-9633-1c68af8591bb
iCalendar,Everyone,2023-06-10T00:00:00,hold for DxD dinner,5530a6bc-4636-58b0-bd1a-b369baeeccf6
Google Drive,Lauren Klein,2023-06-12T20:35:48,Complete_with_DocuSign_CO_Klein_Data_MVL_LK_.pdf,3e602e87-dbee-57bb-80e2-b54666eaf435
Google Drive,Lauren Klein,2023-06-14T14:50:49,willard-picture of nations.png,b605f50e-d5db-5b95-89d4-3903131d4fcc
Google Drive,Lauren Klein,2023-06-14T14:56:20,Demasduit.jpg,7b2cc6ab-8b03-5b84-a539-c884bd6fcedf
Github,Lauren Klein,2023-06-14T19:16:18,Tweaks to credits page,2933869f-693b-52f2-a885-27adea9a7180
iCalendar,Everyone,2023-06-20T18:00:00,DxD weekly meeting (tues only this week),b813879e-cf3d-58a4-a208-d6da41e3e6bd
Figma,Jay Varner,2023-06-21T13:06:00,Figma updates from Jay Varner,a114a30b-8b9c-5f6c-a522-e4a4da6faea1
Figma,Jay Varner,2023-06-21T13:30:00,Figma updates from Jay Varner,aa1fea6c-91ef-511c-ade3-1a928503fe68
Figma,Tanvi Sharma,2023-06-21T13:57:00,Figma updates from Tanvi Sharma,0fb32851-ea2e-5fa8-af85-feffbb1c2b30
Figma,Tanvi Sharma,2023-06-21T16:22:00,Figma updates from Tanvi Sharma,67f6ec79-ef08-5d91-9214-5dd120866f6e
Figma,Jay Varner,2023-06-21T17:24:00,Figma updates from Jay Varner,39cffd50-7e19-5116-be6a-8c2d809c9b05
iCalendar,Everyone,2023-06-21T18:00:00,DxD / chapter nav,64792d93-11d3-5f6a-8e35-d0be0d96f46d
Figma,Tanvi Sharma,2023-06-23T12:20:00,Figma updates from Tanvi Sharma,63b878dd-20f0-5173-a8df-5461a49f5fb5
Figma,Tanvi Sharma,2023-06-23T12:52:00,Figma updates from Tanvi Sharma,8f532bc5-7fbf-549d-81a2-b7a3e8d165df
Github,Jay Varner,2023-06-23T15:47:05,Clean up empty Shanawdithit,58e56051-9964-5118-9c35-646f5767bbf3
Github,Jay Varner,2023-06-23T16:03:00,Make Du Bois figures file readable,2f99c816-4587-5d50-a289-249d76937d2a
Github,Tanvi Sharma,2023-06-23T16:09:43,Update peabody.tsxFix Drop cap on Peabody,44ee4839-7cd1-5119-845c-4f3bf8bb32fc
Github,Tanvi Sharma,2023-06-23T16:10:39,Update peabody.tsx,e8cdc435-29af-5845-8036-d33914afc252
Github,Tanvi Sharma,2023-06-23T17:01:01,"adding slideshow to powerincomplete, waiting for margy to update spreadsheet",6bb262d9-af72-53b1-ac88-6ff8196868da
Figma,Tanvi Sharma,2023-06-26T13:40:00,Figma updates from Tanvi Sharma,7c6f94b9-deee-5530-b035-1809f4c5e443
Figma,Jay Varner,2023-06-26T13:43:00,Figma updates from Jay Varner,2ad61f99-9a85-56f2-8ccf-22aa3a802fd6
iCalendar,Everyone,2023-06-26T18:00:00,DxD weekly meeting,dc38ae2b-dcd9-5f33-84a4-43fd37d0889e
Figma,Lauren Klein,2023-06-27T13:58:00,Figma updates from Lauren Klein,9b3cf05c-088c-52ef-abe6-ba6e80df9ef4
Figma,Tanvi Sharma,2023-06-27T14:26:00,Figma updates from Tanvi Sharma,6a4a87c8-6347-5799-8753-80f52b68434d
Google Drive,Lauren Klein,2023-06-27T17:29:40,reference images,c6996121-ea0b-5293-8df5-9164d4f2c0f9
Google Drive,Lauren Klein,2023-06-27T17:54:23,sketch2-original.jpeg,80753229-5b1b-5ff8-883f-fef64d258f0f
Google Drive,Lauren Klein,2023-07-03T13:04:28,maps draft 8 - summer 2023.docx,4b27c049-112d-5736-aff8-a963532e2977
Google Drive,Lauren Klein,2023-07-03T16:39:37,Start of chapter / first scrollytell,74a9df72-19b3-5394-89d9-2a58896d3485
Github,Jay Varner,2023-07-05T14:34:54,Responsive improvements for slideshow,621193f4-5b1c-525d-810b-69b47fbd1127
Github,Jay Varner,2023-07-05T16:07:01,Update figure json files,a7b7cc9b-70a3-5210-9f87-4eca4a30d746
Github,Jay Varner,2023-07-05T16:25:01,Use existing figures for slideshow,4173a31c-30c4-5424-a993-97a45184270c
Github,Jay Varner,2023-07-06T15:30:58,More responsive fixes for the slideshow,ff1cbf53-1371-5751-834e-a46423fe7371
Google Drive,Lauren Klein,2023-07-11T13:16:59,howley-sketch5.pdf,4dcf0621-a56b-55eb-98a0-b9d773e9cebb
Zotero,Lauren Klein,2023-07-11T13:24:06,Sketch V,78a5f4a1-0226-5ee1-94ba-c01d99248303
Zotero,Lauren Klein,2023-07-11T13:42:50,Sketch II,5b420baa-ad84-524f-b741-efd1d9b1704f
Google Drive,Lauren Klein,2023-07-11T13:48:01,howley-sketch2.pdf,46af1e4d-6edf-50d0-a65d-1cbbf87455af
Google Drive,Lauren Klein,2023-07-11T14:24:26,howley-sketch1.pdf,12ea383c-04e7-560a-88e5-93a1ae8dbe41
Zotero,Lauren Klein,2023-07-11T14:48:31,Sketch I,8ad99e37-ab64-5a0f-9332-3de3118fc9b7
Zotero,Lauren Klein,2023-07-11T14:59:48,Sketch IV,4ff603f7-48c3-5d62-b0c3-bdbcccdfecae
Google Drive,Lauren Klein,2023-07-11T15:13:06,howley-sketch4.pdf,49ddd896-4803-5116-89fc-64d119b95e4e
Google Drive,Lauren Klein,2023-07-11T15:32:45,sketch4-original.jpeg,174ea4c7-4578-552b-8805-1787a7db0596
Google Drive,Lauren Klein,2023-07-11T15:32:45,placeholder-sketch4-original.jpeg,010f588d-c7c0-5296-8c31-277fc03fd885
iCalendar,Everyone,2023-07-11T18:00:00,DxD weekly meeting,348a4803-5649-5c64-97a5-da0c9e24f48c
Zotero,Lauren Klein,2023-07-12T13:04:44,Sketch III,2a1dae7b-b700-59eb-88c1-eca9c212d6ad
Google Drive,Lauren Klein,2023-07-12T13:05:26,howley-sketch3.pdf,d001d24b-5faf-574c-901c-879329ab9619
Google Drive,Lauren Klein,2023-07-12T13:45:07,howley-sketch9-10.pdf,db8be759-600e-5465-bcf3-f66a01b6628b
Zotero,Lauren Klein,2023-07-12T13:57:54,Sketch IX,8e140861-efef-5c6c-87a8-66f982bf26db
Zotero,Lauren Klein,2023-07-12T14:01:47,Sketch X,8198c29f-0a9b-5946-84c1-325284519925
Zotero,Lauren Klein,2023-07-12T14:14:22,Sketch VIII,3b7b5382-b924-5a59-ab7a-d1138c048cfc
Google Drive,Lauren Klein,2023-07-12T14:19:31,howley sketch 8.pdf,972d73b7-d4d7-5558-9f62-8e3d799c7a69
Google Drive,Lauren Klein,2023-07-12T14:37:44,howley-sketch-6-7.pdf,c3bddf20-7f37-5d1f-987d-33ad6d4b22ba
Zotero,Lauren Klein,2023-07-12T14:41:00,Sketch VI,7e06d4b6-9cb0-56b5-b082-6f8987b47eb6
Zotero,Lauren Klein,2023-07-12T14:42:14,Sketch VII,ca5e169e-be7a-5fa1-84d7-73ae7144a6dd
Github,Jay Varner,2023-07-14T16:53:21,Mobile Peabody Quiz,09842cc1-36c2-5d76-84bb-7a35b5a2e10a
iCalendar,Everyone,2023-07-18T18:00:00,DxD weekly meeting,3fc0504b-1ba0-5f02-aacc-936ab3b3ae09
Figma,Tanvi Sharma,2023-07-19T09:32:00,Figma updates from Tanvi Sharma,60980a6d-ce32-5aff-a636-2420382c2846
Github,Jay Varner,2023-07-19T15:06:47,Update figure data,3fe0f0d5-84d6-5ede-b58e-13958b8625f1
Github,Jay Varner,2023-07-19T15:08:02,Du Bois slideshow,7823d90a-a8ac-55d8-9512-cfe41ac6c156
Github,Jay Varner,2023-07-19T17:57:08,Du Bois layout adjustments,f1deb7a8-cca8-5b96-be7d-c341096312ab
Github,Jay Varner,2023-07-21T14:47:06,(Mobile) layout fixes for Du Bois,71fd69cb-44d8-5645-9804-b6ca6d5d26d7
Github,Jay Varner,2023-07-21T14:50:04,Small fix for section titles.,22a6dfb5-b57d-584f-a921-a1dc2fe8e4cd
Figma,Tanvi Sharma,2023-07-24T13:12:00,Figma updates from Tanvi Sharma,f9c85862-757f-5875-aac8-bf0ccbce74d4
Github,Jay Varner,2023-07-24T13:39:12,Add margin to top of footer,856b9f58-b4da-53e9-915e-c931ef3a00ac
Github,Jay Varner,2023-07-24T13:41:04,Redraw based on window resize.,5dcfacc0-6894-581f-b9bc-247e1ffc55a3
Github,Jay Varner,2023-07-25T19:55:31,Remove console statement,4a2fb1ca-e7e7-530c-ac3b-7c07546f4454
Github,Jay Varner,2023-07-25T20:01:09,Clarkson scrollytell,6cbb111a-c221-54fc-b0d4-93e0f489b8bf
Github,Jay Varner,2023-07-27T17:54:33,Rework of Clarkson scrollytell,abb9a026-2cac-5c22-b89c-08cd19966afd
Github,Jay Varner,2023-08-01T18:30:01,Initial work on final Brooks visualization,98f0ddd2-9b98-5076-bc42-8529b1ea2591
Github,Jay Varner,2023-08-03T19:24:07,Adjustable year ranges for viewable voyages,1cec26df-1458-5c85-8a01-81056abee5fc
Github,Jay Varner,2023-08-04T17:47:02,Add keyboard access to voyage year range slider,babc4198-808c-5176-bfc6-07ab2da9b450
Github,Jay Varner,2023-08-07T15:33:45,Layout improvements,e1704582-697a-50e3-8394-13ae555b8849
Github,Jay Varner,2023-08-07T15:34:19,Add focus to toggle,c74cd4e4-594a-5d0b-98cc-28f0dbf8d8fc
Github,Jay Varner,2023-08-07T15:36:05,Interaction improvements,998dfcef-a5ab-53b6-8d1b-a420211894b5
Github,Jay Varner,2023-08-07T15:36:32,Fix spacing on section titles,a7a641f9-b8e9-5955-b1ef-be8b10bec9e8
Github,Jay Varner,2023-08-07T18:44:45,Fixes to Clarkson scrollytell layout,9c9ea4f7-16ba-5947-af41-8e9854338f44
Github,Jay Varner,2023-08-08T18:52:34,Code clean up,6fbccbcf-f826-590e-b2e3-c3ea05ec349b
Github,Jay Varner,2023-08-08T21:18:18,Add type for voyage,dd3451f4-6cbb-571a-84d9-e78bd7a873a6
Github,Jay Varner,2023-08-08T21:20:26,Add type interface,d121cf6d-5d05-57a0-9a5e-2a865520d0b1
Github,Jay Varner,2023-08-08T23:42:20,Finish clean up of Brooks code,1fb51959-cebe-522d-8819-23a5fe71eb6c
Github,Jay Varner,2023-08-10T18:07:01,A whole bunch of clean up,ec6d1da9-3a2b-5ed3-ac5a-50ffa982b9e0
Github,Jay Varner,2023-08-14T15:50:54,Yet more house cleaning,129e765c-90e3-5ddf-8282-70f8bfbad641
Github,Jay Varner,2023-08-15T14:15:07,Fixes to pull quote and footnote override,bf0f86f5-7359-533c-84df-5bd020285c8c
iCalendar,Everyone,2023-08-15T18:00:00,DxD weekly meeting,9c99ecf1-7d10-5419-b7a0-ccde79489155
Google Drive,Lauren Klein,2023-08-21T17:55:12,Publication Description.pdf,ad28568a-f446-510a-a79f-fe5d3ca2d668
Google Drive,Lauren Klein,2023-08-21T17:55:36,Furthermore docs,dc7fcbd7-3c27-55ce-9659-68b983d84f3b
Google Drive,Lauren Klein,2023-08-21T17:57:13,Table of Contents,3aa39cd6-a7a9-586b-9722-3419f5fc3613
Google Drive,Lauren Klein,2023-08-21T17:57:49,Table of Contents.pdf,81e19b09-6191-5c73-99b2-96204b15f713
iCalendar,Everyone,2023-08-21T18:00:00,DxD weekly meeting,190c1ba4-92ce-5a56-83bb-2b61d3ad72dd
Google Drive,Lauren Klein,2023-08-21T18:44:40,Sample Text.pdf,d2f9601e-41b6-586c-9cf1-90de2439d4bc
Google Drive,Lauren Klein,2023-08-21T18:45:02,2-playfair-furthermore.pdf,b5fe48aa-c389-578b-850a-10b550e54af6
Google Drive,Lauren Klein,2023-08-21T18:45:04,4-peabody-furthermore.pdf,eae8c77b-8e5a-5f65-8791-3ddb1e26dd7d
Google Drive,Lauren Klein,2023-08-21T18:45:06,5-power-furthermore.pdf,65c3fedd-036f-583a-aba2-dba96553de1d
Google Drive,Lauren Klein,2023-08-21T18:55:49,caldas-1803-1.jpeg,9af337c8-1135-58ac-8cdd-98e9ca6417f1
Google Drive,Lauren Klein,2023-08-21T18:55:49,placeholder-caldas-1803-1.jpeg,66bcd705-2bdf-5577-ab8b-27059c2dcc42
Google Drive,Lauren Klein,2023-08-21T19:42:01,Sample Illustrations.pdf,51747f01-8ae6-5139-9724-297c4260dd9b
Google Drive,Lauren Klein,2023-08-21T20:54:19,Other Information,8da8e644-a6a3-5f43-b946-631c78418db9
Google Drive,Lauren Klein,2023-08-21T20:54:55,Other Information.pdf,020c5703-08ce-5efc-9e61-d54bf5dac18c
Github,Jay Varner,2023-08-21T21:07:23,Initial work on Du Bois Student Chart 3,0029ce40-b72a-5b69-b327-b55a5fcd4826
Figma,Tanvi Sharma,2023-08-22T08:11:00,Figma updates from Tanvi Sharma,cac7ef76-c36f-5a17-9613-6259a3cf1812
Figma,Tanvi Sharma,2023-08-22T09:45:00,Figma updates from Tanvi Sharma,58d820bc-d724-5798-b943-6cd211dbd36d
iCalendar,Everyone,2023-08-24T17:30:00,DxD - Brooks,83b1406a-d0ad-5721-bb6a-bccade8e9f45
Github,Jay Varner,2023-08-28T15:52:40,More voyage visualizations,9a3f34ff-c73f-5f49-b3e3-490d47fd6261
Github,Jay Varner,2023-08-29T13:53:32,Rework voyage visualizations,b367a1ba-523c-5be2-85d0-acbeaf97b639
Github,Jay Varner,2023-08-29T15:00:00,Adjust widths,22058161-0023-59df-8219-bb04382ec487
Github,Jay Varner,2023-08-29T16:15:18,Attempts to improve mobile,5cb593bc-61e1-54e7-a38d-5168969864d8
Google Drive,Lauren Klein,2023-08-29T16:19:53,fidler map.jpeg,e1be9ead-1965-53ca-b118-93e437652bdd
Google Drive,Lauren Klein,2023-08-29T16:20:18,birchbark-map-1841.jpeg,1da3dedf-46b5-5c3c-a6c3-0a9684ddca3d
Google Drive,Lauren Klein,2023-08-29T16:20:44,sarah sense BirchBark 400px.jpg,74e45e0c-e68e-5bc2-8653-99f376ec2664
Google Drive,Lauren Klein,2023-08-29T16:20:44,placeholder-sarah sense BirchBark 400px.jpg,73aa219c-0eb7-5f53-bbeb-8ac1f59c5c0f
Google Drive,Lauren Klein,2023-08-29T16:41:10,fidler-large-HBCA-E3-2-225.jpeg,bd0e4854-a155-5188-a748-91bf04f9b98b
Google Drive,Lauren Klein,2023-08-29T17:47:33,OLD DO NOT USE - Front Page Images,8466928e-8331-5e5c-999a-f11f9506973e
Google Drive,Lauren Klein,2023-08-29T18:01:22,willard0.jpg,4ba84b0a-6550-58e1-80ae-ff4ce5aa8f7a
Google Drive,Lauren Klein,2023-08-29T18:04:20,willard2.jpeg,44d104cd-eebd-5e23-a3fc-9116bdaaa804
Google Drive,Lauren Klein,2023-08-29T18:04:36,willard1.jpeg,68810e98-6ae3-533f-8554-9532a97c0e1a
Google Drive,Lauren Klein,2023-08-29T18:04:57,willard3.jpeg,a748f6d2-4ce8-5055-b12e-50f7043be3f5
Google Drive,Lauren Klein,2023-08-29T18:05:24,willard4.jpeg,97662095-b3e3-5214-ad8f-8c4c544bee49
Google Drive,Lauren Klein,2023-08-29T18:05:46,willard5.jpeg,2dd07f05-a742-51cf-b717-353526552f7f
Google Drive,Lauren Klein,2023-08-29T18:06:09,willard6.jpeg,c9781d89-c4eb-5a01-af61-e0ae9bc271a7
Google Drive,Lauren Klein,2023-08-29T18:07:32,willard7.jpeg,293f41f4-8eec-5d33-a95f-28c459afe433
Google Drive,Lauren Klein,2023-08-29T18:07:51,willard8.jpeg,e0f95b38-06fe-52f0-883d-0591845c6325
Google Drive,Lauren Klein,2023-08-29T18:08:49,willard-seat.jpeg,3b2ce01d-68dc-5ecb-bebb-e9f0b52057b9
Google Drive,Lauren Klein,2023-08-29T18:10:33,willard9.jpeg,a37bb264-3f55-52c7-9533-00a2a3776f5c
Github,Jay Varner,2023-08-30T12:38:59,Muted colors,e40c3447-eaea-5996-b538-27409d8c550e
Github,Jay Varner,2023-08-30T19:00:25,Make student charts smaller,0918dff1-a2e9-5b0d-b592-9573d4a3867c
Github,Jay Varner,2023-08-31T02:40:50,Fix centering,9bc216b7-58b9-5850-a4bc-a073d553cba6
Figma,Tanvi Sharma,2023-08-31T11:23:00,Figma updates from Tanvi Sharma,d5e112aa-9b45-5751-be1b-750bef1fb1fc
Figma,Tanvi Sharma,2023-08-31T12:49:00,Figma updates from Tanvi Sharma,2c8eb5a7-237e-5514-b22d-e0d2cf3b1607
Figma,Tanvi Sharma,2023-08-31T13:20:00,Figma updates from Tanvi Sharma,8ff99c1d-bd9e-55b1-a5c6-803926557fe6
Google Drive,Lauren Klein,2023-08-31T13:23:17,caldas-1803-2.jpeg,5d19f6b5-984a-5d61-b009-992fecdda60f
Google Drive,Lauren Klein,2023-08-31T13:23:17,placeholder-caldas-1803-2.jpeg,a9aec073-a15e-531e-aa7a-4e02f32f95b4
Figma,Jay Varner,2023-08-31T15:08:00,Figma updates from Jay Varner,547b8d94-44c2-58b8-98ee-ee8d738dd56a
Google Drive,Lauren Klein,2023-08-31T16:38:40,Charts 1-3 Copy,7b1bb191-4526-5643-a9d6-80219ca8134b
Github,Jay Varner,2023-08-31T17:12:20,Update remix,511e6b2e-af3c-51ac-9e92-11d3a4f58bdb
Github,Jay Varner,2023-08-31T17:13:03,Update doc viewer and small chart changes,e8a82f0d-3921-50f8-b394-e49d162b7505
Github,Jay Varner,2023-08-31T17:13:14,Fix width,f5477955-078a-5c46-b795-22e092be8963
iCalendar,Everyone,2023-08-31T17:30:00,DxD - Du Bois,076c018c-d404-5e6a-9ee9-af68e117ee97
Github,Jay Varner,2023-08-31T18:06:35,New colors,f4ad00a9-6a2f-56c9-b5af-0bf957eca82d
Github,Jay Varner,2023-08-31T18:09:36,Fix meta hostname,bde97457-43be-50c7-b009-cfe5c49ba994
Github,Jay Varner,2023-08-31T18:39:13,Update all voyage image,c1f2c495-d1be-51b5-87e2-e58fee7ce3f8
Github,Jay Varner,2023-08-31T18:43:38,Update image for real,3d58cc56-9ac7-53e8-938b-d92d3be480a7
Github,Jay Varner,2023-08-31T18:46:17,Fix opacity,59561577-49af-58b5-be50-2d7171c095a0
Github,Jay Varner,2023-08-31T19:05:27,Add red,b10af80e-92c7-5a48-9b07-95e3ada1a0c7
Github,Jay Varner,2023-08-31T20:56:48,Blind attempt to resolve Safari IntersectionObserver error,dfbc2a93-e133-59dd-9d80-c66dec8c7b95
Github,Jay Varner,2023-08-31T21:05:44,Debugging Safari,34c72630-6b3a-5fc3-a8fa-a9761bd4c9ac
Github,Jay Varner,2023-08-31T21:14:43,Safari,8fc35119-e556-5dde-bcdb-3bbfdedf99b1
Github,Jay Varner,2023-08-31T21:18:46,Safari debugging,aae0cb9b-3fee-58a5-9035-b5940ba94994
Github,Jay Varner,2023-08-31T21:21:54,Safari....,2a3bc00a-adca-534d-b2ce-30b0e44ab5fb
Github,Jay Varner,2023-08-31T21:28:56,more,6d15b9a2-7326-55e6-8b32-d867c3558de8
Github,Jay Varner,2023-08-31T21:38:47,Safari...,a58812ce-e047-5763-8ad5-b4d9ceb7c607
Github,Jay Varner,2023-08-31T21:43:15,Remove debugging messages,1267b3ce-183b-5459-bbf4-fde414b5bf87
Github,Jay Varner,2023-09-01T13:40:47,Add missing metadata,4a314277-0ef5-58e2-b6a4-e7c1a0c593c2
iCalendar,Everyone,2023-09-05T18:00:00,DxD weekly meeting,8994bdce-abab-5c6e-97dc-d26fab3983ee
Figma,Tanvi Sharma,2023-09-07T11:10:00,Figma updates from Tanvi Sharma,82599d96-43c1-5e82-86b5-ab55919fc3f2
Github,Jay Varner,2023-09-08T13:07:19,Markup for reading mode,2cfdff6c-3de3-5e22-9971-e453e600de2e
Github,Jay Varner,2023-09-08T13:08:37,Changes to chart 3,56582dea-b0ef-5643-a9e6-4db1da806db3
Github,Jay Varner,2023-09-08T14:40:21,Fixes for Firefox,c63e0cbd-b6ea-5557-a285-e82eac216d13
Github,Jay Varner,2023-09-08T16:17:11,Fix edge cases,761ad67b-f7a7-5a0f-a461-70dd1f021949
Google Drive,Tanvi Sharma,2023-09-11T17:41:14,Social Media Documentation,06aeabce-2745-52fc-bee7-52eb9f092902
Google Drive,Tanvi Sharma,2023-09-11T17:51:24,timeline.gif,afd44f0f-d65f-5ffd-8f96-79b76512c285
Google Drive,Tanvi Sharma,2023-09-11T17:51:36,peabody-scrollytell.gif,4536204e-0147-5bf0-b33e-f0b7740a6e04
Google Drive,Tanvi Sharma,2023-09-11T17:51:48,playfair-on-mobile.gif,a8761d48-0ec2-5620-9cc7-9b3c4adba9b8
Google Drive,Tanvi Sharma,2023-09-11T17:51:59,animated-title.gif,b3d637c7-b434-568b-aed8-4a0414647bc6
iCalendar,Everyone,2023-09-11T18:00:00,DxD weekly meeting,c67a5717-2aa8-5985-bd35-a5a6207e12b6
Figma,Lauren Klein,2023-09-14T13:44:00,Figma updates from Lauren Klein,a7e3188e-4510-5d7d-bd7e-ba306ca17e38
Figma,Tanvi Sharma,2023-09-14T13:56:00,Figma updates from Tanvi Sharma,84f12c8a-4c74-54d3-b473-1ec334fefca6
Github,Jay Varner,2023-09-14T17:03:17,Rework Du Bois Student Charts,3d9cc208-f320-5247-ae8a-b5c45ff86e34
Github,Tanvi Sharma,2023-09-14T17:12:46,Update chapters.shanawdithit.tsx,d47141c1-a39d-534b-a6b5-515f266d86bd
Github,Jay Varner,2023-09-15T12:03:40,Center original chart,adbfe348-8ce3-5a54-8f94-6ae993b2790b
Google Drive,Lauren Klein,2023-09-23T11:00:25,howley-sketch2.jpg,14b11408-d424-56ad-9992-7dd0c7bc1a0a
Google Drive,Lauren Klein,2023-09-23T11:01:39,howley-sketch4.jpg,3dce9906-e3a3-554d-9d88-918dc10541d9
Google Drive,Lauren Klein,2023-09-25T16:18:19,Demasduit.jpg,48623686-3fad-57bd-bfd6-4b7a6ea86360
Google Drive,Tanvi Sharma,2023-09-25T17:17:03,[Chart 3] Quotes DuBois,139df202-3d4e-58ea-998f-c24fd8f45118
iCalendar,Everyone,2023-09-25T18:00:00,DxD weekly meeting,9729adc8-416a-51fd-9cef-a8b5fbbd4726
Google Drive,Lauren Klein,2023-09-26T01:13:00,Willard0.jpg,32b81a9e-888d-51a3-be90-c7b163aa972d
Google Drive,Lauren Klein,2023-09-26T01:14:56,Willard1.jpg,2863d543-eed7-56d4-9c43-361e19d9d7f5
Google Drive,Lauren Klein,2023-09-26T01:21:22,Willard2.jpg,7c9b3908-f812-57e6-9866-45c6d655a63c
Google Drive,Lauren Klein,2023-09-26T01:22:26,Willard3.jpg,e360913f-69ef-5acb-9a96-33203063190a
Google Drive,Lauren Klein,2023-09-26T01:25:26,Willard4.jpg,d0f2361c-5caf-5b6b-b015-24a9518c5517
Google Drive,Lauren Klein,2023-09-26T02:21:42,Willard5.jpg,a5f41dae-f8ed-5b38-9c31-85553e918188
Google Drive,Lauren Klein,2023-09-26T02:27:22,Willard6jpg.jpg,5f66475d-b90e-50af-a2a0-79357b3104b2
Google Drive,Lauren Klein,2023-09-26T02:28:34,Willard7.jpg,9b17d410-99c9-5934-a43a-238fc6225491
Google Drive,Lauren Klein,2023-09-26T02:59:12,Willard8.jpg,9cdeb720-1d72-5c6e-8cb5-37dd6884e787
Google Drive,Lauren Klein,2023-09-26T03:00:46,Willard-principal.jpg,338b6c63-7a05-55c0-9953-456811ed4ea3
Google Drive,Lauren Klein,2023-09-26T03:05:54,Willard9.jpg,86f3c107-340c-5dab-9e60-fe5da2e8e9f4
Google Drive,Lauren Klein,2023-09-26T03:07:58,Willard-picture.jpg,25115990-ef0d-5754-9c98-8eb0cb346d9a
Google Drive,Lauren Klein,2023-09-26T12:50:34,placeholder-humboldt-sketch.jpg,1a04164c-10e2-5236-9be4-9516a9d6cb3d
Google Drive,Lauren Klein,2023-09-26T13:20:58,older images,e5b65743-9cdb-52dc-af29-8f0316efa656
Google Drive,Lauren Klein,2023-09-26T13:23:23,final images,013970b8-a83d-5a1a-b7c3-105823250a84
Google Drive,Lauren Klein,2023-09-26T17:20:40,birch-bark-1841.jpg,a90a5721-7871-5cf5-b18e-a12432fff657
Google Drive,Lauren Klein,2023-10-01T17:02:31,jan2023-all-african-resistance-all-cols,b457b1c7-0f8e-51db-acff-b9a7816d1e32
Figma,Tanvi Sharma,2023-10-02T12:54:00,Figma updates from Tanvi Sharma,e9db0ab6-f15b-50ef-b92d-35a525d6afa0
Figma,Tanvi Sharma,2023-10-02T13:23:00,Figma updates from Tanvi Sharma,ee119431-42ab-5e39-b9d5-47a8348ae7f7
Github,Jay Varner,2023-10-02T14:48:08,Use and underline response selections,0349d7d7-5ef1-5c11-aa5a-1b495db4f39b
Github,Jay Varner,2023-10-02T15:26:42,Update student chart copy,59ebf745-df90-5822-9bb7-82988c39089c
Google Drive,Tanvi Sharma,2023-10-02T16:21:24,Screen Shot 2023-10-02 at 12.21.19 PM.png,d5310303-edee-5d55-90ae-8bf6d59dae57
Google Drive,Tanvi Sharma,2023-10-02T16:22:53,Screen Shot 2023-10-02 at 12.22.47 PM.png,d2c58965-9ca4-5a2f-a65e-032eec472173
Google Drive,Tanvi Sharma,2023-10-02T16:25:44,Screen Shot 2023-10-02 at 12.25.38 PM.png,bd675e28-f38a-5b59-89ad-8738119ab879
Google Drive,Tanvi Sharma,2023-10-02T17:06:13,DRS Paper,abd78784-c7e3-5442-97a6-108ac7c167e9
Github,Lauren Klein,2023-10-03T15:47:00,Adding first round of final images for Shanawdithit chapter,6950bf84-2343-5a12-a077-5f5cb85819b2
Github,Jay Varner,2023-10-04T17:01:00,Fix image file names,0fe20644-3a71-5efc-b109-73db3cddd61c
Github,Jay Varner,2023-10-04T17:04:53,Fix conflicting keys,2fc78f13-2c49-58f3-8988-80b67b153a61
Github,Jay Varner,2023-10-04T17:06:03,Rename type for figures,99493201-7bab-5f9a-a036-2aff74e5ad0f
Github,Jay Varner,2023-10-04T17:07:24,More type rename,7c89f6e8-876b-59be-ba3f-d71c2cf2a880
Github,Jay Varner,2023-10-04T17:08:34,Rework home page timeline images to use central data.,f47d9b7b-896b-5c7e-99a7-17c513d629e2
Google Drive,Tanvi Sharma,2023-10-04T21:56:09,Brooks / Viz for DH Paper,f71d69fc-8127-5447-9a5e-fb481de901e9
Figma,Tanvi Sharma,2023-10-05T10:38:00,Figma updates from Tanvi Sharma,858c52f1-dd1d-546a-8c5b-0f1c533feac8
Figma,Tanvi Sharma,2023-10-05T11:09:00,Figma updates from Tanvi Sharma,c4d02236-205b-54fd-9a9f-f052d7b72a04
Figma,Tanvi Sharma,2023-10-05T11:54:00,Figma updates from Tanvi Sharma,9f7bf60b-1cfd-515d-8bcc-ef2eb4237321
Figma,Jay Varner,2023-10-05T13:29:00,Figma updates from Jay Varner,8d61125f-aef3-5fdb-9c3a-eb5c956a3521
Figma,Jay Varner,2023-10-05T14:01:00,Figma updates from Jay Varner,8f41e211-3456-58ef-815c-186acc71889d
Figma,Tanvi Sharma,2023-10-05T14:29:00,Figma updates from Tanvi Sharma,a652e902-0848-5c33-90b0-43fb92b70ed6
Google Drive,Shiyao Li,2023-10-05T14:41:26,DxD Labor Chapter Metadata,e51e5a51-5d5b-5c2d-8c24-88b4c06d70df
Figma,Tanvi Sharma,2023-10-05T15:04:00,Figma updates from Tanvi Sharma,ba19e35b-3344-5bec-a966-b6cc21241c47
Google Drive,Lauren Klein,2023-10-05T15:50:32,Labor outline,ee3e0372-1c99-5be4-b323-e48ce14d4b92
Github,Jay Varner,2023-10-05T16:56:36,Small fix for Playfair scrollytell,c6660f70-08c5-536d-b88b-3e6cb4a301b4
Figma,Tanvi Sharma,2023-10-05T17:47:00,Figma updates from Tanvi Sharma,ec2147e8-990c-53db-aab5-1f5e6d1d842f
Google Drive,Tanvi Sharma,2023-10-05T19:05:25,Maps final vis ideas doc,0767472a-9f62-56c0-b102-79db10932fee
Figma,Tanvi Sharma,2023-10-06T10:09:00,Figma updates from Tanvi Sharma,13641fe5-87fa-5341-97b4-4bd714b9bf81
Figma,Tanvi Sharma,2023-10-06T10:40:00,Figma updates from Tanvi Sharma,7a53c120-c242-54cd-9610-e873c678224a
Figma,Tanvi Sharma,2023-10-06T10:46:00,Figma updates from Tanvi Sharma,b790437c-f48f-50a6-8e8c-1427be91f601
Github,Lauren Klein,2023-10-17T15:17:07,Adding dir for prototypes,96d760cd-0afc-53bd-aa82-2f26c025da94
Github,Jay Varner,2023-10-18T21:21:35,Fix initial viewport,98147cd9-bb95-5e6c-83c6-edc78899b9f1
Github,Jay Varner,2023-10-18T21:30:36,Fix unclosed tag,9abfab68-f237-5d2c-8f0b-bb81ce33654b
Figma,Tanvi Sharma,2023-10-19T07:32:00,Figma updates from Tanvi Sharma,369dd936-7f6e-5af9-9c7e-7dd59ecd440b
Figma,Jay Varner,2023-10-19T11:46:00,Figma updates from Jay Varner,5cb28255-a060-5878-8c78-7dada9a507f3
Github,Jay Varner,2023-10-19T13:28:24,Add some images to Shanawdithit chapter,86cd3838-e5be-5acc-8e37-5ad775ea6e28
Github,Jay Varner,2023-10-19T13:30:36,Add Shanawdithit for real,4b288617-67cf-52b6-903c-1bc63279b113
Github,Jay Varner,2023-10-19T16:09:54,Minor improvements to DuBois Chart 3,bb8b4d13-969e-59c9-aa71-a5b7966740ba
Github,Jay Varner,2023-10-19T17:35:38,Sketch Scrollytell,833ef05c-a1da-5498-b19b-0fc9a72900d9
Github,Jay Varner,2023-10-19T17:37:49,Thinner stroke,b8385287-9c3d-57f4-9fee-15f1b490c8ae
Github,Jay Varner,2023-10-19T17:42:15,Remove debug,d8be06a4-0545-566e-a225-f2475ee8f418
Github,Jay Varner,2023-10-19T20:27:01,reduce image size,33fa1465-eb15-5890-bfbe-72674e41e476
Github,Jay Varner,2023-10-20T15:46:54,Rework timeline image management,31aecb44-8eb4-55a9-b613-5d330307f224
Figma,Tanvi Sharma,2023-10-21T11:07:00,Figma updates from Tanvi Sharma,227f1716-dc61-5126-8473-7a18d4d027c5
Figma,Tanvi Sharma,2023-10-21T22:47:00,Figma updates from Tanvi Sharma,07c22fef-15f4-5296-bb28-a932a880e353
Figma,Tanvi Sharma,2023-10-21T23:13:00,Figma updates from Tanvi Sharma,6f0f6a1e-878e-55e0-afcc-9433770114ea
Github,Tanvi Sharma,2023-10-22T02:07:34,"Update chapters.power.tsxchanging """" to (“...”)",583cc0be-b23d-5689-9d6b-865bc44111a2
Github,Tanvi Sharma,2023-10-22T02:24:53,Minot text changes,cd46923b-3a71-5b2b-a5db-0e84f7a9ecb3
Figma,Tanvi Sharma,2023-10-23T18:43:00,Figma updates from Tanvi Sharma,c159e7b6-755a-51cb-9387-ad5986860334
Github,Jay Varner,2023-10-24T12:39:20,Fix home page selected images,533cef4a-68e2-57e2-9125-108524dd51f0
Github,Jay Varner,2023-10-24T12:58:58,Increase width and use black stroke for voyage viz,18484d25-160a-5929-a81b-7ea7ad2719dd
Figma,Tanvi Sharma,2023-10-24T13:41:00,Figma updates from Tanvi Sharma,e88753a6-b903-5685-b563-9b6ea5687fef
Figma,Tanvi Sharma,2023-10-24T14:09:00,Figma updates from Tanvi Sharma,a9c185cd-29d4-5e78-8e23-50f487f454a5
Figma,Tanvi Sharma,2023-10-24T18:43:00,Figma updates from Tanvi Sharma,e548cd15-cb64-5560-9780-2efddee5c897
Google Drive,Lauren Klein,2023-10-24T19:58:02,ALSO OLD - DO NOT EDIT - DRS2024 - Second Draft,bfdcbf20-6e57-593b-bb4a-4cf665d1f4ac
Github,Shiyao Li,2023-10-25T14:55:18,shiyao added prototype,3df16ea1-f018-5f8a-98b7-5d7ff1e6b149
Google Drive,Lauren Klein,2023-10-25T17:38:29,Revised intro outline 2 - May 2023,edcfae2f-43f3-57f8-b93b-1a468d1d8882
Github,Jay Varner,2023-10-26T12:38:45,Updates to maps scrollytell,422f3a8f-ac42-511a-8f32-61fd06f3c259
Github,Jay Varner,2023-10-26T13:16:59,Update scrollytell text,d46600f1-9c98-57d7-a0c7-cb75e19c8773
Github,Jay Varner,2023-10-26T15:53:50,Add Willard map scrollytell,2cb7179c-283e-5343-bc45-d3f4f6467fbc
Google Drive,Lauren Klein,2023-10-27T16:21:48,abstract,be519eaf-1272-5fce-972a-43be2a7bf29f
Google Drive,Lauren Klein,2023-10-28T20:59:15,Intro outline 3 - Oct 2023,efdd143d-c280-5b87-a274-7e7a628f12c3
Figma,Tanvi Sharma,2023-10-30T08:53:00,Figma updates from Tanvi Sharma,9745a68f-1c19-559d-b1b3-06929fdfffc5
Figma,Tanvi Sharma,2023-10-30T12:35:00,Figma updates from Tanvi Sharma,7fde996d-917e-5ec7-bdc1-64d0b88639ef
Figma,Lauren Klein,2023-10-30T17:47:00,Figma updates from Lauren Klein,bc4a0c8d-ceb1-5f2f-a9b6-8fb59d9622d7
Github,Jay Varner,2023-10-30T22:01:35,First take on People Across Versions vis,7d604032-cd38-5eaa-932d-1139fbb41adb
Github,Jay Varner,2023-10-30T22:21:30,Lower opacity for people excluded by filter,6168bfa7-f687-5d2b-a649-a03f2a6736f8
Github,Jay Varner,2023-10-30T22:22:31,Fix type warning,c8928784-34ff-522f-b257-67921d31ca49
Google Drive,Lauren Klein,2023-10-30T22:41:49,DRS2024 - Final Submission,e5b1756e-6e87-5937-ad82-54ffbb27a0c5
Github,Jay Varner,2023-10-31T13:14:38,Add chapter nav and body components,7c76eceb-0011-5bdf-a3f5-489a132bcc82
Github,Jay Varner,2023-10-31T13:36:46,Get most recent versions on chapter nav and body components,668d1ebf-8c55-53e5-aa92-8103daa3eea8
Github,Jay Varner,2023-10-31T15:29:04,Integration of chapter nav,a16c4026-9590-579f-9dd7-21efd140c51c
Github,Jay Varner,2023-11-01T12:48:56,Remove use of docHeightState,b0fa7601-cac4-52ca-bf23-983304a72ac8
Github,Jay Varner,2023-11-01T13:06:56,Replace window size hook,635d7a4d-6e0a-5ca9-920b-4d834ac7017f
Github,Jay Varner,2023-11-01T17:36:59,Refine chapter nav and to Brooks,94b85f51-dc61-5556-8cbc-24acfc0e644c
Github,Jay Varner,2023-11-01T17:40:09,Add scroll to hash component,22716e40-3172-52ea-a69e-a2f6114c8de4
Github,Jay Varner,2023-11-06T17:19:35,Make voyage paths more uniform,225ba810-8627-5685-932d-f27e7130ac71
Github,Jay Varner,2023-11-07T12:59:27,Adjust offsets to account for chapter nav,9f533799-f455-5a6f-ade3-ae6506cedad6
Github,Jay Varner,2023-11-08T13:01:13,Add chapter nav to Peabody,e6b7195d-44a5-51c4-b2de-794c174c8868
Github,Jay Varner,2023-11-08T13:01:39,Scrollytell fixes,95f23c9a-c61b-5a19-89a7-19bd022731e4
Github,Jay Varner,2023-11-08T14:34:09,Clean up,2f665eb8-5d7e-5bbe-9e37-8ff212c56dd5
Github,Jay Varner,2023-11-08T14:52:32,Restore mobile slideshow,00e5743f-cf48-557e-a834-34af902a22fd
Github,Jay Varner,2023-11-08T18:03:06,Add chapter nav to Du Bois,dc5a6583-e77f-569a-9bfd-d108fa154fec
Github,Jay Varner,2023-11-08T19:10:17,Add chapter nav to Shanawdithit,09b3c60a-0943-50b0-9e2d-22bf83150a97
Github,Jay Varner,2023-11-08T19:13:15,Merge pull request #34 from EmoryDHLab/dependabot/npm_and_yarn/babel/traverse-7.23.2Bump @babel/traverse from 7.22.10 to 7.23.2,3f8fd96c-86e1-5c45-afd1-a5a90e5366ea
Github,Jay Varner,2023-11-08T19:14:57,Remove debug statement,68ebd5e6-dbc6-5d43-9e19-b13050c77204
Github,Jay Varner,2023-11-08T19:15:38,Merge pull request #35 from EmoryDHLab/dependabot/npm_and_yarn/postcss-8.4.31Bump postcss from 8.4.27 to 8.4.31,4a2df027-7f1c-5fb2-8f00-284e9dab39cc
Github,Jay Varner,2023-11-09T13:41:24,Add footnote list to Shanawdithit,b6fc9eaf-e40e-5c12-b0d8-ee21c1e57352
Github,Jay Varner,2023-11-09T17:04:13,"Add offset to chapter nav, remove debug statement",1db67916-b549-5bdc-83bf-914738b4c2e6
Github,Jay Varner,2023-11-09T17:30:52,Remove scrollytell debug,c4523729-9c92-5bbf-9c6a-f79f66b671fb
Github,Jay Varner,2023-11-09T17:41:04,Fix loading to specific section,ffe1f35d-4dd6-575e-8fef-f1a36c951c44
Github,Jay Varner,2023-11-09T17:49:31,Performance improvement,69cc5b92-78ed-5204-bab7-dc4598b7b575
Figma,Jay Varner,2023-11-10T16:58:00,Figma updates from Jay Varner,69b8bdc2-8782-59af-86ae-1e5381832e80
Figma,Tanvi Sharma,2023-11-10T17:05:00,Figma updates from Tanvi Sharma,97632440-4d62-595c-8991-e54ed4b1d43d
Figma,Jay Varner,2023-11-13T14:01:00,Figma updates from Jay Varner,8dccdbf9-6408-526b-af44-fdd8df5555f9
Figma,Lauren Klein,2023-11-22T09:49:00,Figma updates from Lauren Klein,39fbfcea-b024-5b02-9583-011c3cb6933e
Google Drive,Lauren Klein,2023-12-05T20:48:36,Alt Text for DH,9f2cb3de-de29-5e81-8e11-78e6882939e7
Google Drive,Lauren Klein,2023-12-08T23:40:04,Alt Text Abstract for DH 2024,b778442a-1887-55e7-b49a-59c0c5129b58
Figma,Tanvi Sharma,2023-12-12T13:14:00,Figma updates from Tanvi Sharma,150f7186-f6a4-5861-954a-0cf599633cf6
Figma,Tanvi Sharma,2023-12-13T12:58:00,Figma updates from Tanvi Sharma,b13f05ad-73b1-5925-acb0-9b941548d69c
Figma,Yang Li,2023-12-18T13:36:00,Figma updates from Yang Li,ee5072c6-1e20-5ceb-a0a7-8ec9cb14e22a
Google Drive,Lauren Klein,2023-12-18T18:44:21,DxD - Running Meeting Notes Summer/Fall 2022,743d0e3c-073d-58ff-86c1-420d7c7d367f
Google Drive,Tanvi Sharma,2023-12-18T18:58:55,Alt Text Paper Notes,1560b6c3-8bda-5153-815e-30e2c773aa59
Figma,Tanvi Sharma,2023-12-20T13:44:00,Figma updates from Tanvi Sharma,d6827a5d-83cf-5cc2-a315-061ebd3e96c3
Figma,Tanvi Sharma,2023-12-20T14:06:00,Figma updates from Tanvi Sharma,6870d0bf-bcd9-5a7a-906e-a6c96c5c3340
Github,Jay Varner,2023-12-20T16:43:32,Accessibility improvements,a48f5042-ba51-500b-be7f-04ed42097610
Github,Jay Varner,2023-12-20T17:08:01,Remove debug statement,19269f0d-c103-5683-8178-dee9b045923b
Github,Jay Varner,2023-12-20T23:32:46,Small fixes to chapter nav,c3bfa129-536a-50da-a0d8-d7865c85f87a
Github,Jay Varner,2023-12-21T15:23:26,One more tweak to chapter nav,021ba287-ddf8-5fc5-96b7-a1a3d6f625e7
Github,Jay Varner,2023-12-21T15:46:25,Add main element to index,e6e9c32f-f3da-5977-bfd7-297a34d6e4c9
Github,Jay Varner,2023-12-21T17:28:46,More accessibility improvements,bf333c47-ab14-583e-bbb4-76c21adc6abe
Github,Jay Varner,2023-12-21T17:38:29,Change timeline heading element,6fb12003-dd7f-565b-9a92-0ea8c9c346b9
Github,Jay Varner,2023-12-21T17:50:31,Add main tag to about page,93990594-4443-5cd8-a1c2-3bcb47d7df7e
Figma,Tanvi Sharma,2023-12-29T17:34:00,Figma updates from Tanvi Sharma,39aa318b-a9e7-5c5f-aafc-62d810e9c4a0
Github,Tanvi Sharma,2024-01-02T17:34:07,Dubois tweaks- Fix accessibility on Slideshow (black text red background) on mobile- add max height to image,44d02dc7-ba19-5619-95be-2635d344e8a5
Github,Jay Varner,2024-01-02T19:50:20,Force with of main element.,a18097f3-bd96-5de0-8954-9ef3c7829807
Github,Shiyao Li,2024-01-05T15:56:25,Initial commit,33f4597b-93df-5852-8a4d-5bf93ccccf5b
Github,Shiyao Li,2024-01-05T15:59:55,invisible labor vis,7017aa9b-582e-56ff-91d6-7ff8bc1fa844
Figma,Tanvi Sharma,2024-01-08T09:20:00,Figma updates from Tanvi Sharma,56c74fc1-086e-5f31-91f1-faa8ec345bf6
Figma,Tanvi Sharma,2024-01-10T15:31:00,Figma updates from Tanvi Sharma,900f6b69-e11b-5e66-b702-48389f3663fc
Figma,Tanvi Sharma,2024-01-16T12:06:00,Figma updates from Tanvi Sharma,9e1e7fe0-74cc-5916-bb69-409db43f1702
Figma,Tanvi Sharma,2024-01-16T12:18:00,Figma updates from Tanvi Sharma,3050f52f-3d85-5f91-a0b2-ea77d0e77c49
Figma,Tanvi Sharma,2024-01-16T13:33:00,Figma updates from Tanvi Sharma,f1e5527f-c51e-5f73-b535-9b8b41debea2
Github,Jay Varner,2024-01-16T15:12:40,Center sketch in scrollytell,3fdd2c78-cfb2-5bad-ad1e-6d8b83a7b113
Google Drive,Lauren Klein,2024-01-16T18:38:47,Peer Review(s),2863cfde-8716-52f3-b4ec-4a259f47a675
Github,Jay Varner,2024-01-16T19:16:42,Test genius,acd4b55e-fd04-547d-8719-4a4dcfdb3b1e
Github,Jay Varner,2024-01-16T19:22:00,Roll back,6f646852-1ae0-5f39-8a84-ea27927a3bfd
Figma,Tanvi Sharma,2024-01-17T13:56:00,Figma updates from Tanvi Sharma,318e688c-81f7-5105-a58b-433359b05af0
Figma,Tanvi Sharma,2024-01-17T16:27:00,Figma updates from Tanvi Sharma,a90c36bc-9ee2-59b1-ad1c-8598775d0117
Figma,Tanvi Sharma,2024-01-17T16:58:00,Figma updates from Tanvi Sharma,e0d46fe8-fdcd-5a79-bbdd-61deb36a9a1b
Figma,Tanvi Sharma,2024-01-17T17:13:00,Figma updates from Tanvi Sharma,89532ef9-645f-5d1c-ad2b-6dc6de83e5c2
Github,Tanvi Sharma,2024-01-17T18:42:22,design tweaks- body font size changes- add padding to top of chapters- add margin to chapter grid for 3xl super wide displays- make centered layout skinny-er,05365a09-0977-5966-a99b-82c90f286f14
Github,Jay Varner,2024-01-17T19:10:14,Add Du Bois primary bg color,3addd2eb-944d-5715-99f3-5cf235663f1d
Github,Jay Varner,2024-01-17T19:10:39,Enable Hypothesis,97481569-f5ec-55b8-9ae7-a110b848f653
Figma,Tanvi Sharma,2024-01-18T16:02:00,Figma updates from Tanvi Sharma,d0210f95-9b2d-502d-967d-23fab3c19280
Figma,Tanvi Sharma,2024-01-19T11:48:00,Figma updates from Tanvi Sharma,a31ca8fe-fa1e-5fed-99a6-3113f8fb0b02
Figma,Tanvi Sharma,2024-01-19T12:19:00,Figma updates from Tanvi Sharma,f1878ae0-170a-5e93-8c37-adae320c5819
Figma,Tanvi Sharma,2024-01-19T12:38:00,Figma updates from Tanvi Sharma,f6159f59-3fcc-5bf7-b99c-18ebf9e014d6
Figma,Tanvi Sharma,2024-01-22T12:22:00,Figma updates from Tanvi Sharma,1330be21-bd9d-52eb-90bd-144e5ca6a207
Figma,Yang Li,2024-01-22T12:53:00,Figma updates from Yang Li,aa3ae1a0-7752-59a3-bfae-662696a962ad
Figma,Tanvi Sharma,2024-01-24T10:54:00,Figma updates from Tanvi Sharma,d0993d87-2bfd-5b11-8d7e-724d4d4fe4d3
Figma,Tanvi Sharma,2024-01-24T15:37:00,Figma updates from Tanvi Sharma,31c8e21c-2e30-5227-8940-ac1fca1e181d
Figma,Tanvi Sharma,2024-01-24T15:59:00,Figma updates from Tanvi Sharma,72157e30-4eed-5a77-bfa4-52127985170e
Figma,Tanvi Sharma,2024-01-25T12:36:00,Figma updates from Tanvi Sharma,cb469253-5f86-5c00-9d18-b21b6a5fef82
Figma,Tanvi Sharma,2024-01-25T13:07:00,Figma updates from Tanvi Sharma,78b3222b-fc6a-5842-94c3-81bbd53994b1
Figma,Tanvi Sharma,2024-01-29T13:35:00,Figma updates from Tanvi Sharma,7507601b-2671-5745-b33c-ea7a7b29851c
Google Drive,Tanvi Sharma,2024-01-29T18:15:14,Data for DuBois Pie Charts,ad3d1584-2a13-5f53-96f2-c01c264d86d5
Figma,Yang Li,2024-01-31T13:59:00,Figma updates from Yang Li,2f938f66-5e18-541e-b32e-3abf35dfeac4
Figma,Yang Li,2024-02-01T16:28:00,Figma updates from Yang Li,ea127031-03f4-5aaf-a3c6-90a1d263e9a3
Figma,Shiyao Li,2024-02-01T16:49:00,Figma updates from Shiyao Li,78e0b915-dcde-5b60-bb78-fecf593f19f3
Figma,Tanvi Sharma,2024-02-05T10:39:00,Figma updates from Tanvi Sharma,45dd56ba-fc99-5b1b-b85a-78d8387a792e
Figma,Tanvi Sharma,2024-02-05T11:09:00,Figma updates from Tanvi Sharma,7a6b1f49-0e1c-5a4d-8b5b-6684b4bfa8b9
Github,Jay Varner,2024-02-05T13:07:21,Preserve selected image when toggling between shuffle and sort on home page.,48102571-a01e-51eb-9768-64746bfc7a30
Figma,Silas Munro,2024-02-05T13:42:00,Figma updates from Silas Munro,d331b629-66c1-5bcc-b684-a2bdd8e428c5
Figma,Tanvi Sharma,2024-02-05T13:48:00,Figma updates from Tanvi Sharma,9a4d9637-729a-5bb4-9812-db133514c38c
Figma,Shiyao Li,2024-02-07T21:50:00,Figma updates from Shiyao Li,0738ba10-f66a-5b4f-a398-288a57d8ad0a
Figma,Tanvi Sharma,2024-02-11T11:20:00,Figma updates from Tanvi Sharma,40685f07-d774-5727-88fa-22dfeee27f93
Figma,Tanvi Sharma,2024-02-12T13:51:00,Figma updates from Tanvi Sharma,df60b311-0632-587b-9c24-45a8b2b579dc
Google Drive,Lauren Klein,2024-02-12T18:18:24,intro-working-draft-feb-12,db5c1c95-a718-54af-8959-7b897a13c465
Figma,Tanvi Sharma,2024-02-14T12:51:00,Figma updates from Tanvi Sharma,08141939-3db5-5394-a937-3c6de72a55e2
Figma,Tanvi Sharma,2024-02-14T17:25:00,Figma updates from Tanvi Sharma,162a28e4-9464-5be2-a136-c4e0b729f55c
Figma,Tanvi Sharma,2024-02-15T11:50:00,Figma updates from Tanvi Sharma,dc156264-f8c9-5c2c-911c-f5bd28589e63
Figma,Tanvi Sharma,2024-02-15T15:59:00,Figma updates from Tanvi Sharma,6cacbf32-14af-590a-8111-10b78eec5e4d
Figma,Tanvi Sharma,2024-02-15T17:30:00,Figma updates from Tanvi Sharma,283fb7ff-ea4f-552f-a3d4-708af8da5806
Figma,Tanvi Sharma,2024-02-16T11:01:00,Figma updates from Tanvi Sharma,b8a36fb3-5079-5015-a057-2f661e355604
Google Drive,Lauren Klein,2024-02-19T14:35:10,Old drafts,359f44c1-cd83-5088-b714-7e746515d669
Google Drive,Lauren Klein,2024-02-19T14:53:43,1-Carte_figurative_des_pertes_successives_[...]Minard_Charles-Joseph_btv1b52504201x_1.jpeg,3be22b64-a24b-56b6-90cf-385746a5ff68
Google Drive,Lauren Klein,2024-02-19T16:37:24,4-PLACEHOLDER-oresme.jpg,9bb7fe0c-60b1-5d9d-902a-118fa9c09c06
Google Drive,Lauren Klein,2024-02-19T16:49:47,3-PLACEHOLDER-anonymous.jpg,0266c096-d2f9-5eab-b153-9c0693b26a4b
Google Drive,Lauren Klein,2024-02-19T16:54:29,4-oresme.jpg,2eb0330c-61bf-5599-b4b2-f517fb12545d
Google Drive,Lauren Klein,2024-02-19T17:06:03,5-plot-images-need-to-merge.pdf,aaec4e94-f7c5-5db1-bb35-661e9e029ae5
Google Drive,Lauren Klein,2024-02-19T18:57:49,6-PLACEHOLDER-lambert.gif,138421a4-ad57-5386-9021-535f714765e8
Google Drive,Lauren Klein,2024-02-19T19:01:58,7-1786_Playfair_-_1_Chart_of_all_the_import_and_exports_to_and_from_England_from_the_year_1700_to_1782.jpg,e7c0bf72-c079-5a7c-95a8-500108f9d8fd
Google Drive,Lauren Klein,2024-02-19T19:08:34,"8-Edmond_Halley's_map_of_the_trade_winds,_1686.jpeg",01c801ad-ac1c-57ed-be6b-ebf986c2a838
Google Drive,Lauren Klein,2024-02-19T19:14:42,9-PLACEHOLDER-teozacoalco.webp,fe01826e-2fdc-5c8a-bc55-0a407c5e915f
Google Drive,Lauren Klein,2024-02-19T19:23:15,9-teozacoalco.jpeg,290e2177-0315-59ea-91e7-4f5f54c3a11a
Google Drive,Lauren Klein,2024-02-19T19:32:13,10-PLACEHOLDER-ledger1.png,bec61b34-a3ec-5d88-90f3-7e39b227c24b
Google Drive,Lauren Klein,2024-02-19T19:32:22,11-PLACEHOLDER-ledger2.png,093f032b-71f1-52d3-9b95-228842012d15
Google Drive,Lauren Klein,2024-02-19T19:55:27,13-PLACEHOLDER-TAST.png,821ac2dd-cf15-5168-93b7-addbc6a156e3
Figma,Tanvi Sharma,2024-02-20T11:48:00,Figma updates from Tanvi Sharma,57206ac3-04a6-5311-a176-43925b07f23e
Figma,Tanvi Sharma,2024-02-20T15:04:00,Figma updates from Tanvi Sharma,2a89f929-a695-5b40-b629-b8517d7420c7
Google Drive,Lauren Klein,2024-02-20T16:37:58,images,6cec9f1b-ebe8-5a5d-b77d-1eeaf5518df9
Google Drive,Lauren Klein,2024-02-21T19:14:55,TAST-1.png,45fefe26-e9f3-524c-8571-67c8097901dc
Google Drive,Lauren Klein,2024-02-21T19:14:57,TAST-2.png,82ccf2bb-8ef3-5382-ba16-08172decdc19
Google Drive,Lauren Klein,2024-02-21T19:14:58,TAST-3.png,ec2a6a5e-32d1-569b-8d45-79fd121e7df5
Figma,Tanvi Sharma,2024-02-26T13:43:00,Figma updates from Tanvi Sharma,e3dd6d41-296b-598c-926f-183e97f68cc2
Github,Jay Varner,2024-02-27T20:01:41,First pass at Playfair interaction.,78bda218-cef3-51ae-b91d-6d5395cc6ef4
Github,Jay Varner,2024-02-27T20:05:52,Up font size,53e29aeb-0af1-5385-9a87-93db0ee22a9a
Github,Jay Varner,2024-02-27T20:56:15,Update TS,ebf9dfff-3d66-54fc-b0ab-323875ecb59b
Github,Jay Varner,2024-02-27T21:38:33,Remove package lock,4eca8a32-9a10-5e3d-861c-b6a9d8b87be6
Github,Jay Varner,2024-02-27T21:52:21,Add keyboard events to Playfair vis,2adb581c-529e-58c0-8e60-3868015645ad
Figma,Tanvi Sharma,2024-02-28T11:24:00,Figma updates from Tanvi Sharma,fff33905-09df-54f8-bdeb-66426b7f8351
Figma,Tanvi Sharma,2024-02-28T12:00:00,Figma updates from Tanvi Sharma,280d893f-03fc-5daf-9d4a-7569c8e5dfe3
Figma,Tanvi Sharma,2024-02-28T12:17:00,Figma updates from Tanvi Sharma,e0a911bd-64c5-5c4e-9171-bc5053f0c564
Github,Jay Varner,2024-02-28T12:35:59,Improve grid spacing,afe1f7a7-5700-5a36-8424-e5de48dc275c
Github,Jay Varner,2024-02-28T13:16:40,Smooth out transitions,62c8bddb-ac92-5492-84fc-404eafec1f5d
Github,Jay Varner,2024-02-28T15:35:31,Fix section titles,a301ffd3-71ed-5716-9832-5a55afeb739a
Github,Jay Varner,2024-02-28T15:47:04,Update button styling/state,20dded78-8c1f-5928-a838-eb8faca41d35
Github,Jay Varner,2024-02-28T15:51:28,Add fill-black to Tailwind config,405cd8bb-8c7a-5bc3-a1f2-c6a2372193b8
Github,Jay Varner,2024-02-28T15:55:07,Remove width from section title.,1e5dba88-990e-5942-b0c5-135d15db920a
Github,Jay Varner,2024-02-28T18:07:29,Improve chapter nav,b3f59a9e-5cb7-5e00-9880-5775f2df0e7c
Github,Jay Varner,2024-02-28T20:04:52,Clean up CSV,6249fbc7-443e-587c-b38f-3c64a30a7628
Github,Jay Varner,2024-02-28T20:53:13,Force blur on button when mouse leaves.,1f3b48bc-9e19-584c-b0e9-722eca175c63
Github,Jay Varner,2024-02-29T02:41:31,Adjust top spacing on chapter nav icons,ab3ecf22-1d95-5667-a94e-1244cd561394
Github,Jay Varner,2024-02-29T16:17:37,First pass at second Playfair scrollytell.,5c422abd-1042-5fba-8744-a573d0834579
Github,Jay Varner,2024-02-29T18:19:31,Fix Playfair interactive.,60dc5500-e7ad-591a-b95d-e914657096e8
Github,Jay Varner,2024-02-29T19:44:19,Add border to chart.,b7e5f312-f0be-503c-8220-611f7f96efaf
Github,Jay Varner,2024-03-01T14:02:05,Adjust first Playfair scrollytell.,0d390ace-b96f-5c16-b995-2b04a5f91847
Github,Jay Varner,2024-03-01T15:21:24,More chapter nav improvements and add missing Peabody vis to nav.,dbc92e02-36a1-5530-bace-ff79259e1cd8
Figma,Tanvi Sharma,2024-03-01T16:42:00,Figma updates from Tanvi Sharma,d18fd836-4417-5f68-9157-f62501a637d3
Figma,Shiyao Li,2024-03-01T16:48:00,Figma updates from Shiyao Li,89297c6d-b8a4-5da4-a487-d48803a70fb9
Github,Jay Varner,2024-03-01T17:55:23,Move declarations of visualizations and figures for chapter context to prevent excessive re-renders,531fb895-5ae4-5653-b999-1cd28b9107af
Github,Jay Varner,2024-03-01T18:02:37,Fix linting errors.,30d432f1-9834-545d-971c-ad2a7f29be2f
Figma,Tanvi Sharma,2024-03-04T13:40:00,Figma updates from Tanvi Sharma,41e04bf3-1b97-592c-9c3e-3fb521c137f0
Github,Jay Varner,2024-03-04T14:57:40,Fix stacked chart,230c2463-fb58-54b5-864b-a4b5647d37ce
Github,Jay Varner,2024-03-04T17:29:33,Add dropshadow to buttons.,577d5423-2f0d-53f7-a290-e9f5398f6dc8
Github,Jay Varner,2024-03-04T18:25:12,Add initial row to contribution data and label Y axis.,1bb32f07-6194-5220-ba60-42902c8ff617
Github,Jay Varner,2024-03-04T22:45:38,Improve clarity of Playfair contributions scorllytell,aae0279b-ea02-582b-a772-7a2bbe87a465
Figma,Tanvi Sharma,2024-03-05T11:54:00,Figma updates from Tanvi Sharma,654247f0-37ee-5f5a-b88c-d1da0e9c1a39
Figma,Tanvi Sharma,2024-03-05T12:24:00,Figma updates from Tanvi Sharma,2d9a15cc-9784-5c87-b94c-cdffd3ccf646
Figma,Tanvi Sharma,2024-03-05T12:35:00,Figma updates from Tanvi Sharma,12935a8e-eb3f-5c7f-8184-9db233a80563
Github,Jay Varner,2024-03-06T02:25:09,Tidy up stack and comb charts.,f75ef6c2-1585-5257-8751-35880704bb97
Google Drive,Lauren Klein,2024-03-06T03:36:37,Sample MLA abstracts for Margy,ff64e0b1-e65b-53f5-96e5-c3dd920189a8
Github,Jay Varner,2024-03-07T16:21:52,Early progress on people across versions labor vis,e6522f20-fbfe-58a6-add1-d96ab9b8f95d
Github,Jay Varner,2024-03-07T22:15:27,Add SVG map for Du Bois,3777a791-ea8b-5c6c-b60a-88f6d0bae47a
Github,Jay Varner,2024-03-08T13:58:33,Organize and clean up.,e090b252-ad68-556f-9b73-1fa1ffb3ff73
Figma,Tanvi Sharma,2024-03-08T14:55:00,Figma updates from Tanvi Sharma,a2cd3e0e-5c71-55f9-a780-c1f642f46a63
Figma,Yang Li,2024-03-10T17:25:00,Figma updates from Yang Li,24de9c7a-5c32-5b08-b08e-467158c56637
Figma,Yang Li,2024-03-11T11:18:00,Figma updates from Yang Li,e5199d14-2fca-57b9-a05a-62b735919110
Figma,Tanvi Sharma,2024-03-11T11:34:00,Figma updates from Tanvi Sharma,42ab8d8b-1111-5332-93ed-0cc1935c2f06
Figma,Tanvi Sharma,2024-03-11T12:40:00,Figma updates from Tanvi Sharma,955eb526-b786-5efe-8054-0cda18750281
Figma,Tanvi Sharma,2024-03-11T13:14:00,Figma updates from Tanvi Sharma,31caa532-0fc9-5b27-9bfa-5488ea28c962
Figma,Tanvi Sharma,2024-03-11T13:29:00,Figma updates from Tanvi Sharma,38762467-8483-5303-ba1f-ffeb5f8fc813
Figma,Tanvi Sharma,2024-03-11T14:23:00,Figma updates from Tanvi Sharma,49bbba2d-fce0-5bd3-9929-601bee481a36
Figma,Tanvi Sharma,2024-03-11T15:01:00,Figma updates from Tanvi Sharma,830c74ab-cd4d-59c1-ae45-33e049200b14
Figma,Tanvi Sharma,2024-03-11T19:54:00,Figma updates from Tanvi Sharma,235f1f3e-fe05-5824-8960-027fc7ebfd6f
Figma,Tanvi Sharma,2024-03-11T19:58:00,Figma updates from Tanvi Sharma,d6c702d4-5823-52dd-ad9f-f60bed4bdd4a
Google Drive,Lauren Klein,2024-03-12T12:45:59,DxD People,4daf8bd0-15f5-5ecc-a227-7e99431f1fc5
Github,Jay Varner,2024-03-12T15:43:36,Rework people vis.,6bdfbad9-9154-5ce8-8402-954807b69873
Github,Jay Varner,2024-03-12T17:22:05,Improve mouse over.,04ac0e9f-29ce-567e-9843-0e07c5939c0c
Figma,Tanvi Sharma,2024-03-12T19:53:00,Figma updates from Tanvi Sharma,73f5f70f-c984-540b-98e9-67a63caffd86
Github,Jay Varner,2024-03-13T11:55:22,Remove shadow if no action.,a04c74c2-b5ea-5783-b77f-dc5fb3beb7a3
Github,Jay Varner,2024-03-13T12:29:32,Use D3 to position names.,2a88271c-c3cb-5fa3-9b4b-aee9073d0098
Github,Jay Varner,2024-03-13T14:37:24,Fix Peabody for mobile.,de27dc57-723d-5f00-9c60-210155e1e73f
Github,Jay Varner,2024-03-13T15:08:28,Fix Peabody footnotes on mobile.,a23db5fd-6946-5350-8cc7-ef85f9a6f64c
Github,Jay Varner,2024-03-13T15:11:35,Feeble attempts to improve people vis on mobile.,5cff7e7b-b8c5-509d-a13b-a6022e3f1ead
Figma,Tanvi Sharma,2024-03-13T17:26:00,Figma updates from Tanvi Sharma,ac9de986-22ee-5fc7-9af3-0f7ca99781a5
Github,Jay Varner,2024-03-13T20:08:20,Remove buttons from contributions scrollytell,78b4af72-ae65-54a0-9b7e-c016c95ba62e
Figma,Tanvi Sharma,2024-03-14T10:04:00,Figma updates from Tanvi Sharma,42c99f3e-1901-5bba-8a15-c11f497e32d1
Github,Jay Varner,2024-03-14T11:49:40,Mobile improvement contribution scrollytell.,ce6b0d08-b8d9-5784-84bb-dcff5153b708
Figma,Tanvi Sharma,2024-03-14T12:14:00,Figma updates from Tanvi Sharma,2d6f94ff-2561-5f8b-8fdd-1b6ae0b98a1d
Github,Jay Varner,2024-03-14T14:23:23,Mobile fixes/improvements for Brooks,339457b4-8528-56af-94d2-cc63fb4b2272
Figma,Tanvi Sharma,2024-03-15T11:12:00,Figma updates from Tanvi Sharma,4581d9fe-a123-5fa9-b0d5-eae723ce83fe
Github,Jay Varner,2024-03-15T12:19:15,Handel deselecting grouping,2435b843-6c39-5080-a19d-330e3881e107
Figma,Tanvi Sharma,2024-03-15T14:37:00,Figma updates from Tanvi Sharma,d762d121-71df-57f3-ae12-bd6efe77dcf6
Figma,Tanvi Sharma,2024-03-15T15:06:00,Figma updates from Tanvi Sharma,f3bd350a-0539-50b0-b990-e448dce818e2
Figma,Tanvi Sharma,2024-03-15T15:21:00,Figma updates from Tanvi Sharma,e9ca0393-7ffe-538a-bf44-514ca3a89ba5
Github,Jay Varner,2024-03-15T21:31:27,Make voyage lines curvier,4c0d3e26-276d-5fcc-8593-117887e127f8
Figma,Tanvi Sharma,2024-03-18T12:29:00,Figma updates from Tanvi Sharma,e197101b-7eec-5bb7-9755-363570dea804
Figma,Tanvi Sharma,2024-03-18T13:20:00,Figma updates from Tanvi Sharma,6b759109-300d-59c2-bc82-cf243a9b4470
Github,Jay Varner,2024-03-18T15:02:24,Add function or regenerate voyage seeds.,5b65dd32-4e1a-5880-abcd-784c7a671bcb
Google Drive,Lauren Klein,2024-03-18T17:33:20,2023 Team To Do Notes,70f51afc-10fa-5e0a-8e6e-f778ee11e9d6
Figma,Tanvi Sharma,2024-03-19T11:56:00,Figma updates from Tanvi Sharma,0070b8fc-c245-51f6-bfea-6853a99efcf7
Figma,Tanvi Sharma,2024-03-19T12:28:00,Figma updates from Tanvi Sharma,0c62ab72-c001-5646-a172-ce435c03bba6
Figma,Tanvi Sharma,2024-03-19T13:02:00,Figma updates from Tanvi Sharma,5b1dc520-b8da-5912-acda-b3ca080bc988
Figma,Tanvi Sharma,2024-03-19T15:19:00,Figma updates from Tanvi Sharma,e6c898db-9a2b-5b07-953b-b777100d2186
Figma,Jay Varner,2024-03-19T15:49:00,Figma updates from Jay Varner,1e3acdb3-a4a3-5788-84c4-f9c0e4db0d55
Github,Jay Varner,2024-03-19T15:54:43,Update chapter section title.,83f1ef15-e5fa-5635-a8a7-a28b0d11e601
Google Drive,Lauren Klein,2024-03-19T18:50:46,PLACEHOLDER-data-table-2.jpg,725ce9e7-cbbf-5412-82a0-83d0f64eb7f4
Google Drive,Lauren Klein,2024-03-19T18:51:08,PLACEHOLDER-data-table-1.jpg,ef0d27aa-4187-5528-890a-e0ed61145e36
Google Drive,Lauren Klein,2024-03-19T18:52:07,PLACEHOLDER-early-bar-chart.jpg,0eb47312-91b2-5011-955e-df5abd971dda
Google Drive,Lauren Klein,2024-03-19T18:53:21,PLACEHOLDER-west-indies.jpg,d3a68323-5b10-5b6c-98f1-a6eed3b75e7a
Google Drive,Lauren Klein,2024-03-19T18:54:00,placeholder images for revised version,56fa1275-f3ad-50e6-9377-806ec9ba9556
Github,Jay Varner,2024-03-19T20:24:06,Update pull quotes and chapter titles.,ae360860-65ce-5d8a-b094-50a012755196
Github,Jay Varner,2024-03-19T21:59:30,Add section links to chapter header,f0a9b8de-638d-58f6-bb9d-5113db82deae
Github,Jay Varner,2024-03-20T03:25:41,Increase spacing of chapter title.,7812b48e-f1b9-5ccf-bf39-29d7d391e6ca
Figma,Tanvi Sharma,2024-03-20T08:52:00,Figma updates from Tanvi Sharma,4d565eff-cfe3-567e-9a92-641cc7f4c969
Figma,Jay Varner,2024-03-20T15:03:00,Figma updates from Jay Varner,4c457f67-1290-5702-a446-5ae95c1eee11
Figma,Jay Varner,2024-03-20T16:02:00,Figma updates from Jay Varner,b41d3829-67c6-5ac3-8e4b-5b7840006aff
Figma,Tanvi Sharma,2024-03-20T16:22:00,Figma updates from Tanvi Sharma,48601e74-bcc6-5604-8359-ca7153b0a1b7
Figma,Tanvi Sharma,2024-03-20T16:46:00,Figma updates from Tanvi Sharma,3f89557d-9b78-5517-ac53-52b3a0b995f3
Google Drive,Lauren Klein,2024-03-20T17:56:09,Brooks final vis Ideation,e1e8f777-3666-572e-a69e-85ff44096d13
Github,Tanvi Sharma,2024-03-20T20:12:32,Adding Neue Montreal to fonts,a30c7137-c137-5b6f-9721-9d749dd259b9
Github,Tanvi Sharma,2024-03-20T20:35:53,Update ChapterTitle.tsxMinor font and spacing changes,e2f6cd46-c68c-534d-9a01-0c3629482420
Figma,Tanvi Sharma,2024-03-21T16:21:00,Figma updates from Tanvi Sharma,888c20c0-0fc7-5c5a-b2fb-f1c02d812d85
Github,Jay Varner,2024-03-21T16:38:13,Brooks vis scrollytell.,94f25f7b-eccb-55e4-9aa6-57d0c6212a34
Github,Jay Varner,2024-03-21T17:32:46,Improve transition in voyage vis,c3978a2f-b54a-5b96-8779-cc167f948db6
Github,Jay Varner,2024-03-21T17:52:04,Fix slider bug and reset initial year range.,77731085-9ace-59f7-a298-0f3f01225eb3
Figma,Lauren Klein,2024-03-22T16:21:00,Figma updates from Lauren Klein,c901623b-e2cc-502a-b8b5-7f4e7c3b0efc
Figma,Tanvi Sharma,2024-03-22T16:47:00,Figma updates from Tanvi Sharma,f72157de-63b9-544a-aa7e-f28f8a212086
Github,Jay Varner,2024-03-22T17:38:31,Add taper to voyage binds to represent the voyage's mortality rate.,fa894fee-705e-5b17-8352-de9e089e9620
Google Drive,Lauren Klein,2024-03-22T19:50:07,1-diagram-mar24,222e8026-8b2a-58c7-872b-21944a70bf9a
Github,Jay Varner,2024-03-22T21:05:36,Update Brooks text.,4104237e-8201-5b29-b6e1-4ed76555926a
Figma,Tanvi Sharma,2024-03-25T12:56:00,Figma updates from Tanvi Sharma,5beab92f-9358-5afd-ac2d-12f243ece259
Figma,Jay Varner,2024-03-25T13:03:00,Figma updates from Jay Varner,9d3211ad-4f15-5c46-8cb3-7d9f24e47b0c
Github,Jay Varner,2024-03-25T16:18:10,Fix updating years on axis,479fc4d3-be05-5446-9cb2-71d1f98ab740
Github,Jay Varner,2024-03-25T17:06:45,Update image height to match partner.,1ce52845-dc82-5c27-a3de-ff3288b62bb1
Github,Jay Varner,2024-03-25T17:16:49,Update Playfair scrollytell chart,0ba1c0b0-ce8e-5135-b22c-207606bb6205
Github,Jay Varner,2024-03-25T19:41:45,Update font for pull quotes,5e665a3e-a268-5361-91c1-15781fa404f0
Github,Jay Varner,2024-03-25T20:18:13,Remove debug chars,3419b91c-cb3f-563b-9d08-42e328d6b496
Figma,Tanvi Sharma,2024-03-26T12:03:00,Figma updates from Tanvi Sharma,0027fedb-2c1d-5569-b798-eea4ed6b54bb
Figma,Tanvi Sharma,2024-03-26T13:04:00,Figma updates from Tanvi Sharma,989f3478-e5c7-5d6f-9dee-68e6e0b1a14e
Figma,Silas Munro,2024-03-26T13:33:00,Figma updates from Silas Munro,f8529e06-a9d4-5f26-aaae-822ed136e903
Figma,Tanvi Sharma,2024-03-26T13:51:00,Figma updates from Tanvi Sharma,f608ea81-fe2e-525b-a73b-38adf1efce41
Github,Jay Varner,2024-03-26T13:54:41,Update scrollytell text. Add new font CSS,1be476f7-6e79-5ff9-bb79-cf6b137ce3dd
Google Drive,Tanvi Sharma,2024-03-26T16:29:34,screenshot-slavevoyages-outcome.png,36fbcee9-2734-5049-9a70-0ab0e6cf3a61
Google Drive,Tanvi Sharma,2024-03-26T16:30:01,screenshot-slavevoyages-resistancetype.png,ad3ba70f-a4db-5799-8818-db0d1274e442
Google Drive,Tanvi Sharma,2024-03-26T16:31:19,screenshots,d81e3c7d-916e-5ed3-912a-83b6740dc75b
Github,Tanvi Sharma,2024-03-26T16:32:40,"adding images to intro, brooks scrollytell screenshotsfrom gdrive",718af984-70ed-562e-886e-2133ace672d4
Github,Tanvi Sharma,2024-03-26T16:49:55,Adding Brooks images. Tweaks to pullquote font. Tweak to image caption alignment.,f1abdc06-bedd-5356-a59c-6545e53a0f20
Figma,Tanvi Sharma,2024-03-26T16:57:00,Figma updates from Tanvi Sharma,8b115466-b246-5c6b-8cb7-73a9656a2ca5
Figma,Tanvi Sharma,2024-03-26T17:00:00,Figma updates from Tanvi Sharma,2a981458-74d2-5ebe-b37a-5f0819485a24
Github,Tanvi Sharma,2024-03-26T17:02:18,spacings changes,a9c33884-49cc-536f-950f-eb294a1d6297
Google Drive,Lauren Klein,2024-03-26T17:53:44,2-playfair-mar24,d07fac5c-8cb8-50d7-ac4a-54639bba7afd
Github,Jay Varner,2024-03-26T18:28:52,Update Playfair text.,15f1ceb1-a3cc-5491-90e4-aedb1dc2fa22
Github,Jay Varner,2024-03-26T19:01:52,Update figure filename,e0dff870-48df-5779-838d-131085669e1f
Github,Jay Varner,2024-03-26T19:03:23,Fix figure filename,c45f4dd9-633d-58a3-bbca-291e9315d97a
Figma,Tanvi Sharma,2024-03-26T19:19:00,Figma updates from Tanvi Sharma,7fb3eb9d-c402-595f-ad28-f7190baadbbe
Github,Jay Varner,2024-03-26T19:22:16,Remove debug statements.,430dcfb4-d422-54b3-a346-0576cceea2b6
Github,Jay Varner,2024-03-26T19:31:32,Balance column widths/margins,0f1ba126-3172-5483-93f6-f94857e387f0
Github,Tanvi Sharma,2024-03-26T20:39:37,Update PullQuote.tsx,fe834569-9cdf-531c-86b3-a0a75eb90aa6
Figma,Lauren Klein,2024-03-27T10:30:00,Figma updates from Lauren Klein,c1654d57-1504-56f4-97cb-4cac083737c0
Figma,Tanvi Sharma,2024-03-27T11:07:00,Figma updates from Tanvi Sharma,99e1ac4f-41be-59d6-936e-a3f0384a39fe
Figma,Tanvi Sharma,2024-03-27T16:53:00,Figma updates from Tanvi Sharma,c3cc9fae-a15c-5b8b-8596-77e31e55d5c8
Figma,Tanvi Sharma,2024-03-27T17:27:00,Figma updates from Tanvi Sharma,9bc70e70-0647-5e20-9c48-5fdb5ed9e18e
Figma,Tanvi Sharma,2024-03-27T17:40:00,Figma updates from Tanvi Sharma,ab668e54-8541-55cf-8948-08c2b93db2ef
Figma,Tanvi Sharma,2024-03-27T18:56:00,Figma updates from Tanvi Sharma,a98d1a7b-5db1-5237-8686-f25396b82b6c
Figma,Tanvi Sharma,2024-03-27T20:21:00,Figma updates from Tanvi Sharma,d1d8cf36-8062-5539-af37-a57bc7ebbee8
Github,Tanvi Sharma,2024-03-27T21:35:12,Change BG color. Footnotes. Typos -- -> —.,7470f760-3bc0-5f52-9fca-3178445c68fc
Figma,Tanvi Sharma,2024-03-27T22:43:00,Figma updates from Tanvi Sharma,b75dab85-b0e4-5f4a-97a4-d977653ab3e9
Figma,Tanvi Sharma,2024-03-27T22:52:00,Figma updates from Tanvi Sharma,090e17cf-87fe-512e-915a-bdae328f805b
Figma,Tanvi Sharma,2024-03-28T11:44:00,Figma updates from Tanvi Sharma,176b1c25-f65d-5428-b9c2-244b41f0f926
Figma,Tanvi Sharma,2024-03-28T12:49:00,Figma updates from Tanvi Sharma,14a7b71d-8717-5976-afe1-be71fd3ae8c1
Figma,Tanvi Sharma,2024-03-28T13:28:00,Figma updates from Tanvi Sharma,3e03bddd-a337-51f7-ad90-0da3e3675e08
Figma,Tanvi Sharma,2024-03-28T15:07:00,Figma updates from Tanvi Sharma,a2638da7-3da6-55a8-ad32-4c2b5af6f20f
Figma,Tanvi Sharma,2024-03-28T16:48:00,Figma updates from Tanvi Sharma,c22c916b-0798-5f39-a3df-150196cb9687
Github,Tanvi Sharma,2024-03-28T17:04:25,Spacing and type tweaks,8f0ba397-912a-5404-a9c7-6e8613f3f386
Github,Tanvi Sharma,2024-03-28T17:11:45,Adjust tracking for chapter body,d476f275-b852-5f44-8286-fc42bc7ab626
Figma,Tanvi Sharma,2024-03-28T20:21:00,Figma updates from Tanvi Sharma,9d867a54-8366-5b56-9873-5a6bc3463907
Figma,Tanvi Sharma,2024-03-29T12:58:00,Figma updates from Tanvi Sharma,c21cf310-fb22-5abb-b761-f0e666f31abf
Figma,Tanvi Sharma,2024-03-29T13:59:00,Figma updates from Tanvi Sharma,2814ae35-a41e-53c5-96af-6da7b9567d60
Figma,Tanvi Sharma,2024-03-29T14:36:00,Figma updates from Tanvi Sharma,4ae5f688-1b0c-50a5-afdd-471b18a5d636
Google Drive,Lauren Klein,2024-03-29T18:32:41,Intro - Feb 2024 Draft,204f89fa-4857-57f9-b169-30658eec37b8
Google Drive,Lauren Klein,2024-03-31T22:50:14,DxD Alt Text - For Margy,f7da087b-68ac-5bc3-a1ae-eca1c59bf483
Google Drive,Jay Varner,2024-04-01T13:58:06,EU_ECtrDigitalScholarship_pr1_HollyCrenshaw.pdf,cac886b0-dd1f-5702-8fe8-7f64e4ffda3b
Figma,Tanvi Sharma,2024-04-01T14:29:00,Figma updates from Tanvi Sharma,f76bfffb-3e57-51c5-a1a5-a6fcebc7cc0a
Google Drive,Tanvi Sharma,2024-04-01T16:38:18,Labour final vis ideas doc,9b4d598a-3105-5d47-ae6d-4518e763df4b
Google Drive,Jay Varner,2024-04-01T17:57:00,EU_ECtrDigitalScholarship_noShield_vt_280.jpg,f69117c5-646d-5974-bd52-25a0cc194388
Google Drive,Jay Varner,2024-04-01T17:57:00,EU_ECtrDigitalScholarship_noShield_vt_280bk.png,cc640bbd-5217-5037-bf5e-a6d94685948e
Google Drive,Jay Varner,2024-04-01T17:57:00,EU_ECtrDigitalScholarship_noShield_vt_280.png,dd5f480d-eb8b-5780-b5a0-339a730d97b4
Google Drive,Jay Varner,2024-04-01T17:57:00,EU_ECtrDigitalScholarship_noShield_vt_bk.png,edb78dab-d41e-51c8-9255-569e76af66a1
Google Drive,Jay Varner,2024-04-01T17:57:00,EU_ECtrDigitalScholarship_noShield_vt_bk.jpg,4c3144a7-a241-50f6-9b2e-98c76a9409ef
Google Drive,Jay Varner,2024-04-01T17:57:00,.DS_Store,825ff89d-f206-57f8-b970-b5748c354ed7
Google Drive,Jay Varner,2024-04-01T17:57:00,EU_ECtrDigitalScholarship_noShield_vt_rv.png,b899c25e-7a35-5056-a15d-df49e5c18187
Google Drive,Jay Varner,2024-04-01T17:57:00,EU_ECtrDigitalScholarship_noShield_vt_280bk.jpg,a3b8ac86-bb60-59cc-ad9c-646b54df7706
Google Drive,Jay Varner,2024-04-01T17:57:00,EU_ECtrDigitalScholarship_noShield_vt_280bk.eps,5089f592-9551-50ee-b09d-91ffe1628624
Google Drive,Jay Varner,2024-04-01T17:57:00,EU_ECtrDigitalScholarship_noShield_vt_rv.eps,2d2b1f87-bfed-505c-a43a-26e760491312
Google Drive,Jay Varner,2024-04-01T17:57:00,EU_ECtrDigitalScholarship_noShield_vt_bk.eps,4fc1b5c9-29ca-5694-b8e6-50b49b6c2d1a
Google Drive,Jay Varner,2024-04-01T17:57:00,EU_ECtrDigitalScholarship_noShield_vt_280.pdf,5beedc17-b012-5d41-b4e9-f5b370787969
Google Drive,Jay Varner,2024-04-01T17:57:00,EU_ECtrDigitalScholarship_noShield_vt_bk.pdf,9d47da4e-c8b2-5d60-9d79-3c5274bcbe53
Google Drive,Jay Varner,2024-04-01T17:57:00,EU_ECtrDigitalScholarship_noShield_vt_280bk.pdf,5887a4f4-4816-5d3e-810b-8bd553dd46ce
Google Drive,Jay Varner,2024-04-01T17:57:00,EU_ECtrDigitalScholarship_noShield_vt_280.eps,c55dc1ab-a2de-500d-9684-d761d0395d1a
Google Drive,Jay Varner,2024-04-01T17:57:00,EU_ECtrDigitalScholarship_noShield_hz_280.pdf,07837211-2138-56bd-9f9a-46adf9923868
Google Drive,Jay Varner,2024-04-01T17:57:00,EU_ECtrDigitalScholarship_noShield_hz_280.eps,1f0b972c-2620-57f8-9726-15890b75b956
Google Drive,Jay Varner,2024-04-01T17:57:00,EU_ECtrDigitalScholarship_noShield_hz_280bk.pdf,fc5f3276-f607-5f02-95e9-155192829f48
Google Drive,Jay Varner,2024-04-01T17:57:00,EU_ECtrDigitalScholarship_noShield_hz_bk.pdf,3d6746a9-7259-5bb5-9279-d6d75d9bec0d
Google Drive,Jay Varner,2024-04-01T17:57:00,EU_ECtrDigitalScholarship_noShield_hz_280bk.eps,6dd33037-4349-5588-8f8c-b8f5156681ea
Google Drive,Jay Varner,2024-04-01T17:57:00,EU_ECtrDigitalScholarship_noShield_hz_bk.eps,7bee6fa0-6b25-54d4-b627-4b6af3cc3b39
Google Drive,Jay Varner,2024-04-01T17:57:00,EU_ECtrDigitalScholarship_noShield_hz_rv.eps,672ee70b-ac48-5569-866e-50fe7c9ddf23
Google Drive,Jay Varner,2024-04-01T17:57:00,EU_ECtrDigitalScholarship_noShield_hz_bk.png,13febeed-dc27-5056-8d5f-a5a43bf9e564
Google Drive,Jay Varner,2024-04-01T17:57:00,EU_ECtrDigitalScholarship_noShield_hz_280bk.png,c187daf2-b28b-5221-83a7-4016e8f45d5e
Google Drive,Jay Varner,2024-04-01T17:57:00,EU_ECtrDigitalScholarship_noShield_hz_280.jpg,2297c7cb-13ff-533d-b7a5-0d5851068c5a
Google Drive,Jay Varner,2024-04-01T17:57:00,EU_ECtrDigitalScholarship_noShield_hz_bk.jpg,19f58f54-ba1e-5b58-953f-b8b11444438c
Google Drive,Jay Varner,2024-04-01T17:57:00,EU_ECtrDigitalScholarship_noShield_hz_280.png,dc758e88-2743-59ca-b24d-7b94301bc5f5
Google Drive,Jay Varner,2024-04-01T17:57:00,EU_ECtrDigitalScholarship_noShield_hz_rv.png,74324a82-5556-5b8a-b590-9e11045e8737
Google Drive,Jay Varner,2024-04-01T17:57:00,EU_ECtrDigitalScholarship_noShield_hz_280bk.jpg,fad2d0db-1e8e-5dcb-9dd8-ba696bdd77db
Google Drive,Jay Varner,2024-04-01T17:57:00,EU_ECtrDigitalScholarship_hz_280bk.png,94691a44-e5ea-5c92-826b-b26462ec67b8
Google Drive,Jay Varner,2024-04-01T17:57:00,EU_ECtrDigitalScholarship_hz_bk.jpg,31bb1285-3fae-58d2-9ffb-6dda56a68489
Google Drive,Jay Varner,2024-04-01T17:57:00,EU_ECtrDigitalScholarship_hz_280.png,9ca86ee1-93f1-5e38-b201-d1ae67757c5d
Google Drive,Jay Varner,2024-04-01T17:57:00,EU_ECtrDigitalScholarship_hz_280.jpg,4257bb0f-e393-501c-afd4-55e13af56b4e
Google Drive,Jay Varner,2024-04-01T17:57:00,EU_ECtrDigitalScholarship_hz_280bk.jpg,601a7e47-e87a-5fed-9819-afa005b51462
Google Drive,Jay Varner,2024-04-01T17:57:00,EU_ECtrDigitalScholarship_hz_bk.png,85d4817c-e631-512f-90b2-cb84cefd35cd
Google Drive,Jay Varner,2024-04-01T17:57:00,EU_ECtrDigitalScholarship_hz_rv.png,a17f1ebe-a587-554d-b883-d2ddac3fe80f
Google Drive,Jay Varner,2024-04-01T17:57:00,EU_ECtrDigitalScholarship_hz_280bk.eps,f998b2de-c2f4-584d-a016-d7ac9030879b
Google Drive,Jay Varner,2024-04-01T17:57:00,EU_ECtrDigitalScholarship_hz_280.eps,3bbe43cd-95ed-5f6d-a122-88dba4c61361
Google Drive,Jay Varner,2024-04-01T17:57:00,EU_ECtrDigitalScholarship_hz_bk.pdf,6c81ada8-e956-5d79-85eb-b82f1131ac0c
Google Drive,Jay Varner,2024-04-01T17:57:00,EU_ECtrDigitalScholarship_hz_rv.eps,f21a1940-0d7f-5951-9a4a-d2aad48a7f12
Google Drive,Jay Varner,2024-04-01T17:57:00,EU_ECtrDigitalScholarship_hz_bk.eps,2d71c30a-5da1-5c8e-9081-46c47f5b7eba
Google Drive,Jay Varner,2024-04-01T17:57:00,EU_ECtrDigitalScholarship_hz_280.pdf,36ce4cb6-e125-51b9-8e7f-a3dcd64aa4cd
Google Drive,Jay Varner,2024-04-01T17:57:00,EU_ECtrDigitalScholarship_hz_280bk.pdf,4d0ab2c7-47ae-531f-9efe-a79e6f7d8e09
Google Drive,Jay Varner,2024-04-01T17:57:00,EU_ECtrDigitalScholarship_sq_280.pdf,84d29bd4-39dc-58a1-a7dc-d2fd427c8e77
Google Drive,Jay Varner,2024-04-01T17:57:00,EU_ECtrDigitalScholarship_sq_280.eps,a24a72dd-587c-5a73-a2dd-ed78045fcd6e
Google Drive,Jay Varner,2024-04-01T17:58:00,EU_ECtrDigitalScholarship_vt_bk.pdf,92edd13d-50a1-5f21-af55-9287f0e6c92d
Google Drive,Jay Varner,2024-04-01T17:58:00,EU_ECtrDigitalScholarship_vt_280bk.pdf,feaa73af-c1bd-5fe7-9e82-fb9cd04a6bd1
Google Drive,Jay Varner,2024-04-01T17:58:00,EU_ECtrDigitalScholarship_vt_280.eps,28db5269-92e1-5534-b500-349bbfd55b0e
Google Drive,Jay Varner,2024-04-01T17:58:00,EU_ECtrDigitalScholarship_vt_rv.eps,52d764bc-492c-5711-9dda-c41f13b988f8
Google Drive,Jay Varner,2024-04-01T17:58:00,EU_ECtrDigitalScholarship_vt_bk.eps,7d92ee22-8c53-5d33-8289-52b18ea66b07
Google Drive,Jay Varner,2024-04-01T17:58:00,EU_ECtrDigitalScholarship_vt_280.pdf,fb047f6d-67cb-5d67-a1b6-c89b0fef03f5
Google Drive,Jay Varner,2024-04-01T17:58:00,EU_ECtrDigitalScholarship_vt_280bk.eps,7084afe9-aee9-5291-acde-a64bf0968f61
Google Drive,Jay Varner,2024-04-01T17:58:00,.DS_Store,14903753-faa5-5f3c-9b27-cc4ebc900a4d
Google Drive,Jay Varner,2024-04-01T17:58:00,EU_ECtrDigitalScholarship_vt_bk.jpg,be7f0985-581e-5561-a1fa-67219c40c8c6
Google Drive,Jay Varner,2024-04-01T17:58:00,EU_ECtrDigitalScholarship_vt_280bk.jpg,01a71f2f-9d76-584c-9f63-4f411d6b96d9
Google Drive,Jay Varner,2024-04-01T17:58:00,EU_ECtrDigitalScholarship_vt_280.png,2f7b04bd-85dc-50f0-8b60-9137bdb6a7b6
Google Drive,Jay Varner,2024-04-01T17:58:00,EU_ECtrDigitalScholarship_vt_280bk.png,c7f0dad0-12ca-5263-b174-887573b5ea2e
Google Drive,Jay Varner,2024-04-01T17:58:00,EU_ECtrDigitalScholarship_vt_bk.png,e4ee878f-c2ce-5e41-88e0-7c27ce3e3b01
Google Drive,Jay Varner,2024-04-01T17:58:00,EU_ECtrDigitalScholarship_vt_280.jpg,9989c782-bcb8-5659-825e-d0086d1d2274
Google Drive,Jay Varner,2024-04-01T17:58:00,EU_ECtrDigitalScholarship_vt_rv.png,a1a0d329-d2e6-5cff-a843-bcd48f723831
Google Drive,Jay Varner,2024-04-01T17:58:00,EU_ECtrDigitalScholarship_sq_rv.eps,2d9bc990-8e07-55e5-97c1-c30c89852027
Google Drive,Jay Varner,2024-04-01T17:58:00,EU_ECtrDigitalScholarship_sq_bk.pdf,c8af642f-cc32-5bee-8543-7ddc3c66fc6c
Google Drive,Jay Varner,2024-04-01T17:58:00,EU_ECtrDigitalScholarship_sq_280bk.pdf,fac97668-c824-592c-be5a-08263b97d829
Google Drive,Jay Varner,2024-04-01T17:58:00,EU_ECtrDigitalScholarship_sq_280bk.eps,fadb9871-2012-562f-8aff-c5d8a230929b
Google Drive,Jay Varner,2024-04-01T17:58:00,EU_ECtrDigitalScholarship_sq_bk.eps,6e515c20-1945-5ae4-b6b3-eaef8c2c808c
Google Drive,Jay Varner,2024-04-01T17:58:00,EU_ECtrDigitalScholarship_sq_280.jpg,29e5946c-a8a2-53c4-8966-38fe58381f74
Google Drive,Jay Varner,2024-04-01T17:58:00,EU_ECtrDigitalScholarship_sq_280bk.png,0e963215-449a-5577-977b-0fc4e9c1b5cd
Google Drive,Jay Varner,2024-04-01T17:58:00,EU_ECtrDigitalScholarship_sq_280.png,26089ab7-6c8f-5cb1-85e6-6d164dd2fe03
Google Drive,Jay Varner,2024-04-01T17:58:00,EU_ECtrDigitalScholarship_sq_280bk.jpg,c15d355f-a560-5d02-b99e-ea5ef9d9f77a
Google Drive,Jay Varner,2024-04-01T17:58:00,EU_ECtrDigitalScholarship_sq_bk.png,f6ff2c77-9672-5d99-aff6-163920723824
Google Drive,Jay Varner,2024-04-01T17:58:00,EU_ECtrDigitalScholarship_sq_bk.jpg,4e9fa498-083d-5166-bd95-d19f4a38189b
Google Drive,Jay Varner,2024-04-01T17:58:00,EU_ECtrDigitalScholarship_sq_rv.png,29d48f81-7478-556d-9bd6-b780dc9d16b3
Github,Jay Varner,2024-04-01T22:20:15,Updates to front page/timeline,8c9353fb-df92-5c70-939e-21aeac7fff6c
Figma,Tanvi Sharma,2024-04-02T09:17:00,Figma updates from Tanvi Sharma,7c700973-96b9-5df4-aed0-caeedb5367ca
Figma,Tanvi Sharma,2024-04-02T10:57:00,Figma updates from Tanvi Sharma,defb7634-ea18-5754-a19e-e4caf576c0cb
Figma,Tanvi Sharma,2024-04-02T11:35:00,Figma updates from Tanvi Sharma,a457d3dc-4026-5479-977b-f73037a28b25
Figma,Tanvi Sharma,2024-04-02T12:07:00,Figma updates from Tanvi Sharma,80363896-c9b1-5247-a14d-391b621623a7
Figma,Tanvi Sharma,2024-04-02T12:13:00,Figma updates from Tanvi Sharma,a88ebc4b-d2d6-54c0-a930-6b4545abdcc6
Figma,Tanvi Sharma,2024-04-02T14:39:00,Figma updates from Tanvi Sharma,e0d076fc-bc59-5cd8-be84-36fbee28fa24
Google Drive,Tanvi Sharma,2024-04-02T17:29:47,About,4ad18b78-ac0c-52f8-871e-c063242da4a0
Google Drive,Tanvi Sharma,2024-04-02T17:31:51,About,bc660224-491c-51b7-b21d-290e84bb373b
Google Drive,Lauren Klein,2024-04-02T17:37:19,Copy of Copy of Starting with a Shuffle - Spring 2024,d624c20b-340b-53d2-8ef2-4d260f7d0fa8
Github,Jay Varner,2024-04-02T17:58:57,Fix margin on mobile centered layout.,ae6b5ddc-4963-53c3-8dac-cdf813efa590
Github,Jay Varner,2024-04-02T18:17:54,Mobile home page fixes,52514f19-2126-53a6-95a5-a601159d9b50
Github,Jay Varner,2024-04-02T21:50:59,Some fixes for home page,72fd9af3-f965-5772-bfcd-6e0845f4794a
Figma,Tanvi Sharma,2024-04-03T10:11:00,Figma updates from Tanvi Sharma,bdc3bd72-b26e-58a1-92d2-6be4946ad56e
Figma,Tanvi Sharma,2024-04-03T10:54:00,Figma updates from Tanvi Sharma,84eb1773-f46f-5b8e-a160-de4f2db2f873
Figma,Tanvi Sharma,2024-04-03T13:39:00,Figma updates from Tanvi Sharma,3fe87213-9679-58da-a686-0d725dd75f47
Google Drive,Jay Varner,2024-04-03T14:35:45,.DS_Store,cad2485f-a33b-52cd-8297-77b10f895768
Google Drive,Jay Varner,2024-04-03T14:35:51,.DS_Store,0e7e0d87-6174-5e61-8711-018fa1e61238
Google Drive,Jay Varner,2024-04-03T14:35:57,.DS_Store,951f0707-0b22-50bc-b907-f9781e1283a1
Google Drive,Jay Varner,2024-04-03T14:36:04,.DS_Store,26923436-82df-507b-a59d-b64a7a7eb03f
Github,Jay Varner,2024-04-03T14:47:17,Font and stroke fixes for People vis,c46fefaf-2e59-5b02-ac70-b397b32a22b7
Github,Jay Varner,2024-04-03T19:01:31,Remove chapter colors from chapter nav.,68c82176-997e-5a93-87ff-37f631be95e2
Github,Jay Varner,2024-04-03T19:03:42,More home page work.,69ec7137-db3c-5bc4-b7c5-923ce45e20be
Github,Jay Varner,2024-04-03T19:08:59,Set pointer events for images.,2091a193-962b-587b-9d85-4b0c004f46ff
Github,Jay Varner,2024-04-03T21:02:30,Updates to people labor vis,6db6e574-3c7d-5014-b650-1050d3aaf823
Figma,Tanvi Sharma,2024-04-04T12:23:00,Figma updates from Tanvi Sharma,02b95442-c377-5acc-8395-c3b9663a0bbb
Github,Jay Varner,2024-04-04T14:10:51,Update footnote button color.,ef7a1a5c-0700-596f-8887-72a2b7a02e5e
Google Drive,Tanvi Sharma,2024-04-04T17:17:23,MIT x Emory,1b5a69da-3d3d-5052-99fd-26682d35da52
Google Drive,Lauren Klein,2024-04-04T18:41:01,DxD - Project Demo - Spring 2024,965a8dc5-1bbb-5897-97c0-a91d21e1f3e6
Google Drive,Tanvi Sharma,2024-04-04T19:01:19,Book,dc6a2abf-7250-5113-853e-acaf6899ec88
Google Drive,Tanvi Sharma,2024-04-04T19:30:20,"Apr 4, 2024 | Data by Design book: All teams kick off",9bbd16c7-12d4-56eb-8e8d-f79cd869f35f
Github,Jay Varner,2024-04-04T19:32:47,Updates to modal,ca171249-7a63-51df-9928-39447482530e
Figma,Tanvi Sharma,2024-04-05T11:47:00,Figma updates from Tanvi Sharma,a64e7bc2-6cb8-5e68-afa6-b7de1c127af7
Figma,Tanvi Sharma,2024-04-05T12:21:00,Figma updates from Tanvi Sharma,e5a1432b-7e60-5177-af14-44715125991f
Figma,Tanvi Sharma,2024-04-05T12:53:00,Figma updates from Tanvi Sharma,771ede58-712c-564d-b0ff-d97e7709158a
Github,Jay Varner,2024-04-05T13:43:14,Correct scrollytell in chapter nav,5006e05b-3ec9-5d31-b3e2-53d280d169ce
Github,Jay Varner,2024-04-05T15:39:55,Slow animations,7b753805-9607-5801-ae06-0174dc021b46
Google Drive,Lauren Klein,2024-04-05T15:48:29,DxD - Overall Project Outline,9948701d-634b-598e-94f7-a4dcd1953851
Github,Jay Varner,2024-04-05T15:54:08,Align items at top of home page,1cc7a515-8e5e-5f26-9850-956b2aafb7d6
Github,Jay Varner,2024-04-05T15:57:23,Readd lock file,3d8a9577-7ec0-5b5a-8646-299e2e8a16c0
Github,Jay Varner,2024-04-05T15:59:33,Add new icons,c69f67be-ee66-518f-86e5-ee9950e02c9c
Google Drive,Tanvi Sharma,2024-04-05T16:01:26,Logos,94368773-337b-5c6f-97bb-597f21016c6f
Google Drive,Jay Varner,2024-04-05T16:02:37,.DS_Store,b4a76f97-8e29-51e4-b3a6-12662ddf5062
Google Drive,Jay Varner,2024-04-05T16:02:48,ECDS Logos-Official,b6ca4251-19d2-55d7-a9b4-20050a2d6dc2
Google Drive,Jay Varner,2024-04-05T16:02:49,no shield,8cf82cb5-e8c8-5dff-a5bd-cef89c9ec909
Google Drive,Jay Varner,2024-04-05T16:02:49,shield,84b4c77e-2d46-5d67-8a86-0682397b291c
Google Drive,Jay Varner,2024-04-05T16:02:50,vertical,e36866f9-29ce-5ef7-a5fc-1acfab7e1c22
Google Drive,Jay Varner,2024-04-05T16:02:50,horizontal,a24fdd2e-a468-597f-be10-6fcaef80bd30
Google Drive,Jay Varner,2024-04-05T16:02:50,square,b306d34b-9cd6-56f6-80f8-5ee38afd8f99
Google Drive,Jay Varner,2024-04-05T16:02:51,eps_pdf,58533c6f-eee4-59c1-8a0b-f27e058f0a7d
Google Drive,Jay Varner,2024-04-05T16:02:51,jpg_png,176f6066-6a56-5eae-ac68-e4bf3fe65471
Google Drive,Jay Varner,2024-04-05T16:02:52,jpg_png,b0b79ebb-1ca5-5f02-9a9b-a02cd2371766
Google Drive,Jay Varner,2024-04-05T16:02:52,eps_pdf,ae11ff66-ea5a-5a24-bca0-9553738a5a00
Github,Jay Varner,2024-04-05T16:19:46,Picture alignment,e0296bf7-8b75-5f53-815d-e9bdf950c661
Github,Lauren Klein,2024-04-05T16:51:09,Adding final Shanawdithit image file,4a6e6607-8400-5e7c-add4-868c0e4f92b0
Google Drive,Lauren Klein,2024-04-05T16:56:14,Metadata,b13e4aef-27dc-5388-9f16-36dde4d34bcf
Figma,Tanvi Sharma,2024-04-05T19:25:00,Figma updates from Tanvi Sharma,82c3bee2-81e6-5c27-a093-cda729e221cd
Google Drive,Lauren Klein,2024-04-06T01:38:33,Art Log,4a0ce7d4-abb9-5999-b568-6dda75481465
Figma,Tanvi Sharma,2024-04-06T20:04:00,Figma updates from Tanvi Sharma,5adf0360-8beb-588b-bb29-cd997a91fb2f
Figma,Tanvi Sharma,2024-04-06T20:32:00,Figma updates from Tanvi Sharma,7bfd364d-f17a-5fe1-b731-937ec52bd1f9
Figma,Tanvi Sharma,2024-04-06T20:54:00,Figma updates from Tanvi Sharma,052535ea-e848-540e-b560-7bdb9419ad05
Figma,Tanvi Sharma,2024-04-06T21:31:00,Figma updates from Tanvi Sharma,64009c9c-30e8-56d5-acb4-d03f79e9ee18
Google Drive,Lauren Klein,2024-04-07T00:18:01,3-shanawdithit-mar23,fbe09272-eb97-5dce-9787-8ec8c3ed5246
Github,Nicholas Yang,2024-04-07T00:43:19,Homepage tweaks (#41),c382067a-17ff-54c3-b8c4-c1dc8a576ef3
Figma,Tanvi Sharma,2024-04-07T12:42:00,Figma updates from Tanvi Sharma,283f95d3-9cea-51ee-aef7-7f214694fe7b
Figma,Tanvi Sharma,2024-04-07T13:20:00,Figma updates from Tanvi Sharma,9b02e03a-5d6f-5816-9bda-fc3788ed551b
Figma,Tanvi Sharma,2024-04-07T14:32:00,Figma updates from Tanvi Sharma,ca436573-9023-5990-a4ce-da0a39518a0c
Figma,Tanvi Sharma,2024-04-07T15:34:00,Figma updates from Tanvi Sharma,0c4f0446-d353-547d-a44f-9da2e6c4b72b
Figma,Tanvi Sharma,2024-04-07T15:57:00,Figma updates from Tanvi Sharma,25e673f8-2e68-513b-af1a-d574af9498af
Figma,Tanvi Sharma,2024-04-07T18:26:00,Figma updates from Tanvi Sharma,e4ee4aff-72d1-58fc-b117-151f466b9c1b
Github,Lauren Klein,2024-04-07T19:34:26,Adding Speck photos,20adc812-1c26-59e8-9bf0-88803a7ced96
Github,Jay Varner,2024-04-08T14:22:21,Only render Navbar on client to fix hydration error.,7ed1b196-846d-5044-8a44-8b77b7ef0e9e
Google Drive,Lauren Klein,2024-04-08T15:47:40,Footer text/info,afcb5230-beb7-5865-b2ee-610710e5b596
Figma,Nicholas Yang,2024-04-09T21:52:00,Figma updates from Nicholas Yang,f9f3f038-d398-5a19-8336-4698646f5518
Google Drive,Lauren Klein,2024-04-10T16:20:22,Fall/Spring 2023/24 Meeting Notes,5f567c2f-c57e-5ec5-bd6f-772d932c7f45
Google Drive,Lauren Klein,2024-04-11T18:46:46,Peer Review / Public Comment Deadline Push,84aa2b2b-e47c-59f8-aba2-fc48cd0f30d5
Google Drive,Lauren Klein,2024-04-11T21:28:16,Shape of History Data,4d0f88f8-3643-58f0-985a-54c9e4feb284
Google Drive,Lauren Klein,2024-04-11T22:19:41,Peer reviewers for chapters,22201f5b-c936-5de9-b099-41f5381b1b3c
Figma,Tanvi Sharma,2024-04-12T14:25:00,Figma updates from Tanvi Sharma,356ab022-0451-5c30-9d9c-e1c0590ef7a0
Figma,Jay Varner,2024-04-12T18:45:00,Figma updates from Jay Varner,3a3400e0-5441-50d7-865d-067ad9b7f308
iCalendar,Lauren Klein; Tanvi Sharma,2025-08-15T15:30:00,"[External] Updated invitation: Tanvi x Lauren: DxD Maps Chapter  @ Fri Aug 15, 2025 3:30pm - 4pm (EDT) (lauren.klein@emory.edu)",c7ba8fe8-7b68-54ab-9afe-e2d6e88922d1
iCalendar,Lauren Klein; Tanvi Sharma,2025-07-25T12:30:00,"[External] Updated invitation: LK <> TS DxD @ Fri Jul 25, 2025 12:30pm - 2pm (EDT) (lauren.klein@emory.edu)",e7e93404-8a68-5956-b0f4-9f9f46783132
iCalendar,Margy Adams; Cici Cheung; Shiyao Li; Silas Munro; Tanvi Sharma; Jay Varner,2025-09-08T12:00:00,DxD weekly meeting,b797de2b-985a-57a1-9ed0-e54ee557d7de
iCalendar,Margy Adams; Cici Cheung; Shiyao Li; Silas Munro; Tanvi Sharma; Jay Varner,2025-12-15T12:00:00,DxD weekly meeting,892b619d-6c1c-599a-b184-895a2c7b8307
iCalendar,Margy Adams; Cici Cheung; Shiyao Li; Silas Munro; Tanvi Sharma; Jay Varner,2026-01-26T12:00:00,DxD weekly meeting,584ed040-d3c4-5c57-b6ad-ebc0762ac7f0
iCalendar,Margy Adams; Cici Cheung; Shiyao Li; Silas Munro; Tanvi Sharma; Jay Varner,2025-10-27T12:00:00,DxD weekly meeting,60675d4c-be4e-5b6b-bb6a-8df65ea1426a
iCalendar,Margy Adams; Cici Cheung; Shiyao Li; Silas Munro; Tanvi Sharma; Jay Varner,2025-09-29T12:00:00,DxD weekly meeting,67f46619-a6ca-5946-bd0a-fdadb3431fb5
iCalendar,Margy Adams; Cici Cheung; Shiyao Li; Silas Munro; Tanvi Sharma; Jay Varner,2025-12-08T12:00:00,DxD weekly meeting,cb97cf24-c651-5b05-acec-a6881213e680
iCalendar,Margy Adams; Cici Cheung; Shiyao Li; Silas Munro; Tanvi Sharma; Jay Varner,2025-10-06T12:00:00,DxD weekly meeting,ac8e29df-d15e-5145-9322-5bbae72e97b0
iCalendar,Margy Adams; Cici Cheung; Shiyao Li; Silas Munro; Tanvi Sharma; Jay Varner,2025-09-22T12:00:00,DxD weekly meeting,42da61bb-73c2-5319-a30b-6bdc6c18f710
iCalendar,Margy Adams; Cici Cheung; Lauren Klein; Shiyao Li; Silas Munro; Tanvi Sharma; Jay Varner,2026-02-16T12:00:00,DxD weekly meeting,897be653-ddff-5dd2-b059-4e994d0469e7
iCalendar,Margy Adams; Cici Cheung; Shiyao Li; Silas Munro; Tanvi Sharma; Jay Varner,2025-11-17T12:00:00,DxD weekly meeting,9e6a0bb0-079a-5f7d-9f6b-5382222d9506
iCalendar,Margy Adams; Cici Cheung; Shiyao Li; Silas Munro; Tanvi Sharma; Jay Varner,2025-12-22T12:00:00,DxD weekly meeting,75e3846e-9069-5c42-983b-ef5a37100d3a
iCalendar,Margy Adams; Cici Cheung; Shiyao Li; Silas Munro; Tanvi Sharma; Jay Varner,2026-01-05T12:00:00,DxD weekly meeting,1114cd86-1431-5979-9297-40e1dde47416
iCalendar,Margy Adams; Cici Cheung; Shiyao Li; Silas Munro; Tanvi Sharma; Jay Varner,2026-02-02T12:00:00,DxD weekly meeting,3e7dbf34-ce93-55ee-8835-7cc71809c8d3
iCalendar,Margy Adams; Cici Cheung; Shiyao Li; Silas Munro; Tanvi Sharma; Jay Varner,2026-02-09T12:00:00,DxD weekly meeting,54d86c7d-b712-5142-b5dd-d7b73a735874
iCalendar,Margy Adams; Cici Cheung; Shiyao Li; Silas Munro; Tanvi Sharma; Jay Varner,2025-12-01T12:00:00,DxD weekly meeting,60882254-e741-5a17-8df8-f5320b9691ad
iCalendar,Margy Adams; Shiyao Li; Tanvi Sharma; Jay Varner,2025-05-28T12:00:00,DxD weekly meeting (summer schedule),60db1d0a-6542-52b0-9774-43ee4b74e825
iCalendar,Margy Adams; Shiyao Li; Silas Munro; Tanvi Sharma; Jay Varner,2025-05-14T11:00:00,Chelsy / DxD team / viz call,21c09e31-144e-5c66-b43e-8f2d5d0a2eb0
iCalendar,Margy Adams; Shiyao Li; Tanvi Sharma; Jay Varner,2025-05-12T13:00:00,DxD weekly meeting (summer schedule),ff754ba4-6cf3-5df1-a3f5-ae4dce7ea0b9
iCalendar,Margy Adams; Lauren Klein; Shiyao Li; Tanvi Sharma; Jay Varner,2025-08-25T13:00:00,DxD weekly meeting (summer schedule),e788f3f6-1ae2-5466-87df-bff4b2a2f8d7
iCalendar,Margy Adams; Lauren Klein; Shiyao Li; Tanvi Sharma; Jay Varner,2025-08-18T13:00:00,DxD weekly meeting (summer schedule),dc9222c1-bcbf-59fe-bcc9-78d0f5fde883
iCalendar,Margy Adams; Lauren Klein; Shiyao Li; Tanvi Sharma; Jay Varner,2025-08-11T13:00:00,DxD weekly meeting (summer schedule),dfc25bc1-2891-5a26-8cae-9a693fc6e324
iCalendar,Margy Adams; Lauren Klein; Shiyao Li; Tanvi Sharma; Jay Varner,2025-08-04T13:00:00,DxD weekly meeting (summer schedule),1f0e1c73-c4ac-530b-a837-512d918d5f4b
iCalendar,Margy Adams; Lauren Klein; Shiyao Li; Tanvi Sharma; Jay Varner,2025-06-09T13:00:00,DxD weekly meeting (summer schedule),f5a4bc19-57ee-54e6-8ce1-ea9067d817af
iCalendar,Margy Adams; Lauren Klein; Shiyao Li; Tanvi Sharma; Jay Varner,2025-06-02T13:00:00,DxD weekly meeting (summer schedule),c4d71e66-6a23-51e7-9bf4-f9ada20f8258
iCalendar,Margy Adams; Shiyao Li; Yang Li; Silas Munro; Tanvi Sharma; Jay Varner,2024-09-09T13:30:00,DxD weekly meeting,36e82762-f809-549d-a43d-23ad98f9712f
iCalendar,Margy Adams; Lauren Klein; Shiyao Li; Yang Li; Silas Munro; Tanvi Sharma; Jay Varner,2025-02-17T14:00:00,DxD weekly meeting,34d74cb4-0f07-5d2f-be04-44a35e0e06c8
iCalendar,Margy Adams; Lauren Klein; Shiyao Li; Yang Li; Silas Munro; Tanvi Sharma; Jay Varner,2024-09-30T13:30:00,DxD weekly meeting,eeb698ee-c47b-541b-969a-8086ba3d9e8c
iCalendar,Margy Adams; Lauren Klein; Shiyao Li; Yang Li; Silas Munro; Tanvi Sharma; Jay Varner,2024-11-25T13:30:00,DxD weekly meeting,6c952545-98e9-5932-b253-bd4082c83bdd
iCalendar,Margy Adams; Lauren Klein; Shiyao Li; Yang Li; Silas Munro; Tanvi Sharma; Jay Varner,2025-05-05T14:00:00,DxD weekly meeting,d7c966a1-97c5-594e-9c01-bbb85987cee3
iCalendar,Margy Adams; Lauren Klein; Shiyao Li; Yang Li; Silas Munro; Tanvi Sharma; Jay Varner,2025-02-03T13:30:00,DxD weekly meeting,17f34528-65af-513e-870b-b0d5c667111e
iCalendar,Margy Adams; Lauren Klein; Shiyao Li; Yang Li; Silas Munro; Tanvi Sharma; Jay Varner,2024-09-23T13:30:00,DxD weekly meeting,20ce49ab-7802-5314-8079-63e027e3bd05
iCalendar,Margy Adams; Lauren Klein; Shiyao Li; Yang Li; Silas Munro; Tanvi Sharma; Jay Varner,2025-04-14T13:30:00,DxD weekly meeting,cb11f250-32f0-53b7-8b6e-fc3df0e107cd
iCalendar,Margy Adams; Lauren Klein; Shiyao Li; Yang Li; Silas Munro; Tanvi Sharma; Jay Varner,2025-03-03T14:00:00,DxD weekly meeting,9d26a169-0737-5577-9b8c-e122825efa52
iCalendar,Margy Adams; Lauren Klein; Shiyao Li; Yang Li; Silas Munro; Tanvi Sharma; Jay Varner,2024-11-11T13:30:00,DxD weekly meeting,2b25359e-02b6-5e39-ab16-6e0402f3140e
iCalendar,Margy Adams; Lauren Klein; Shiyao Li; Yang Li; Silas Munro; Tanvi Sharma; Jay Varner,2024-09-09T13:30:00,DxD weekly meeting,1c3517cb-cbc1-591e-a7eb-291e71d397f5
iCalendar,Margy Adams; Lauren Klein; Shiyao Li; Yang Li; Silas Munro; Tanvi Sharma; Jay Varner,2024-12-16T13:00:00,DxD weekly meeting,e9d4f01d-d1f0-5ef3-b21b-cb4553fd5169
iCalendar,Margy Adams; Lauren Klein; Shiyao Li; Yang Li; Silas Munro; Tanvi Sharma; Jay Varner,2025-03-24T14:00:00,DxD weekly meeting,d04e081e-f63e-562e-8cbf-36fe828865d8
iCalendar,Lauren Klein; Tanvi Sharma; Jay Varner,2024-07-12T13:00:00,DxD user testing - Kaelyn McAdams,8367e1bd-9170-5c36-b1fe-bd373fdff53d
iCalendar,Lauren Klein; Tanvi Sharma; Jay Varner,2024-07-11T13:00:00,DxD user testing - Odelia Larbi-Amoah,5279dee3-7e81-5231-a76d-1e3b0746c3c7
iCalendar,Lauren Klein; Tanvi Sharma; Jay Varner,2024-07-03T22:30:00,DxD user testing - Gyan Lakhwani,eddf6abe-8049-5bda-8819-51b22c2f8d7c
iCalendar,Lauren Klein; Tanvi Sharma; Jay Varner,2024-07-10T15:00:00,DxD user testing - Branda Larbi-Amoah,e652a0f6-a669-5f51-ba26-49f1c40678a7
iCalendar,Lauren Klein; Tanvi Sharma; Jay Varner,2024-07-08T14:00:00,DxD user testing - Vian Nguyen,644b8d0b-4260-5c61-ba1b-f61dbce1ac8d
iCalendar,Lauren Klein; Tanvi Sharma; Jay Varner,2024-07-05T12:00:00,DxD user testing - Dani Roytburg,7c1f5462-6116-5cff-b083-cb0c2cc9840c
iCalendar,Lauren Klein; Tanvi Sharma; Jay Varner,2024-07-09T15:00:00,DxD user testing - Diana Duarte,4a130ed8-9336-5031-8531-75cf2b765b2b
iCalendar,Lauren Klein; Tanvi Sharma; Jay Varner,2024-06-24T15:00:00,DxD user testing - Tanvi test,55e15384-4f90-51ef-98d6-41eef50dda24
iCalendar,Margy Adams; Shiyao Li; Yang Li; Tanvi Sharma; Jay Varner,2024-06-18T12:00:00,"DxD book workshop, part 2",eca7e7cc-188a-5602-9a78-0b13f9f3465b
iCalendar,Margy Adams; Shiyao Li; Yang Li; Tanvi Sharma; Jay Varner,2024-06-12T13:00:00,"DxD book workshop, part 1",5c3414bb-55bf-5f34-8eeb-258444ee72f4
iCalendar,Shiyao Li; Jay Varner,2024-05-14T13:00:00,Lauren / Emily / Jay / Shiyao,ef2fc5f9-28af-5246-b198-84ff481e41d4
iCalendar,Margy Adams; Shiyao Li; Yang Li; Tanvi Sharma; Jay Varner,2024-06-18T10:00:00,hold for dxd in person?,1158b02a-b0a4-5624-922a-21a46433eb33
iCalendar,Margy Adams; Shiyao Li; Yang Li; Tanvi Sharma; Jay Varner,2024-06-17T10:00:00,hold for dxd in person?,94ab3be2-d729-5809-a3ab-9f2229d6f74c
iCalendar,Margy Adams; Shiyao Li; Yang Li; Silas Munro; Tanvi Sharma; Jay Varner,2024-06-10T13:00:00,DxD weekly meeting,49fe7742-4554-509c-b7a8-d9bfa009723d
iCalendar,Margy Adams; Lauren Klein; Shiyao Li; Yang Li; Silas Munro; Tanvi Sharma; Jay Varner,2024-06-17T13:00:00,DxD weekly meeting,fd26fbce-70be-5bb8-92ef-d074a561a7ab
iCalendar,Margy Adams; Lauren Klein; Shiyao Li; Yang Li; Silas Munro; Tanvi Sharma; Jay Varner,2024-06-10T13:00:00,DxD weekly meeting,97853314-aeda-58dc-a4d5-19b6aa7a5d9c
iCalendar,Margy Adams; Lauren Klein; Shiyao Li; Yang Li; Silas Munro; Tanvi Sharma; Jay Varner,2024-07-29T13:00:00,DxD weekly meeting,b5620dd0-517b-57ac-a2e7-6b9e800e5db8
iCalendar,Margy Adams; Lauren Klein; Shiyao Li; Yang Li; Silas Munro; Tanvi Sharma; Jay Varner,2024-07-08T13:00:00,DxD weekly meeting,02d66b30-8816-53de-99c4-64dfbff5c9fd
iCalendar,Margy Adams; Lauren Klein; Shiyao Li; Yang Li; Silas Munro; Tanvi Sharma; Jay Varner,2024-06-24T13:00:00,DxD weekly meeting,b68147c7-d47a-5cf3-b238-2286b0b1024e
iCalendar,Margy Adams; Lauren Klein; Shiyao Li; Yang Li; Silas Munro; Tanvi Sharma; Jay Varner,2024-08-05T13:00:00,DxD weekly meeting,13444f94-7c8a-5781-920f-57b2a77ed964
iCalendar,Margy Adams; Lauren Klein; Shiyao Li; Yang Li; Silas Munro; Tanvi Sharma; Jay Varner,2024-07-01T13:00:00,DxD weekly meeting,871b7c0b-0c5a-5121-84c3-88b37b802a92
iCalendar,Margy Adams; Shiyao Li; Yang Li; Tanvi Sharma; Jay Varner; Nicholas Yang,2024-06-21T10:00:00,book design mtg w/ silas,f55f5ef8-064d-59bb-a424-211b579ad0bb
iCalendar,Margy Adams; Shiyao Li; Yang Li; Tanvi Sharma; Jay Varner; Nicholas Yang,2024-06-20T10:00:00,book design mtg w/ silas,b3a12de7-8c88-5588-ba87-5fe288c56c36
iCalendar,Margy Adams; Shiyao Li; Yang Li; Tanvi Sharma; Jay Varner,2024-05-03T11:00:00,DxD weekly meeting,305c0402-14c0-5190-90a1-aef0516a9714
iCalendar,Margy Adams; Shiyao Li; Yang Li; Tanvi Sharma; Jay Varner,2024-05-01T14:00:00,DxD weekly meeting,abefe752-4f3b-54d8-a682-32f39139cf15
iCalendar,Margy Adams; Tanvi Sharma; Jay Varner,2024-04-25T11:30:00,DxD checkin,4f56d614-d74d-5e10-b3a2-7f7847ef6a9f
iCalendar,Yang Li; Jay Varner,2024-04-22T11:00:00,Yang / Jay / Lauren talk Du Bois,0fd581f2-2171-5871-bc2f-da14d84b0b14
iCalendar,Margy Adams; Shiyao Li; Yang Li; Tanvi Sharma; Jay Varner,2024-04-19T10:00:00,DxD weekly meeting,9780e690-656e-56a4-a22c-667fb6a21002
iCalendar,Margy Adams; Shiyao Li; Yang Li; Tanvi Sharma; Jay Varner,2024-04-17T12:00:00,DxD weekly meeting,10d5ec0f-015e-5f6e-8969-1b961b6b2c56
iCalendar,Margy Adams; Shiyao Li; Yang Li; Tanvi Sharma; Jay Varner,2024-04-12T13:30:00,DxD weekly meeting,28fc33d1-a597-5f94-bf89-83de83b7b3e8
iCalendar,Margy Adams; Shiyao Li; Yang Li; Tanvi Sharma; Jay Varner,2024-04-10T12:00:00,DxD weekly meeting,2da4dc6f-d025-5d7c-8526-2874ffdab9b6
iCalendar,Margy Adams; Lauren Klein; Tanvi Sharma,2024-04-09T17:00:00,"[External] Updated invitation: Margy x Tanvi : Labor layout @ Tue Apr 9, 2024 5pm - 8:30pm (EDT) (lauren.klein@emory.edu)",509e7be9-551c-5ea7-82e1-2a220b2ac002
iCalendar,Tanvi Sharma; Jay Varner,2024-03-05T12:00:00,Lauren / Jay / Tanvi / people vis!,d758b294-99b7-5b78-a2b0-6f38652edfd1
iCalendar,Shiyao Li; Tanvi Sharma,2024-02-14T12:00:00,Lauren / Shiyao / Tanvi,11eaf1fb-457c-503c-9065-b9d0fedc31b2
iCalendar,Tanvi Sharma; Jay Varner,2023-10-24T13:00:00,Lauren / Jay / Tanvi,4e61ee87-81b0-5c67-9dab-02323ebf4419
iCalendar,Margy Adams; Shiyao Li; Yang Li; Tanvi Sharma; Jay Varner,2023-10-02T10:00:00,Tanvi in town / in person work sesh,6515468e-a01a-54b4-8f38-febbea235e6d
iCalendar,Margy Adams; Lauren Klein; Shiyao Li; Yang Li; Tanvi Sharma; Jay Varner,2023-10-05T10:00:00,Tanvi in town / in person work sesh,4f859fe0-a3f5-5e4e-8196-e64e24f2016b
iCalendar,Margy Adams; Lauren Klein; Shiyao Li; Yang Li; Tanvi Sharma; Jay Varner,2023-10-02T11:00:00,Tanvi in town / in person work sesh,6e27ee3a-cf82-5f85-a090-5744782dd82a
iCalendar,Margy Adams; Lauren Klein; Shiyao Li; Yang Li; Tanvi Sharma; Jay Varner,2023-10-04T10:00:00,Tanvi in town / in person work sesh,3cbcdaae-04a1-5756-b032-5967d2fb866b
iCalendar,Margy Adams; Lauren Klein; Shiyao Li; Yang Li; Tanvi Sharma; Jay Varner,2023-10-03T10:00:00,Tanvi in town / in person work sesh,abdfc187-c1bc-5bc5-a7b9-3dd9c5cceec4
iCalendar,Margy Adams; Lauren Klein; Shiyao Li; Yang Li; Tanvi Sharma; Jay Varner,2023-10-06T10:00:00,Tanvi in town / in person work sesh,322af237-72d2-5ef3-9c2f-b9831d1946ba
iCalendar,Margy Adams; Lauren Klein; Shiyao Li; Yang Li; Tanvi Sharma; Jay Varner,2023-12-11T13:00:00,DxD weekly meeting,2f192f1e-65ad-503b-92a0-724f7994dca2
iCalendar,Margy Adams; Lauren Klein; Shiyao Li; Yang Li; Tanvi Sharma; Jay Varner,2023-11-13T13:00:00,DxD weekly meeting,c4b319b1-cef6-52f4-a327-9cacabd4d28b
iCalendar,Margy Adams; Lauren Klein; Shiyao Li; Yang Li; Tanvi Sharma; Jay Varner,2024-03-25T12:00:00,DxD weekly meeting,e8d4d5ce-c1dc-5c51-82d6-77337ea5874c
iCalendar,Margy Adams; Lauren Klein; Shiyao Li; Yang Li; Tanvi Sharma; Jay Varner,2024-01-16T13:00:00,DxD weekly meeting,71868c87-eb27-5328-bcee-c38346721aa3
iCalendar,Margy Adams; Lauren Klein; Shiyao Li; Yang Li; Tanvi Sharma; Jay Varner,2023-12-18T13:00:00,DxD weekly meeting,74835e64-a972-59c5-b320-2769c752fca0
iCalendar,Margy Adams; Lauren Klein; Shiyao Li; Yang Li; Tanvi Sharma; Jay Varner,2024-04-15T13:00:00,DxD weekly meeting,da3a6aa6-431a-554a-be6b-65ec01e1282d
iCalendar,Margy Adams; Lauren Klein; Shiyao Li; Yang Li; Tanvi Sharma; Jay Varner,2024-01-22T13:00:00,DxD weekly meeting,6ce5cf68-2a55-54cf-bf47-d25ca3be870c
iCalendar,Margy Adams; Lauren Klein; Shiyao Li; Yang Li; Tanvi Sharma; Jay Varner,2024-02-12T13:00:00,DxD weekly meeting,05177f30-d6b6-53a0-8303-765ea0aaf5b7
iCalendar,Margy Adams; Lauren Klein; Shiyao Li; Yang Li; Tanvi Sharma; Jay Varner,2024-05-06T13:00:00,DxD weekly meeting,c635547e-d1af-5dcc-bfba-ab9dcb66942a
iCalendar,Margy Adams; Lauren Klein; Shiyao Li; Yang Li; Tanvi Sharma; Jay Varner,2024-01-29T13:00:00,DxD weekly meeting,3cd2820e-e47e-5623-8410-b80ce7822f49
iCalendar,Margy Adams; Lauren Klein; Shiyao Li; Yang Li; Tanvi Sharma; Jay Varner,2023-10-23T13:00:00,DxD weekly meeting,8f163099-f8fd-5d04-b780-2ef00d5ea7ec
iCalendar,Margy Adams; Lauren Klein; Shiyao Li; Yang Li; Tanvi Sharma; Jay Varner,2024-02-20T13:00:00,DxD weekly meeting,a74c0e44-4b38-532d-8393-33be68e1756d
iCalendar,Margy Adams; Lauren Klein; Shiyao Li; Yang Li; Tanvi Sharma; Jay Varner,2024-02-05T13:00:00,DxD weekly meeting,44e72bd1-22a2-5f6f-8fc2-c4672e3dd862
iCalendar,Margy Adams; Lauren Klein; Shiyao Li; Yang Li; Tanvi Sharma; Jay Varner,2023-11-20T13:00:00,DxD weekly meeting,f99c604e-ea81-5736-aeee-e885d733e1b4
iCalendar,Margy Adams; Lauren Klein; Shiyao Li; Yang Li; Tanvi Sharma; Jay Varner,2023-10-30T13:00:00,DxD weekly meeting,52a77238-1bd9-57b6-a88c-1838cd68c29f
iCalendar,Margy Adams; Lauren Klein; Shiyao Li; Yang Li; Tanvi Sharma; Jay Varner,2024-03-18T13:00:00,DxD weekly meeting,da05abb1-5bcc-51f7-bc53-c9ee9107dee3
iCalendar,Margy Adams; Lauren Klein; Shiyao Li; Yang Li; Tanvi Sharma; Jay Varner,2024-01-08T13:00:00,DxD weekly meeting,1dce8f86-5380-55ec-beba-7f627e9cd38a
iCalendar,Lauren Klein; Tanvi Sharma,2025-10-23T14:30:00,"[External] Invitation: Lauren / Tanvi / Silas Hold for Book Meeting  @ Thu Oct 23, 2025 2:30pm - 3:30pm (EDT) (lauren.klein@emory.edu)",edc7522f-ba9c-56fd-b56a-ec3ad4346338
iCalendar,Lauren Klein; Tanvi Sharma,2025-10-24T16:00:00,"[External] Invitation: Tanvi / Silas / Lauren Hold for Dxd Book meeting @ Fri Oct 24, 2025 4pm - 5pm (EDT) (lauren.klein@emory.edu)",5f647d6e-0388-5d74-858d-b1c7cf0879a9
iCalendar,Lauren Klein; Silas Munro; Tanvi Sharma,2025-10-23T15:00:00,"[External] Updated invitation: Lauren x Tanvi x Silas chat @ Thu Oct 23, 2025 3pm - 4pm (EDT) (lauren.klein@emory.edu)",1f1787a4-45a8-54d8-ab79-96527fcaf1c7
iCalendar,Lauren Klein; Tanvi Sharma,2025-10-31T13:00:00,"[External] Updated invitation: DxD Dubois: LK + TS @ Fri Oct 31, 2025 1pm - 2:30pm (EDT) (lauren.klein@emory.edu)",9b7b8c47-c103-5b4c-b567-bb880c660e39
iCalendar,Margy Adams; Tanvi Sharma; Jay Varner,2026-03-30T00:00:00,hold for tanvi in atlanta,439f7987-7ef8-58e8-acf1-c5ad88c048e7
iCalendar,Lauren Klein; Tanvi Sharma,2026-01-07T13:00:00,"[External] Updated invitation: Zoom | Lauren, Tanvi, Shirley @ Wed Jan 7, 2026 1pm - 2pm (EST) (lauren.klein@emory.edu)",0c80da71-75f4-5663-8602-8037ff14aa29
Zotero,Lauren Klein,2013-12-13T16:09:37,"The Polish-American system of chronology,: reproduced, with some modifications, from General Bem's Franco-Polish method",02bdcbb9-5ad1-58a4-8d3c-189c682c158c
Zotero,Lauren Klein,2013-12-09T17:19:28,"Statistical tables;: exhibiting a view of all the states of Europe: showing, with the greatest accuracy, their population, military and marine strength, revenue and expenditures, form of government; with their seas, rivers, and mountains, climate, soil, and productions; division of each country, chief towns, situation, number of houses and inhabitants; historical occurrences, &c",401235d4-c55e-56b0-b20d-249ccd225aa7
Zotero,Lauren Klein,2013-12-09T17:20:12,"Geographical and statistical chart of the world,: published by J.F. Whitney & Co., to accompany their map of the Hudson River, &c. &c",55c60b74-3d56-56cf-938e-4f2407b8a5d0
Zotero,Lauren Klein,2013-12-09T17:21:45,British family antiquity,ecef670a-0f82-5089-ba4d-a8df749fc521
Zotero,Lauren Klein,2013-12-09T17:22:12,"European commerce, shewing new and secure channels of trade with the continent of Europe:: detailing the produce, manufactures, and commerce, of Russia, Prussia, Sweden, Denmark, and Germany; as well as the trade of the rivers Elbe, Weser, and Ems; with a general view of the trade, navigation, produce, and manufactures, of the United Kingdom of Great Britain & Ireland",4da734a2-7b14-5fb9-b22c-6b55dbe3aa2d
Zotero,Lauren Klein,2013-12-09T17:22:29,"The history of Jacobinism, its crimes, cruelties and perfidies:: comprising an inquiry into the manner of disseminating, under the appearance of philosophy and virtue, principles which are equally subversive of order, virtue, religion, liberty and happiness",73a9c4ac-4b5a-57a4-a967-7a169cc55034
Zotero,Lauren Klein,2013-12-09T20:22:38,Inevitable consequences of a reform in Parliament,d25a3ae6-f549-5973-8e9d-c10164a5ee17
Zotero,Lauren Klein,2013-12-09T20:23:20,An inquiry into the nature and causes of the wealth of nations,b6417be3-b3d3-53f2-b2a1-e2e14a79f6c9
Zotero,Lauren Klein,2013-12-09T21:00:41,"Treasury Department, February 15, 1791.: Sir, I do myself the honor to transmit through you to the House of Representatives, a general return of the exports of the United States, abstracted from Custom-House returns",af41038a-5966-5c4b-97a5-080d5809eaa9
Zotero,Lauren Klein,2013-12-10T15:46:16,A Concise view of North and South America,e489912d-e675-58e6-b0fa-aafcb42265a1
Zotero,Lauren Klein,2013-12-10T15:50:47,"The Dollar newspaper almanac, comprising valuable time tables, statistics, etc.: Annual supplement for the use of subscribers to the Dollar newspaper. Philadelphia, 1853. This will be found convenient if posted up for reference during the year",4cb4c925-32b8-584a-90ad-1ca2831d1a04
Zotero,Lauren Klein,2013-12-10T15:54:26,A gazetteer of the United States of America,b5ea1709-3701-54e4-9a08-6c8f5d0c6fca
Zotero,Lauren Klein,2013-12-10T15:58:20,General post-office almanac. Annual supplement to the Dollar newspaper.: Almanac for the year 1845,f5f7d19a-0970-5d03-a13e-51b128314857
Zotero,Lauren Klein,2013-12-10T15:59:28,"The gentleman's pocket companion: or, A series of valuable tables and useful forms of writing",feba0066-e996-582e-b837-bc2399b69b88
Zotero,Lauren Klein,2013-12-10T16:02:49,"The Ledger almanac, comprising valuable time tables, statistics, &c.: Annual supplement, as a gratuitious accompaniment the Public ledger, Philadelphia, 1857. This will be found, if posted up, convenient for reference during the year",444180ba-b796-5b7e-a187-70cec034e169
Zotero,Lauren Klein,2013-12-10T16:32:25,A New display of the United States,6012f8b4-ad52-5de6-a46f-fb528e8326bb
Zotero,Lauren Klein,2013-12-10T16:33:48,"Pictorial history of the United States: containing the seals of the states and territories, discoveries, continental troops and militia of 1776, chronology, distinguished men, state debts and the last census",78ae6c70-cc41-5a52-a27a-3d6713a28494
Zotero,Lauren Klein,2013-12-10T16:38:58,A Statistical and chronological view of the United States and territories: and traveler's guide through the United States,65fc0098-f739-5313-8a4f-385a235c8afb
Zotero,Lauren Klein,2013-12-10T16:41:17,Statistical chart.: 1844,f5634bbc-9ab8-5724-a6cc-f3ac50fd748b
Zotero,Lauren Klein,2013-12-10T16:42:02,Statistical chart.: 1845,382c0e42-e410-52fb-b52f-f53ae3383584
Zotero,Lauren Klein,2013-12-10T16:44:09,"A Statistical chart of the United States, with the distances and population of the principal towns.: According to the census of 1830",168c672e-f40c-5fc2-86ab-101e32c5dea0
Zotero,Lauren Klein,2013-12-10T16:46:15,"A Statistical table for the United States of America, for a succession of years, compiled chiefly from official documents",aebd791b-661a-5b5b-9e7c-86d0aefaacc9
Zotero,Lauren Klein,2013-12-10T16:48:58,The United States at one view[.],26849c4f-8019-5900-a13a-c39d4ba9e924
Zotero,Lauren Klein,2013-12-10T17:32:53,"Comparison of products, population, and resources of the free and slave states",34ad6829-318a-56b6-a2a3-7fa9048fcf96
Zotero,Lauren Klein,2013-12-10T17:42:03,Economica:: a statistical manual for the United States of America.: [Two lines of quotations],86434f77-fa8a-5440-8206-18c57bc1afd9
Zotero,Lauren Klein,2013-12-10T17:45:41,"A reference chart of New-England,: showing the population of each state, county, and town, according to the official returns of the last census; also the distances between the principal towns; and containing an account of the banks, and many other useful and important tables.----",42cab2f6-888b-506a-b000-31bc33a66f4b
Zotero,Lauren Klein,2013-12-10T17:48:12,"The census of 1860.: To meet the wishes of numerous teachers who are now using Cornell's school geographies, we have obtained all that can, at present, be relied upon as accurate of the ""eighth census of the United States."" The information is presented in this form ... until the publication of the official census complete, at which time a thorough revision of the books, in this respect, will be made",a6980409-9ab0-5238-8fea-648569127ad2
Zotero,Lauren Klein,2013-12-10T17:51:41,"Comparative views of New England, New York, and the United States.: Commercial, statistical, moral and political",c4d0eaad-2883-5213-aab5-ccafd67e815b
Zotero,Lauren Klein,2013-12-10T21:02:47,Tree of liberty[.],1d089eae-9623-5486-b8a8-1997472114d8
Zotero,Lauren Klein,2013-12-10T21:16:43,"A concise view of the United States,: their situation, extent, boundaries, population, divisions, &c.--",088da85b-be81-590b-9d91-9477e5d2e5d9
Zotero,Lauren Klein,2013-12-10T21:24:42,"Ribbon map of the Father of Waters. Steamboat fares vary from two to four cents per mile, state rooms and meals included",a6cbbeec-4e05-581b-b404-967c0c7db146
Zotero,Lauren Klein,2013-12-10T21:39:37,"A book of the United States:: exhibiting its geography, divisions, constitution, and government, institutions, agriculture, commerce, manufactures, religion, education, population, natural curiosities, railroads, canals, public buildings, manners and customs, fine arts, antiquities, literature, mineralogy, botany, geology, natural history, productions, &c. &c. &c.: And presenting a view of the republic generally, and of the individual states; together with a condensed history of the land, from its first discovery to the present time. The biography of about two hundred of the leading men; a description of the principal cities and towns;: with statistical tables, relating to the religion, commerce, manufactures, and various other topics",e4fd068e-b9e0-59ab-a212-1a0fbcc98f97
Zotero,Lauren Klein,2013-12-10T21:49:58,"United States statistical & chronological almanac, for 1843",999f1360-22ba-5cfe-9de4-3d6224f9f264
Zotero,Lauren Klein,2013-12-11T14:45:28,Facts and calculations respecting the population and territory of the United States of America,ba5deb6f-4ffc-59f0-a72c-87f9cfb494c3
Zotero,Lauren Klein,2013-12-11T14:52:02,"Geography of the United States--upon a new plan.: By which the most important questions, relative to any state or territory in the union, can be easily answered at a glance of the eye",1abfdbd3-2526-5c8b-a282-ee6f85ee59db
Zotero,Lauren Klein,2013-12-11T15:14:29,A geographical view of all the post towns in the United states of America and their distances from each other according to the establishment of the Postmaster General,c5a47288-8b3e-5a65-8d8a-892217d806e5
Zotero,Lauren Klein,2013-12-11T15:17:45,"Statistical and geographical atlas of North America,: showing the latitude and longitude of the capital cities, their distances from each other in every direction, from Quebec to Panama. The whole so concise, that the road distance from any one city or town, to any other city or town in any direction, may be found in five seconds, by inspecting the table; also the number of inhabitants in each city, county, district, intendency, and state; and also, the square miles contained in each state and province, and their boundaries.: Abstracted from my great manuscript map of North America, containing 224 square feet; likewise the population and square miles of all the West India islands on the 1st of January, 1825",054b036e-9b94-5956-bf8c-3f758080bf29
Zotero,Lauren Klein,2013-12-11T15:36:51,"Statistical annals: embracing views of the population, commerce, navigation, fisheries, public lands, post-office establishment, revenues, mint, military and naval establishments, expenditures, public debt and sinking fund of the United States of America",a2ab98b1-9678-55bb-ad33-2fffbc74aea6
Zotero,Lauren Klein,2013-12-11T15:41:55,"Epitome of universal geography,: giving a definite description of the United States; and also, many of the most important particulars relative to any other part of the globe; to which is annexed, the form of government of the United States and also of the separate states",d189c927-12eb-569d-9c4e-efdc49288522
Zotero,Lauren Klein,2013-12-11T15:46:51,"Declaration of Independence.: In Congress, July 4, 1776: The unanimous declaration of the thirteen United States of America",c095134b-642d-5b2c-8999-dc5a1f346549
Zotero,Lauren Klein,2013-12-11T15:49:28,A comprehensive chart of American history,4bd33f61-4ec4-50b6-8a18-147dbcda7034
Zotero,Lauren Klein,2013-12-11T16:17:04,"U.S. Pacific Rail Road Exploration & Survey. War Department. Botanical Profile, representing the FOREST TREES Along the route explored by Lieut. A.W. Whipple, Corps of Top'l Eng'rs. near the Parallel of 35° North Latitude. 1853-1854.",42d87ad0-eede-5df0-9cfb-18605cf099ea
Zotero,Lauren Klein,2013-12-11T16:31:45,"A statistical view of the United States,: containing a geographical description of the United States, and of each state and territory; with topographical tables of the counties, towns, population, &c",ac19fe60-c9b2-5ea0-948a-908f6ff3d62f
Zotero,Lauren Klein,2013-12-11T21:08:30,"The Columbian traveller and statistical register.: Principally relating to the United States. November, 1833",d624aea2-caba-5262-b73d-662ba614a97e
Zotero,Lauren Klein,2013-12-12T15:17:04,Schem's statistics of the world. ... Edited by Prof. Alexander J. Schem,2403073b-be72-5e25-83de-292acbd5db75
Zotero,Lauren Klein,2013-12-12T15:34:36,"A system of physical geography;: containing a description of the natural features of the land and water, the phenomena of the atmosphere, and the distribution of vegetable and animal life.: To which is added, a treatise on the physical geography of the United States",e5c23d50-61a1-5215-8a9e-53bce70166c7
Zotero,Lauren Klein,2013-12-12T15:56:15,"The commercial chart, and universal traveller.: ... Containing, 1. A statistical table of the United States, with a brief description of New-York, Boston, Philadelphia, Baltimore, Washington, Charleston, and New-Orleans ... 2. Columns, which, under their respective heads notice the offices, counting-houses, stores, hotels, steam-boats, stages, packets, &c. ... Arranged in pages for the double purpose of being put up as a common map, or folded as a pocket companion for travellers. The first publication of the kind which has appeared in the United States. To be published every year or oftener",dce68cbb-554f-59b9-8912-7bb103d2b974
Zotero,Lauren Klein,2013-12-12T16:43:12,"A geographical chart: or, A scheme, comprehending the most important particulars relative to the geography of North and South-America.: Designed to be an auxiliary to the student",85f1b5df-9bc0-5be8-abb2-eef25953eba5
Zotero,Lauren Klein,2013-12-12T17:27:16,Chronological history of the United States.: Arranged with plates on Bem's principle,fa3e0362-3707-54b2-8fb6-e68ed9e7e16c
Zotero,Lauren Klein,2013-12-13T15:08:50,Blank centuries for monographs of history: noted according to Zaba's method for organizing the memory,82d99dfd-241f-54d2-96c7-e5a212efebc2
Zotero,Lauren Klein,2013-12-13T16:06:57,"Remembrancer.: Geography, on a new and improved plan, topographically demonstrated, with maps, charts, and globes, by delineation, reference, and instruction.: Embracing all the elementary principles, in the philosophy of the science.: [Six lines of quotations]",6d4da5e2-b425-5556-9b44-d15c2665dbf6
Zotero,Lauren Klein,2013-12-13T17:33:59,"The Polish-American system of chronology,: reproduced, with some modifications, from General Bem's Franco-Polish method",2a84203f-15cc-5cbf-912f-8b3e60a4e364
Zotero,Lauren Klein,2013-12-13T19:32:13,"The Polish-American system of chronology,: reproduced, with some modifications, from General Bem's Franco-Polish method",9dbcf45d-8bc6-5790-be21-d145cccf429b
Zotero,Lauren Klein,2013-12-13T19:45:15,"The Polish-American system of chronology,: reproduced, with some modifications, from General Bem's Franco-Polish method",1360f755-0967-5879-8e4a-ded2b317fe1e
Zotero,Lauren Klein,2013-12-13T19:48:52,"A geographical grammar;: comprising charts of rivers, and tables of extent, population, chief cities, heights of mountains, points of latitude, &c.: Designed as a companion for maps.: For the use of schools",fd7e081d-8ce0-57c5-9faf-8814bd514caf
Zotero,Lauren Klein,2013-12-13T19:51:23,"Elements of elocution:: in which the principles of reading and speaking are investigated; and such pauses, emphasis, and inflexions of voice, as are suitable to every variety of sentence, are distinctly pointed out and explained:: with directions for strengthening and modulating the voice, so as to render it varied, forcible, and harmonious.: To which is added a complete system of the passions, showing how they affect the countenance, tone of voice, and gesture of the body.: Exemplified by a copious selection of the most striking passages of Shakespeare.: The whole illustrated by copper-plates, explaining the nature of accent, emphasis, inflection, and cadence",855901ab-232d-5316-831f-cfc235aa49a1
Zotero,Lauren Klein,2013-12-13T19:55:48,"A view of the earth,: containing an account of its internal structure; its caves and its subterranean pas-sages, its rivers, moun-tains, and cataracts.: to which are added, problems of the globes, directions for drawing maps, and tables of latitudes and longitudes.: With plates",34fdfb7c-20e8-56cb-94ec-2d04f808d620
Zotero,Lauren Klein,2013-12-16T16:32:18,"Mitchell's new general atlas,: containing maps of the various countries of the world, plans of cities, etc. Embraced in forty-seven quarto maps, forming a series of seventy-six maps and plans, together with valuable statistical tables",b1fb10a5-a341-5999-bc76-f77c10f58943
Zotero,Lauren Klein,2013-12-16T16:36:17,"Mitchell's new general atlas,: containing maps of the various countries of the world, plans of cities, etc., embraced in sixty-three quarto maps, forming a series of one hundred maps and plans, together with valuable statistical tables",42cfbd08-f7b1-5d91-aa30-089bc084ca0b
Zotero,Lauren Klein,2013-12-16T16:39:00,"Mitchell's school atlas:: comprising the maps, etc., designed to illustrate Mitchell's School and family geography. Maps. ... Geographical and statistical tables",903a12ac-4f5c-5c1e-ab8e-dbab2baed748
Zotero,Lauren Klein,2013-12-16T16:43:10,Mitchell's school atlas:: comprising the maps and tables designed to accompany Mitchell's school and family geography.: Maps. [Sixteen double lines describing 32 maps]: Geographical and statistical tables. [Nine double lines describing nine tables],61c4b2f9-e436-5fcf-8228-d275522bb773
Zotero,Lauren Klein,2013-12-16T16:44:37,"An historical atlas,: containing the following charts: I. Chart of general history. II. Chart of mythology. III. Chart of sacred history. IV. Chart of ancient chronology. V. Chart of modern chronology. VI. Charts of sovereigns of Europe. VII. Historical chart of England. VIII. Historical chart of France. IX. Historical chart of the German Empire. X. Historical chart of Spain. XI. Chart of American history. XII. Chart of biography",c17a4121-e6d5-543d-8da8-4dc378beffea
Zotero,Lauren Klein,2013-12-16T17:13:49,Stories about the heathen and their children,a32316cb-6d1b-5dff-8238-7dce78ccdeb7
Zotero,Lauren Klein,2013-12-16T17:44:12,"A practical grammar of the English language;: accompanied with notes, critical and explanatory",a709b55e-a382-5225-8e1f-a266b56af97e
Zotero,Lauren Klein,2013-12-16T17:48:20,An historical atlas accompanying Worcester's Epitome of history;: containing the following charts: 1. Chart of history. 2. Chart of ancient chronology. 3. Chart of modern chronology. 4. Chart of American history,18aaa2c8-167e-5626-adc4-f9552af9f176
Zotero,Lauren Klein,2013-12-16T18:02:16,"Atlas, designed to illustrate the Malte-Brun school geography.: Containing the following nineteen maps, charts, and tables. 1. New England States, 2. Middle States, Maryland, and Virginia, 3. United States, 4. North America, 5. South America, 6. Atlantic Ocean--its island and coasts, 7. Europe, 8. Africa, 9. Asia, 10. Pacific Ocean--its islands and coasts. 11. Western Hemisphere, 12. Eastern Hemisphere, 13. Northern Hemisphere, 14. Southern Hemisphere, 15. Height of the principal mountains on the globe, 16. Length of the principal rivers on the globe, 17. Chart, exhibiting the comparative extent of oceans, continents, countries, islands, seas, and lakes, 18. Tabular views, of extent, population, canals, roads, Indian tribes, universities, missionary stations, &c. 19. Picture of the world",a87ddc6d-fd92-5d14-bb13-60ace0c86ca4
Zotero,Lauren Klein,2013-12-16T21:14:42,"Woodbridge's school atlas, to accompany The rudiments of geography.: Atlas, on a new plan, exhibiting the prevailing religions, forms of government, degrees of civilization, and the comparative size of towns, rivers and mountains",6c4fe716-d13d-5940-a961-14f3d4ad8fa0
Zotero,Lauren Klein,2013-12-16T21:20:21,"Ready reference table. Population of the principal cities of the United States of America, according to the census of 1860; with other statistics",025f9ce1-32a4-52b0-b1c6-e658cef877c3
Zotero,Lauren Klein,2013-12-16T21:38:16,Willard's map of time:: a companion to The historic guide,77af1721-8004-53de-9379-814ff579f246
Zotero,Lauren Klein,2013-12-17T15:03:57,Charts Drawer 1: Folder: United States State Seals,c7b98dc5-3652-5943-b1ce-6656e5e14188
Zotero,Lauren Klein,2013-12-17T15:15:59,"Lloyd's new political chart, 1861.: With a map of the United States, showing the free states, border slave states, cotton states, and territories, in different colors",e5fa51bb-df2a-5add-a281-8a73e70a3140
Zotero,Lauren Klein,2013-12-17T15:22:54,"Charts Drawer 1: Folder: Alphabets, Elements of Speech, Grammars",a62c2d77-7e41-552a-b57b-7020338faa5c
Zotero,Lauren Klein,2013-12-17T15:41:02,"Charts Drawer 1: Folder 5: Alphabets, Grammars, Book-keeping, Numerical Tables, Price Lists, Sciences, Stenography",682abebf-1dbc-5322-8acf-0531e8fc96d0
Zotero,Lauren Klein,2013-12-17T16:06:43,"Charts Drawer 1: Folder 4: Universal history + geography, chronology + geology",dbaf4a57-a452-55ab-b1f1-f645824bb4c3
Zotero,Lauren Klein,2013-12-17T17:18:53,"Ancient geography,: as connected with chronology, and preparatory to the study of ancient history: accompanied with an atlas",9ca137cc-b35d-56c7-8a14-c11cabd052a9
Zotero,Lauren Klein,2013-12-18T15:38:13,"Charts Drawer 1: Folder: Charts, United States, Historical and Graphical",d4c254f6-5fc5-545a-a714-d1ee50fc20a5
Zotero,Lauren Klein,2013-12-18T20:29:49,Charts Drawer 2: Folder:Bible Chronology and Millerite Charts,44553912-7ae6-5cc8-8d71-fb3e221489e9
Zotero,Lauren Klein,2013-12-18T20:46:22,Charts Drawer 2: Folder: Flags and Signals,765d6679-2236-59e5-bec2-a44da06ac666
Zotero,Lauren Klein,2013-12-18T20:54:33,Charts Drawer 2: Folder: Charts Astronomical,16c41fe0-612d-5616-bc5d-9ce16ef04bef
Zotero,Lauren Klein,2013-12-18T21:10:18,"Charts Drawer 2: Folder: Character, Health, Music, Phrenology, Miscellaneous, Geneology",7c969d5d-ae0d-54ff-80ed-2ae3348bf202
Zotero,Lauren Klein,2013-12-18T21:28:02,Publications of the American Statistical Association,839e59ef-e38f-599f-84d7-a7281bf03787
Zotero,Lauren Klein,2013-12-18T21:40:54,"History of the United States, or, Republic of America:: exhibited in connexion with its chronology & progressve [sic] geography; by means of a series of maps: the first of which, shows the country as inhabited by various tribes of Indians at the time of its discovery, and the remainder, its state at different subsequent epochas; so arranged, as to associate the principal events of the history and their dates with the places in which they occurred: arranged on the plan of teaching history adopted in Troy Female Seminary.: Designed for schools and private libraries",5ebecaa4-e328-535d-8184-7951bfbb90f2
Zotero,Lauren Klein,2013-12-18T21:55:17,"A system of universal history, in perspective.: Accompanied by an atlas, exhibiting chronology in a picture of nations, and progressive geography in a series of maps.: Designed for schools and academies",be4e5def-5d7b-51da-99a4-8802dd088eaa
Zotero,Lauren Klein,2013-12-19T16:02:03,"A New American atlas,: designed principally to illustrate the geography of the United States of North America; in which every county in each state and territory of the Union is accurately delineated, as far as at present known: the whole compiled from the latest and most authentic information",ac495551-1a3f-57aa-927c-1b5ef91236f6
Zotero,Lauren Klein,2013-12-19T16:44:34,Diagram and statistical record of the signers of the Declaration of Independence,719e8d10-fee4-5360-a4c7-8afa8e7429b5
Zotero,Lauren Klein,2013-12-19T18:45:56,Chart Illustrating Gospel Baptism,ec76d164-6297-5895-9584-0fb45a03cec6
Zotero,Lauren Klein,2013-12-19T18:55:50,Charts Drawer 3: Miscellaneous Charts: Folder: Broadside Almanacs,f906cbef-e6c6-55f0-8acd-33dbcdeb085b
Zotero,Lauren Klein,2013-12-19T19:03:42,Charts Drawer 3: Miscellaneous Charts: Folder: Vine of Liberty,cd45b050-d763-5555-bba8-cb24b266015d
Zotero,Lauren Klein,2013-12-19T19:11:38,Charts Drawer 3: Miscellaneous Charts: Folder: Dial of the Seasons,cd7d8847-4cde-5a53-a945-b7082df6fe5a
Zotero,Lauren Klein,2013-12-19T19:19:27,Principles of statistical inquiry;: as illustrated in proposals for uniting an examination into the resources of the United States with the census to be taken in 1840,2a3f2299-b297-5f7c-8b52-e029ca88b7f0
Zotero,Lauren Klein,2013-12-30T15:05:53,"A historical and classical atlas,: illustrating, by a series of maps and charts, ancient history and geography, both sacred and profane; and also, Grecian and Roman mythology",f924d99a-1e8f-50ab-bfb0-c8138b9720c8
Zotero,Lauren Klein,2013-12-30T15:17:43,Dadd's chart of veterinary reformed practice:: Being a condensed synopsis of the diseases,221e2faf-8dbd-511b-924c-250661d303d6
Zotero,Lauren Klein,2013-12-30T15:24:34,"Remarks on the statistics and political institutions of the United States,: with some observations on the ecclesiastical system of America, her sources of revenue, &c.: To which are added statistical tables, &c",38c8d467-db2e-5617-93fa-14cb0b9d818b
Zotero,Lauren Klein,2013-12-30T16:15:12,"Elements of history, ancient and modern: with a chart and tables of history, included within the volume",84e2e450-f069-5a00-9303-deedd7e1c4d8
Zotero,Lauren Klein,2013-12-30T16:52:59,"A chronological chart of ancient, modern and Biblical history",5c871287-d7bf-5746-be65-4485bfb0c693
Zotero,Lauren Klein,2014-01-06T14:47:54,Statistical atlas of the United States: based on the results of the ninth census 1870 ; with contributions from many eminent men of science and several departments of the government,f6406edc-999d-5bbb-9a03-db3f8e439404
Zotero,Lauren Klein,2014-01-06T17:07:34,"Statistical atlas of the United States,: based upon results of the eleventh census",6aaeef16-17dd-5e8c-993c-c26f2e2d3960
Zotero,Lauren Klein,2014-01-23T15:55:41,"Denotatively, Technically, Literally",0916267c-c3f7-5660-b2fc-2db88669f4bf
Zotero,Lauren Klein,2014-05-30T15:08:05,"The national political manual,: comprising facts and figures, historical, statistical, documentary, poltical, from the formation of the government to the present time. With a full chronology of the rebellion. From official and other sources",a60603c8-aa47-5ebc-92f5-79bd61842e74
Zotero,Lauren Klein,2014-12-17T18:13:55,A Handbook for Women Engaged in Social and Political Work,12c1766f-f9c1-5858-8ed6-5ed3b54a6c06
Zotero,Lauren Klein,2014-12-18T20:37:37,Code as Cartography,677159eb-ecde-5c01-90ab-735aace52063
Google Drive,Lauren Klein,2026-01-26T18:42:31,Shared publications doc,4c1beeff-c4d9-5771-acd1-516922fc7e57
Google Drive,Margy Adams,2026-01-21T20:36:05,Copy of Art Log for Alt Text,359832ec-c37d-51e5-8bf8-8b0a8aa765e2
Google Drive,Margy Adams,2025-12-15T00:14:55,Co-Authored Publications,3b080f23-8b5f-5daf-bc6b-e4e16b824773
Google Drive,Margy Adams,2026-01-26T20:37:52,Charting Hum Labor Abstract,f31933da-a93b-5874-913f-71ce17692056
Google Drive,Lauren Klein,2025-12-09T02:13:41,FINAL IMAGES FOR BOOK - 12/25,20a0abbf-7031-5539-9edf-2a24193f9e5f
Google Drive,Lauren Klein,2025-12-09T02:14:01,all du bois charts if needed,ced09243-58cf-55c5-8efd-f09dc784643c
Google Drive,Lauren Klein,2025-05-28T17:21:13,921.jpg,aaa4a00f-3823-5c0c-89b9-803506350565
Google Drive,Lauren Klein,2025-05-28T17:21:13,873.jpg,4a9388db-bac1-5b2c-9459-d00dcb22e4ae
Google Drive,Lauren Klein,2025-05-28T17:21:13,880.jpg,14cc749b-bd86-5bb1-8546-1e06b013775b
Google Drive,Lauren Klein,2025-05-28T17:21:13,881.jpg,b4989da6-23cd-5425-a8ad-15e9e8a114c9
Google Drive,Lauren Klein,2025-05-28T17:21:13,892.jpg,7af39eff-2f9a-57e8-ab8d-12392bea1e70
Google Drive,Lauren Klein,2025-05-28T17:21:13,887.jpg,1238cf70-dbec-5f51-9f2b-506d7f112a80
Google Drive,Lauren Klein,2025-05-28T17:21:13,916.jpg,dba8b192-bc2d-5c55-84bf-9671cc861dbc
Google Drive,Lauren Klein,2025-05-28T17:21:13,905.jpg,4b5ee653-7bb5-574e-a288-87ce512205e1
Google Drive,Lauren Klein,2025-05-28T17:21:13,922.jpg,7b8fd1e8-5c2e-5b00-b830-b5f7ec5dac97
Google Drive,Lauren Klein,2025-05-28T17:21:13,907.jpg,1ada87a7-7b1a-58bf-bc9c-dddc5be46444
Google Drive,Lauren Klein,2025-05-28T17:21:13,866.jpg,3180a52b-f643-5652-ac6d-be19daa5ae23
Google Drive,Lauren Klein,2025-05-28T17:21:13,874.jpg,da5d9af9-1632-5bff-ba9c-037ec2836298
Google Drive,Lauren Klein,2025-05-28T17:21:13,911.jpg,49d6dcad-a201-50e3-8f33-535222ee2ae6
Google Drive,Lauren Klein,2025-05-28T17:21:13,870.jpg,f707d3ad-9b66-5c5a-ab96-12773ef55e4f
Google Drive,Lauren Klein,2025-05-28T17:21:13,908.jpg,4984d632-c247-563e-b2fe-c19788ffceaf
Google Drive,Lauren Klein,2025-05-28T17:21:13,903.jpg,9fa4e443-0c64-560a-82f3-fa389fe69452
Google Drive,Lauren Klein,2025-05-28T17:21:13,868.jpg,bcf07312-4914-5147-93b1-f9f06b8cc80c
Google Drive,Lauren Klein,2025-05-28T17:21:13,878.jpg,d02a22c0-a1a5-5ebf-bec2-ae9971755020
Google Drive,Lauren Klein,2025-05-28T17:21:13,914.jpg,f68338ed-1af5-56e6-8222-db6ac3e22ccb
Google Drive,Lauren Klein,2025-05-28T17:21:13,882.jpg,6dfa2fbd-f5b2-5c15-a5da-ac3d365832f0
Google Drive,Lauren Klein,2025-05-28T17:21:13,879.jpg,3dcdd334-54c4-5871-a4c7-9f66d88a5abb
Google Drive,Lauren Klein,2025-05-28T17:21:13,918.jpg,0e65ee17-f058-5a5c-9905-fbd06e6046d0
Google Drive,Lauren Klein,2025-05-28T17:21:13,901.jpg,d645220b-c005-5af7-991f-ac1dd1ba0caa
Google Drive,Lauren Klein,2025-05-28T17:21:13,865.jpg,f3170d25-44e1-5313-bc83-4e0a49588f69
Google Drive,Lauren Klein,2025-05-28T17:21:13,923.jpg,445219ab-0f7d-53f7-855b-38cf5302de63
Google Drive,Lauren Klein,2025-05-28T17:21:13,920.jpg,3fce1051-5096-5310-aea9-5fd75ef5bc27
Google Drive,Lauren Klein,2025-05-28T17:21:13,894.jpg,4375e411-c894-5d55-95ee-7f24d1ac4520
Google Drive,Lauren Klein,2025-05-28T17:21:13,919.jpg,6b0c9a4a-84ae-54a4-949b-c21ec9e26686
Google Drive,Lauren Klein,2025-05-28T17:21:13,906.jpg,befccb06-7240-52dc-8f78-cd21787fc33e
Google Drive,Lauren Klein,2025-05-28T17:21:13,898.jpg,8adcd033-15db-5360-ab8f-be4cac3e78df
Google Drive,Lauren Klein,2025-05-28T17:21:13,891.jpg,ddba752b-b2d5-5fff-bffb-bce4fe57fb1f
Google Drive,Lauren Klein,2025-05-28T17:21:13,886.jpg,f398a0a4-7ae6-5d0b-a4e6-47c9ba5896f9
Google Drive,Lauren Klein,2025-05-28T17:21:13,915.jpg,5c46b2dc-a587-52da-adbc-3b9c82c115db
Google Drive,Lauren Klein,2025-05-28T17:21:13,902.jpg,a0b9ee9f-d677-5e1a-8a47-c08a3203df32
Google Drive,Lauren Klein,2025-05-28T17:21:13,897.jpg,62bcbf8e-2a76-5d51-ac07-634956c27245
Google Drive,Lauren Klein,2025-05-28T17:21:13,912.jpg,67ad61da-9efc-5d06-8f81-0ac6c972cedd
Google Drive,Lauren Klein,2025-05-28T17:21:13,895.jpg,80236c8c-c0a8-58e5-9dbb-0056ee0e6daf
Google Drive,Lauren Klein,2025-05-28T17:21:13,869.jpg,6f41aa98-7c29-52ac-905d-4cd9b856763e
Google Drive,Lauren Klein,2025-05-28T17:21:13,913.jpg,a5847266-5ef2-526b-8df0-4d2d19906ffc
Google Drive,Lauren Klein,2025-05-28T17:21:13,883.jpg,07f28399-0b51-544b-8dd0-0b312b48778c
Google Drive,Lauren Klein,2025-05-28T17:21:13,867.jpg,4540520e-652c-5e08-a8c2-c202ca013e9d
Google Drive,Lauren Klein,2025-05-28T17:21:13,872.jpg,e71a7ce2-f3a1-5c07-80b2-9337bf5c3193
Google Drive,Lauren Klein,2025-05-28T17:21:13,909.jpg,a1912a08-28e1-5a4b-987e-0c26a95080ff
Google Drive,Lauren Klein,2025-05-28T17:21:13,900.jpg,aceeac4d-c6cf-5024-99c2-c1878855df5d
Google Drive,Lauren Klein,2025-05-28T17:21:13,893.jpg,d0b8acfc-6626-5cd6-a339-0a817ab61621
Google Drive,Lauren Klein,2025-05-28T17:21:13,884.jpg,06c861cf-c956-5b6f-9e4a-c096a2e2ac02
Google Drive,Lauren Klein,2025-05-28T17:21:13,875.jpg,70e5dad3-8b58-5285-b3a1-255cced7d85d
Google Drive,Lauren Klein,2025-05-28T17:21:13,864.jpg,ba7fac86-45b6-53ab-a9f6-f24b43b8ba7c
Google Drive,Lauren Klein,2025-05-28T17:21:13,888.jpg,854dd79d-0115-55e3-8209-6c4367fe60fa
Google Drive,Lauren Klein,2025-05-28T17:21:13,877.jpg,7169e972-2925-5cc6-bc91-403491f68cf9
Google Drive,Lauren Klein,2025-05-28T17:21:13,889.jpg,5e92610e-0462-52d1-8dac-6dfba819a764
Google Drive,Lauren Klein,2025-05-28T17:21:13,863.jpg,87744b85-8d91-5c1d-895a-0a1ee72a43d3
Google Drive,Lauren Klein,2025-05-28T17:21:13,910.jpg,5896df44-bb1b-57d9-ae6e-28d028389cb1
Google Drive,Lauren Klein,2025-05-28T17:21:13,896.jpg,09c141d4-b211-52f9-9098-82f77ba9ffb5
Google Drive,Lauren Klein,2025-05-28T17:21:13,924.jpg,b47fa21a-d8b8-5d74-b1f0-8f9a97be988a
Google Drive,Lauren Klein,2025-05-28T17:21:13,876.jpg,09d5d885-53e8-5e22-85ed-9d4879b23cdc
Google Drive,Lauren Klein,2025-05-28T17:21:13,871.jpg,6cfe1991-d2e0-5a9b-936a-c5d554b8d40f
Google Drive,Lauren Klein,2025-05-28T17:21:13,885.jpg,dec4de66-7cd8-50e7-bc9b-04ce155f7b51
Google Drive,Lauren Klein,2025-05-28T17:21:13,925.jpg,860f5ff5-f82a-5801-9667-8359b7b91b19
Google Drive,Lauren Klein,2025-05-28T17:21:13,904.jpg,ff556e1a-ac54-5d3e-83c5-51df3518ca94
Google Drive,Lauren Klein,2025-05-28T17:21:13,917.jpg,51eb0410-54d6-5622-9744-a96d9ff92446
Google Drive,Lauren Klein,2025-05-28T17:21:13,890.jpg,da0fd513-37c9-5181-acae-85c2364dd1c8
Google Drive,Lauren Klein,2025-05-28T17:21:13,899.jpg,47dc853d-c435-55e0-b1fa-540249dc24bf
Google Drive,Lauren Klein,2025-12-01T22:31:22,0215-playfair-indies-rect-cropped.jpg,63ea5bbb-b754-50d0-a99a-7a3332eeb9e7
Google Drive,Lauren Klein,2025-12-01T22:28:23,0205-playfair-table-america-rect-cropped.jpg,58a73cfa-314d-5bc6-9e48-93d023d4db5a
Google Drive,Lauren Klein,2025-12-01T22:25:11,0206-playfair-table-northam-rect-cropped.jpg,3cddfc0f-2f84-572d-80c3-8f9c966582ef
Google Drive,Lauren Klein,2025-12-01T22:16:02,0201-playfair-northam-cropped.jpg,3125e4a6-0faa-5053-9de9-221c49b310fb
Google Drive,Lauren Klein,2025-12-01T22:15:37,0201-playfair-northam-rect-cropped.jpg,8440c637-c721-5af2-8a0f-189645e819e7
Google Drive,Lauren Klein,2025-12-01T22:10:32,0205-playfair-table-america-cropped.jpg,99deafcf-1d74-5afa-8116-35185c1e2043
Google Drive,Lauren Klein,2025-12-01T22:10:08,0206-playfair-table-northam-cropped.jpg,237b68a0-d5bb-5d47-9c49-06639e75b04d
Google Drive,Lauren Klein,2025-12-01T22:08:41,0215-playfair-indies-cropped.jpg,e013b01f-13c4-55f5-ae3a-f73ebc1b1d76
Google Drive,Lauren Klein,2025-11-26T21:06:24,0002a-windmap-300dpi.jpg,c0e41744-97c9-5a9a-8a11-d03e703a5287
Google Drive,Lauren Klein,2025-11-26T19:22:48,0002b-AR854665.jpg,30f23106-fb6c-50ba-8071-dd5b36869489
Google Drive,Lauren Klein,2025-11-20T16:59:09,02XX-l_r_111_a_18_plate_ii_after_p046.tif,b2b868ae-c44f-5f3c-b23d-1f29ce3a0e58
Google Drive,Lauren Klein,2025-11-05T23:21:11,0214-gun-deaths-2018.png,e95aba0e-db0d-55b7-9f02-d4ea303bc1a6
Google Drive,Lauren Klein,2025-11-03T13:31:34,0009-AR847648.jpg,8608d0a7-1a0d-5948-bfd0-077f4a1a80d3
Google Drive,Lauren Klein,2025-11-03T13:24:08,0005-reprorights.png,7bae5308-6d11-5473-afd6-8649df6bf87e
Google Drive,Lauren Klein,2025-10-31T21:05:10,0330-img001.jpg.jpeg,9a6ecb4d-0b16-5393-abe6-fdace8f10cf8
Google Drive,Lauren Klein,2025-10-31T21:04:12,0329-img001.jpg.jpeg,5260f01c-888a-5db0-ab70-957d056b534b
Google Drive,Lauren Klein,2025-10-31T21:00:58,0010-AMBOS-BorderQuipu-02.jpg,ad82ee2d-8b82-5deb-8c59-1a32dca14a76
Google Drive,Lauren Klein,2025-10-25T15:39:26,0521-racial disparity factors spiral.png,4e5f9d9c-b53f-5bcc-ae05-9582ab1c513b
Google Drive,Lauren Klein,2025-10-25T02:37:07,0008b-Stefanie01b_toscale.png,467ddf6f-95c5-52ce-a095-5689d729eb85
Google Drive,Lauren Klein,2025-10-25T02:36:51,0008a-Stefanie01a_toscale.png,f4409139-7e0a-5f6e-88d2-6db198e06832
Google Drive,Lauren Klein,2025-10-25T01:30:23,0213-2018StolenYears_Totals_Periscopic.png,4357091c-7d9c-53a3-87ba-b115614023c0
Google Drive,Lauren Klein,2025-10-21T12:30:37,0002a-windmap.jpg,793f3472-743e-58c9-8724-7bb6ccbba7fc
Google Drive,Lauren Klein,2025-09-01T19:44:34,0605-PLACEHOLDER.png,cfa53ccb-b952-5df3-94f5-2e844f334891
Google Drive,Lauren Klein,2025-09-01T19:43:00,0604-PLACEHOLDER.png,cd7f2756-25dc-550f-b121-8a932e99d23c
Google Drive,Lauren Klein,2025-09-01T19:39:06,0603-frequency.png,23f619d9-2f6b-5eea-bab1-a1e57b1db9aa
Google Drive,Lauren Klein,2025-09-01T19:38:48,0602-contributors.png,15df94ea-1472-51ce-9f8c-24d2ca19f9d7
Google Drive,Lauren Klein,2025-09-01T19:36:32,0601-PLACEHOLDER.png,99f9825b-da36-588e-9ecf-0e3ed1488d6a
Google Drive,Lauren Klein,2025-09-01T19:33:47,0529-PLACEHOLDER.png,ee8cad96-6ff3-545a-9472-02e7ba783268
Google Drive,Lauren Klein,2025-09-01T19:33:01,0528-PLACEHOLDER.png,63da13d5-7b39-5510-a669-54a6589231d7
Google Drive,Lauren Klein,2025-09-01T19:32:11,0527-PLACEHOLDER.png,556f250e-812e-55fb-8b55-426a71e8ebb0
Google Drive,Lauren Klein,2025-09-01T19:31:27,0526-data-table.png,b134e3a8-0aa3-5f68-9b12-b1d02b90c671
Google Drive,Lauren Klein,2025-09-01T19:21:37,0518-auc.002.catalog.1908-cropped.jpeg,7682b75a-c984-55ee-ba72-9fa501cf6a50
Google Drive,Lauren Klein,2025-09-01T18:59:15,0503-PLACEHOLDER.png,351a1cb6-6d1e-575f-9742-58ca03908e0b
Google Drive,Lauren Klein,2025-09-01T16:20:59,0440-PLACEHOLDER.png,80b65d06-5620-5325-9094-02810b80a682
Google Drive,Lauren Klein,2025-09-01T15:57:45,0414-PLACEHOLDER.png,38502ab4-1b39-52ed-9495-868e9b6d5e0e
Google Drive,Lauren Klein,2025-09-01T15:56:07,0412-PLACEHOLDER.png,07031a28-af51-501b-b9b3-1a87d657ea5b
Google Drive,Lauren Klein,2025-09-01T15:52:48,0410-PLACEHOLDER.png,d7765f1b-f291-5c90-b751-f9f1fd001ee4
Google Drive,Lauren Klein,2025-09-01T15:52:33,0411-PLACEHOLDER.png,f44f7fca-fb8a-5675-8cf6-5c9b31de642d
Google Drive,Lauren Klein,2025-09-01T15:50:22,0409-PLACEHOLDER.png,94238fd9-8867-5b4c-86f8-bfb280c62264
Google Drive,Lauren Klein,2025-09-01T15:50:16,0408-PLACEHOLDER.png,92f2866d-6a7f-5010-b2a0-e27749d3f54e
Google Drive,Lauren Klein,2025-09-01T15:49:27,0407-PLACEHOLDER.png,6ae4102e-6a44-580a-a34c-2e3108c1f6dc
Google Drive,Lauren Klein,2025-09-01T15:48:49,0406-PLACEHOLDER.png,8399cf4a-3487-5478-81f3-992fa3103818
Google Drive,Lauren Klein,2025-09-01T15:41:32,0331-PLACEHOLDER.jpg,b473631b-b13e-5985-be37-1bd1faf0b7b6
Google Drive,Lauren Klein,2025-09-01T15:03:40,0310-PLACEHOLDER.png,2ca9623e-239e-5b3d-8b81-a40ea387bce3
Google Drive,Lauren Klein,2025-09-01T15:03:25,0309-PLACEHOLDER.png,1d40b818-d39a-5a24-abd3-548a97be3d1d
Google Drive,Lauren Klein,2025-09-01T15:03:18,0308-PLACEHOLDER.png,e323a68e-f1c1-5e06-b3a1-926f95e704ad
Google Drive,Lauren Klein,2025-09-01T15:03:11,0307-PLACEHOLDER.png,c085cb05-4810-5f32-8310-983b7b3e647e
Google Drive,Lauren Klein,2025-09-01T15:00:32,0306-PLACEHOLDER.png,19862613-906a-5249-8ce3-90d1dd670172
Google Drive,Lauren Klein,2025-09-01T15:00:27,0305-PLACEHOLDER.png,f0e6e5a9-c387-579d-9f02-5dadebe6fd74
Google Drive,Lauren Klein,2025-09-01T14:56:22,0303-PLACEHOLDER.png,8478ecd4-f2c9-5c15-8ee3-2e29a453aec9
Google Drive,Lauren Klein,2025-09-01T14:49:45,0304-PLACEHOLDER.png,6fe56433-153a-534f-a1c6-0dedcf113e99
Google Drive,Lauren Klein,2025-09-01T14:41:00,0312-PLACEHOLDER.jpg,34a7fdd3-01cb-540b-a8eb-58e15be60f63
Google Drive,Lauren Klein,2025-09-01T14:32:40,0301-PLACEHOLDER.jpg,5e4b1605-6132-5427-b85e-cc9368cdd171
Google Drive,Lauren Klein,2025-08-31T22:14:38,0223-PLACEHOLDER.png,89d805d4-f05a-525f-8a6d-1f44af8e7434
Google Drive,Lauren Klein,2025-08-31T22:12:08,0221-PLACEHOLDER.png,e3725df2-b269-5d8a-bfe7-60bd4144c939
Google Drive,Lauren Klein,2025-08-31T22:11:55,0222-PLACEHOLDER.png,2bee3164-85ab-5716-893d-4c28b1590275
Google Drive,Lauren Klein,2025-08-31T22:11:45,0220-PLACEHOLDER.png,3555fe9a-239e-57f5-a07a-db8e4e307f1d
Google Drive,Lauren Klein,2025-08-31T22:09:07,0219-PLACEHOLDER.png,06e82cd3-e301-5360-b818-9f26df5efdf9
Google Drive,Lauren Klein,2025-08-31T21:59:27,0211-PLACEHOLDER.png,58978bfe-9a1a-5d86-9ef4-3f2f931c88da
Google Drive,Lauren Klein,2025-08-31T21:57:48,0210-PLACEHOLDER.png,3901edc9-9d9c-59c3-9dbd-9d4d4090121f
Google Drive,Lauren Klein,2025-08-31T21:57:28,0209-PLACEHOLDER.png,1631837d-e452-5620-8151-456370648939
Google Drive,Lauren Klein,2025-08-31T21:56:26,0208-PLACEHOLDER.png,57ea6892-9d76-59b9-b806-684301308631
Google Drive,Lauren Klein,2025-08-31T21:56:15,0207-PLACEHOLDER.png,c7ddff5b-f6cc-5cd1-81e5-c23c9377f306
Google Drive,Lauren Klein,2025-08-31T18:24:25,0112-PLACEHOLDER.png,10c7669c-e38f-5fb3-93f6-285d932558f9
Google Drive,Lauren Klein,2025-08-31T18:23:41,0111-PLACEHOLDER.png,64de910e-8761-5f25-98be-fb61e4ce2291
Google Drive,Lauren Klein,2025-08-31T18:22:38,0110-PLACEHOLDER.png,65711928-8658-5853-9e90-9a25d9afa2ba
Google Drive,Lauren Klein,2025-08-31T18:21:21,0109-PLACEHOLDER.png,1a2c0bf8-04f5-55fe-81d6-0017e09ac265
Google Drive,Lauren Klein,2025-08-31T18:20:21,0108-PLACEHOLDER.png,996f65a7-3b5f-5900-9b88-822c2200cc08
Google Drive,Lauren Klein,2025-08-31T18:19:42,0107-PLACEHOLDER.png,cad5f265-d16e-527a-abf0-d67bb4ec82f7
Google Drive,Lauren Klein,2025-08-31T16:15:42,0011-ruest.jpg,8686ed74-aa9b-565a-8997-7e9919953c7d
Google Drive,Lauren Klein,2025-08-31T16:07:46,0004-table.png,16d8502f-d60f-56a4-ba8b-c8762fe5a540
Google Drive,Lauren Klein,2025-08-31T16:06:03,0003-PLACEHOLDER.png,c205143a-4f19-5991-8e52-c73465059636
Google Drive,Lauren Klein,2025-08-23T15:14:41,0517-perfecscope-zbHCp_orig-zoom.jpg,2e5237a3-9468-5eb0-b9a6-e4fbb8908708
Google Drive,Lauren Klein,2025-08-23T15:04:45,0516-master-pnp-ppmsca-08700-08778u.tif,2f3b3c2e-f113-55c7-8a53-f9839f44893f
Google Drive,Lauren Klein,2025-08-17T14:51:36,0225-jevons002.jpg,360b1213-d166-5ee3-9157-82e6cfa57467
Google Drive,Lauren Klein,2025-08-17T14:51:34,0226-jevons001.jpg,9439984b-c6c4-556c-a0d8-d1f0c06c15d4
Google Drive,Lauren Klein,2025-08-08T16:56:53,0511-master-rbc-rbaapc-10601-0031.tif,e940999c-ecc4-573c-afa6-bc8da4210ccd
Google Drive,Lauren Klein,2025-07-31T17:26:46,0429-Willard-4545001.jpg,714f53f9-aff4-5c48-81cf-108a8a964dd8
Google Drive,Lauren Klein,2025-07-31T13:16:26,0427-Humboldt-Geographie_der_Pflanzen_in_den_Tropen-Ländern.jpg,3f1d6cec-69dd-523c-8375-d5691787a9a4
Google Drive,Lauren Klein,2025-07-30T19:25:06,0405-Jazwinski-10588000.jpg,4918e217-80dc-590f-af22-21dafa0ec7e7
Google Drive,Lauren Klein,2025-07-30T18:12:52,0437-Peabody-15895000.jpg,4c5ae803-aae5-5e71-9a49-5ac93c4ec1a1
Google Drive,Lauren Klein,2025-07-10T18:01:46,0012-anon.jpg,c562e8c0-6272-5d91-8396-417b5d07cdc4
Google Drive,Lauren Klein,2025-07-10T15:14:31,0212-minard.JPEG,eca553e0-9947-5dd8-9cf1-8b2d1c2ea3d5
Google Drive,Lauren Klein,2025-07-10T15:14:31,0314-minard.JPEG,2f879180-6831-5189-90c6-2093c80caa07
Google Drive,Lauren Klein,2025-07-09T17:40:43,0203-playfair-scotland.jpg,13b59e52-f113-5f90-9dbe-ce61dd42016b
Google Drive,Lauren Klein,2025-07-09T17:32:25,0202-buache.jp2,cb16beae-09d1-51f8-b826-8a60076197ed
Google Drive,Lauren Klein,2025-07-09T03:36:23,0201-playfair-northam.tif,5ecd2a99-54cc-5b7e-ac79-6575e84a064b
Google Drive,Lauren Klein,2025-07-09T03:36:15,0215-playfair-indies.tif,ac596c76-f34a-55a3-beaa-38205ce2fd2e
Google Drive,Lauren Klein,2025-07-09T03:14:45,0205-playfair-table-america.tif,0b9f7195-6bea-5485-829b-5cfca55a9724
Google Drive,Lauren Klein,2025-07-09T03:13:37,0224-playfair1787.tif,70e837c5-263b-506d-9f87-9051c4c02f77
Google Drive,Lauren Klein,2025-07-09T03:13:05,0206-playfair-table-northam.tif,07e36926-cdf7-5c95-b8e1-7d2ef2eba97c
Google Drive,Lauren Klein,2025-05-28T17:21:14,0413-blank-chart.jpg,86c17573-38c7-59bf-8552-2cc35a501b23
Google Drive,Lauren Klein,2025-05-28T17:21:14,0415-student1.jpg,b432c807-7b5a-585a-875c-2d0543e2c2b8
Google Drive,Lauren Klein,2025-05-28T17:21:14,0432-Tattered map in attic.jpg,4389bfe7-45d4-546a-827b-a4a4798941f0
Google Drive,Lauren Klein,2025-05-28T17:21:14,0434-led-boards.jpg,0d949c1e-7d4f-595b-ad47-b404b89b347d
Google Drive,Lauren Klein,2025-05-28T17:21:14,0522-onuoha1.jpg,5d214171-4364-5ac6-801d-28aed513bc8c
Google Drive,Lauren Klein,2025-05-28T17:21:14,0421-student7.jpg,fb5dce22-fb1c-5ff9-93e4-6e19e5420e3f
Google Drive,Lauren Klein,2025-05-28T17:21:14,0420-student6.jpg,816e8778-59de-54b2-bfce-2c569595df14
Google Drive,Lauren Klein,2025-05-28T17:21:14,0435-leds.jpg,9bcbf6a5-7870-59f7-9011-2878c4884fca
Google Drive,Lauren Klein,2025-12-09T02:13:10,OLD - DO NOT USE - NO LONGER FINAL IMAGES,c54f907b-a757-58be-b038-c16e1df9b88b
Google Drive,Lauren Klein,2025-10-06T15:27:06,0326-Willard0.jpg,e11fcf62-4a6a-5b03-99c1-136040d23076
Google Drive,Lauren Klein,2025-10-06T15:26:06,0315-fidler-large-HBCA-E3-2-225.jpeg,97f9e0c8-f2f9-577b-8b2d-b54807f54557
Google Drive,Lauren Klein,2025-10-06T15:23:49,0206-am1787pla-741-q-65.tif,df7ddd31-0bed-5621-a6b8-e60533eacc48
Google Drive,Lauren Klein,2025-10-06T15:23:37,0205-am1787pla-741-q-24.tif,a593ef3c-c568-5251-b21e-41b8b042450f
Google Drive,Lauren Klein,2025-09-01T20:00:28,all du bois charts if needed,f0ccb5e8-9d43-51b5-bb2f-c6f7a37d0bcf
Google Drive,Lauren Klein,2025-08-31T16:15:22,0010-borderquipu2.jpg,0bf59880-5422-5f49-8092-acdd014d18bf
Google Drive,Lauren Klein,2025-08-31T16:15:05,0009-borderquipu1.jpg,e4f4e9e2-d5a0-5a86-8fc0-310c434dae75
Google Drive,Lauren Klein,2025-08-31T16:12:55,0008-deardata.png,b3ffa876-7fdc-5805-a902-ef43bcc47365
Google Drive,Lauren Klein,2025-08-31T16:10:42,0005-reprorights.png,8d2a6a7e-d833-5fbb-a0ae-d47a60c1e03d
Google Drive,Lauren Klein,2025-08-31T15:54:30,0002-windmap.png,e753f2ac-ccc6-5d23-9799-8a4bbb4ef3a3
Google Drive,Lauren Klein,2025-07-25T19:50:15,0330-speck-tree-p14.jpg,45024936-6bef-568d-8371-33a56e53ed4f
Google Drive,Lauren Klein,2025-07-25T19:48:15,0329-speck-tree-p13.jpg,7bd101ac-ef5a-5813-acbe-8fb46de5b0a0
Google Drive,Lauren Klein,2025-05-28T17:21:14,0402-1600s.jpg,66c3ee5b-098c-5fe8-a569-f465cfa7f687
Google Drive,Lauren Klein,2025-05-28T17:21:14,0403-1700s.jpg,0f8b1a95-a292-559d-844b-095a80cc9151
Google Drive,Lauren Klein,2025-05-28T17:21:14,0404-1800s.jpg,06c0d309-c523-516a-9f78-431b29bd1255
Google Drive,Lauren Klein,2025-05-28T17:21:14,0524-onuoha3.jpg,5f11e212-5a52-5936-b483-eeeb741b5300
Google Drive,Lauren Klein,2025-05-28T17:21:14,0431-clarke-1-4000BC-ps-30x43-2.jpg,122c87b9-5c18-5abd-b45d-9fccdb70e635
Google Drive,Lauren Klein,2025-05-28T17:21:14,0521-dignity-and-debt.jpg,49b45c14-33d5-5ff0-a1d8-cfb9bddb80e2
Google Drive,Lauren Klein,2025-05-28T17:21:14,0439-gbq-q030-06.jpg,045dab6e-9b23-507f-92fb-a45000bded2d
Google Drive,Lauren Klein,2025-05-28T17:21:14,0523-onuoha2.jpg,7895ac95-2847-5107-881a-a0043be66e2c
Google Drive,Lauren Klein,2025-05-28T17:21:14,0423-willard-temple.jpg,063e42db-dd56-5998-8a4d-400d6cf3d569
Google Drive,Lauren Klein,2025-05-28T17:21:14,0430-priestley-new-chart.jpg,2421b1c0-bafb-5906-8e3d-4cfa260eec23
Google Drive,Lauren Klein,2025-05-28T17:21:14,0416-student2.jpg,70d34efa-3175-5682-b258-176cd338a629
Google Drive,Lauren Klein,2025-05-28T17:21:14,0436-rendering.jpg,a766e007-6528-5ad6-b5f2-723db9994f93
Google Drive,Lauren Klein,2025-05-28T17:21:14,0519-chalabi-illiteracy.jpg,9092190f-e75c-5859-bbe9-fccd87f8d12e
Google Drive,Lauren Klein,2025-05-28T17:21:14,0438-rachel-carey-george.jpg,9121cb5e-6be6-55bf-b519-d89eb4bc808e
Google Drive,Lauren Klein,2025-05-28T17:21:14,0422-student8.jpg,308cbd24-66f3-5c60-8dc6-019eac087984
Google Drive,Lauren Klein,2025-05-28T17:21:14,0501-paris-expo-loc.jpg,d6893fc5-7da3-5d5d-9108-6e98f1fbbc96
Google Drive,Tanvi Sharma,2025-10-29T21:39:08,Promotional Images,700f7eac-823b-5165-9201-67b18d0ebb33
Google Drive,Tanvi Sharma,2025-10-29T21:37:00,DxD_Homepage.png,76bbc312-ce31-50b0-9b2d-dd6a204ba1f6
Google Drive,Lauren Klein,2025-10-21T16:47:46,Production Docs,9b24c113-0eb9-5719-b20c-6b0048710e55
Google Drive,Lauren Klein,2026-01-16T20:16:45,Data by Design_Art Log.xlsx,4dbd4b02-e6ff-5448-96ec-1a21a97389d0
Google Drive,Lauren Klein,2025-10-21T16:48:01,final images - need to replace,782f753f-28f5-598c-ae25-ac588d221738
Google Drive,Lauren Klein,2025-10-21T12:30:37,0002-windmap.jpg,62a77ba8-4740-53db-931e-4366b5ae639a
Google Drive,Lauren Klein,2021-07-10T13:31:02,0116-Lauren_Klein_08_07_2021.pdf,2b94d5d1-6cc8-5380-afbb-6bb28771306b
Google Drive,Lauren Klein,2025-10-20T17:58:13,Art Log,4f69ba6e-400a-56ce-8a3a-7baf732fea45
Google Drive,Lauren Klein,2025-09-11T01:40:14,SUBMITTED FOR PRODUCTION (9/25),52869313-fe1f-5010-8a25-c2735050423c
Google Drive,Lauren Klein,2025-12-14T20:51:05,dxd-alt-text-250chars-with-placeholder-text.docx,d8112e9e-54b4-5d2d-8c22-cc73629dabe4
Google Drive,Lauren Klein,2025-12-10T15:13:37,Older Files - Do Not Use,eb4ae6a9-8d87-5e70-b39f-b4ad98d2d2a7
Google Drive,Lauren Klein,2025-10-27T21:42:41,dxd-alt-text-250chars.docx,0adde6e3-ee20-52bf-863e-b434555b39b3
Google Drive,Lauren Klein,2025-09-11T01:41:28,Art Log,b9c493e3-ef07-5ada-a296-2bc47d89d5d3
Google Drive,Lauren Klein,2025-12-10T15:12:57,Data by Design_Art Log.xlsx,79ca6f8e-4443-559c-b4c0-e32d0c478202
Google Drive,Lauren Klein,2025-12-10T15:12:25,FINAL IMAGES FOR BOOK - updated 12/25,4a3d9238-d4a0-58d1-9c33-c1887b635f0b
Google Drive,Lauren Klein,2025-09-11T01:32:12,dxd-alt-text-for-copyediting.docx,6c234435-b57b-51cc-a226-3cabef4573bd
Google Drive,Lauren Klein,2025-09-10T13:12:29,dxd-complete-for-production-no-images.docx,e5561ee3-9fe7-5c9c-9052-4640db80ab0b
Google Drive,Lauren Klein,2025-08-26T15:47:25,"Titles, Takeaways, etc",49812fcd-5743-5235-9ae9-b311dd8a7888
Google Drive,Lauren Klein,2025-08-26T15:51:11,Titles and Epigraphs,fd20bd5e-02cd-5578-8c63-3748d001af27
Google Drive,Lauren Klein,2025-08-26T15:47:51,Takeaways,5f8b72e0-e377-56e2-b6b1-c559ee066ba0
Google Drive,Lauren Klein,2025-08-18T17:33:31,Chapter Text for Production - 9/25,f34b2b83-547d-5f01-b7c9-77c5119c6478
Google Drive,Tanvi Sharma,2026-01-15T20:02:02,dxd-6-change-final1.docx,40ae76a3-ab2a-52e7-8fc2-55a60fe58809
Google Drive,Lauren Klein,2025-10-04T00:25:31,dxd-4-people-final1.docx,543b392c-1fc3-53ca-98f8-c0b97bf37f49
Google Drive,Lauren Klein,2025-07-31T14:01:17,dxd-5-knowledge-final1.docx,f7f6e55d-9a14-5d61-b1a6-3c3b04be1777
Google Drive,Lauren Klein,2025-07-23T19:25:39,dxd-3-image-final1.docx,a15beb4e-afaa-57b0-91f3-b96e416a57e9
Google Drive,Lauren Klein,2025-07-23T19:25:14,dxd-2-data-final1.docx,8ec556ec-eb0b-5a14-a60d-43b31595a81d
Google Drive,Lauren Klein,2025-05-28T18:05:30,dxd-1-intro-final1.docx,e8c7c4dc-72ee-5564-8c95-6ce1562fd223
Google Drive,Lauren Klein,2025-05-22T13:46:27,dxd-0-preface-final1.docx,ea2545cf-ef4c-5505-bb62-c4c1b3e3c64f
Google Drive,Lauren Klein,2025-08-18T17:32:48,OLD - Chapter Text,c3128dad-80e9-5eb0-8f23-9315278ad906
Google Drive,Lauren Klein,2020-10-12T19:43:06,peabody,5b33c151-cfcd-58f3-b676-27fa04f96672
Google Drive,Lauren Klein,2020-10-12T15:13:12,playfair,cd411707-16a5-5920-9092-ad149ffb821a
Google Drive,Lauren Klein,2025-06-02T16:01:12,DxD - Revised Overall Project Outline,1079f677-650c-58b8-91bb-822f86e54ecf
Google Drive,Tanvi Sharma,2025-04-10T21:15:09,Labor ACH Abstract,fe2bf3a4-c2a4-50a2-9b06-10bf54b64f3f
Google Drive,Lauren Klein,2025-02-12T19:26:09,Chapter 00 - Preface,4b16d66d-99da-578a-b3d3-a446ee34dbad
Google Drive,Lauren Klein,2025-02-13T14:36:21,Preface - Feb 13 2025,5e266b8e-45a4-5951-86a4-e7f878fdbaff
Google Drive,Lauren Klein,2024-10-11T16:25:39,prizes,c17bec9e-29cc-53cf-b7f1-533faed927e6
Google Drive,Lauren Klein,2024-07-22T17:41:40,Presentations,78f14808-5c00-51cc-a411-fb243f3f72b0
Google Drive,Lauren Klein,2025-12-17T14:23:15,Info+ for Evan/Thema,ed64c18d-2639-501b-a0ec-7ab65ff0a9bb
Google Drive,Tanvi Sharma,2025-11-22T13:10:24,Tanvi /  Lauren - Info + November 2025,c6cce0cf-a509-59e9-9e6a-70cf2a6b9e42
Google Drive,Lauren Klein,2025-11-21T17:42:15,ASA - Shanawdithit - 10 min,609a933d-b0a5-5a12-9086-98942f184069
Google Drive,Tanvi Sharma,2025-11-15T16:15:46,Photographs,5df6a193-bb49-562b-bcb4-83dc9e778136
Google Drive,Tanvi Sharma,2025-11-15T16:15:52,InfoViz 2025,01401ce3-ec0d-5862-8c3a-0989ba47bfeb
Google Drive,Tanvi Sharma,2025-11-15T16:19:59,IMG_9521.heic,8a423ba0-3254-5003-aec6-e76ea8f0dae6
Google Drive,Tanvi Sharma,2025-11-15T16:19:57,IMG_9520.heic,0f3cfa4a-df95-518e-94d1-06b9782654c9
Google Drive,Tanvi Sharma,2025-11-15T16:19:54,IMG_9519.heic,755b062e-af0f-5c38-ab2f-3900ebf0764c
Google Drive,Tanvi Sharma,2025-11-15T16:18:25,IMG_9839.heic,c55b4a71-6036-5937-b108-ee1163e83330
Google Drive,Tanvi Sharma,2025-11-15T16:18:23,IMG_9840.heic,6cb4844a-d858-5b1c-b6c0-8a3b5cccaeb2
Google Drive,Tanvi Sharma,2025-11-15T15:58:22,IMG_9834.heic,621f7cce-22ae-54a0-86ed-e3ac8dd49091
Google Drive,Tanvi Sharma,2025-11-15T15:58:22,IMG_9833.heic,e9438a46-d5a5-5903-a3ae-b736f677fdda
Google Drive,Tanvi Sharma,2025-11-15T15:58:22,IMG_9830.heic,ad082a55-82c7-52c4-ab8d-6d2041d91a45
Google Drive,Tanvi Sharma,2025-11-15T15:58:21,IMG_9837.heic,1d5bfe2f-d935-5f6a-b0fb-69a6ef565973
Google Drive,Tanvi Sharma,2025-11-15T15:58:21,IMG_9838.heic,b97688fa-64ad-5a3d-9834-8dc5257c0098
Google Drive,Tanvi Sharma,2025-11-15T15:58:20,IMG_9828.heic,524f878d-496c-53e9-801b-98b1cc36627a
Google Drive,Tanvi Sharma,2025-11-15T15:58:20,IMG_9829.heic,4ef18557-8535-5055-ac37-32e603ca970a
Google Drive,Tanvi Sharma,2025-11-15T15:58:20,IMG_9835.heic,3d8516e7-3fe6-5730-80e3-69bfcd2edd35
Google Drive,Lauren Klein,2025-11-13T22:51:50,SAVE AS DRAFT - Tanvi /  Lauren - Info + November 2025,b8f46264-129f-566e-8596-244be422c7b5
Google Drive,Lauren Klein,2025-10-27T16:41:06,Lauren - UCLA October 2025,aa85fa29-df67-5411-93a7-7daefe695dda
Google Drive,Tanvi Sharma,2025-10-21T20:12:16,Tanvi / Pratt 2025,daa67145-5fa9-57b2-8e5f-c6da09e85af9
Google Drive,Tanvi Sharma,2025-10-13T16:30:24,DxD 2025 General,7fd5d2a6-2c0b-5631-88ca-e9978a69700f
Google Drive,Lauren Klein,2025-07-17T12:36:03,Visualizing Resistance for DH 2025,308dfcf2-ef5b-5a76-b1da-151a38b6782e
Google Drive,Lauren Klein,2025-06-12T16:51:35,DxD - ACH - June 2025 - 12-15 min,18f13a80-19aa-535a-a6fd-7b9b43b1dbc6
Google Drive,Tanvi Sharma,2025-06-11T13:12:51,Lauren/Tanvi - Outlier 2025,5f55cb63-b5bd-5545-9776-d8755282dc87
Google Drive,Lauren Klein,2025-06-10T12:07:34,WRONG ONE - DO NOT USE - DxD - Outlier - June 2025 - 25 min (was 40 min),8a20fd1b-bc0e-5642-836e-f0b1a7507410
Google Drive,Lauren Klein,2025-06-05T16:16:41,DxD - Stanford - March 2025 - 40 min,acadb699-43a1-54c6-950d-ee98f7a138a8
Google Drive,Lauren Klein,2025-04-21T15:44:31,DxD - Stanford - March 2025 - for sharing,2db16d9a-d047-56e7-86d3-3c6276951d99
Google Drive,Tanvi Sharma,2025-04-05T16:23:44,IEEE_Video.mp4,eb14f8f6-5e07-556e-855f-ae7abb309245
Google Drive,Tanvi Sharma,2025-04-03T16:13:39,IEEE Shiyao/Tanvi Video,e543b186-e1be-5ba6-aeb7-3862e8501aad
Google Drive,Tanvi Sharma,2025-04-03T15:53:35,DxD talk - Spring 2025 - general audience,2f8599f1-7c62-507f-87eb-52dbc9fa66e5
Google Drive,Lauren Klein,2025-04-03T15:28:01,Lauren/Tanvi - refactored DxD talk - March 2025,2016a9ca-832f-5f6d-9313-4e6b7af615c5
Google Drive,Lauren Klein,2025-03-06T20:03:53,DxD talk - Spring 2025 - general audience,a848ac78-0e64-5243-8410-8763b1be437d
Google Drive,Tanvi Sharma,2025-03-05T18:09:54,Assets,bd917f7c-fa40-504c-a11a-730d8fbf3ded
Google Drive,Tanvi Sharma,2025-03-05T18:10:24,Description,f1a48a20-a907-574f-bacf-b65535eae69f
Google Drive,Tanvi Sharma,2025-11-14T15:22:45,Fade_Description_slower.mp4,2bc48dc4-a75b-56b6-ba2c-4e09da65cbf2
Google Drive,Tanvi Sharma,2025-03-12T12:31:32,ShiyaoV1.mov,8fc378db-a3b9-5fde-b210-eeea730d8e37
Google Drive,Tanvi Sharma,2024-09-30T18:04:45,Fade_Description.mov,a32fdb5d-5423-5a92-b76a-ce90ae3f61fa
Google Drive,Tanvi Sharma,2024-09-30T17:47:20,Zoom_Description.mov,38b8246f-f5e7-5203-b617-4cc7ac0e54fd
Google Drive,Tanvi Sharma,2024-09-30T17:19:37,resistance.mov,d51a91f8-2aa5-50e8-9831-6f7bcf030759
Google Drive,Margy Adams,2025-01-10T22:13:24,MLA 25 Beyond Visualization Alt Text,8ac8e651-b429-50bf-a211-263a85c340d7
Google Drive,Tanvi Sharma,2024-12-14T21:25:31,Sequence 01.mp4,3287020f-a975-599a-9414-cde602638656
Google Drive,Tanvi Sharma,2024-12-14T21:08:01,Config Pitch.mp4,339742b4-2ec3-5278-b36f-e4fb4f4f6963
Google Drive,Tanvi Sharma,2024-12-12T20:26:47,Config Script,77e03e73-76d1-56d2-9680-b0ae831fa659
Google Drive,Lauren Klein,2024-12-12T19:17:42,Copy of DxD - humanities focus - Spring 2024,e42ddff8-c4ec-56f2-a4c5-b8c32714e7c9
Google Drive,Lauren Klein,2024-12-02T18:51:40,dxd talk abstract,f5332cf4-b22d-52d3-909b-b4f6a606b036
Google Drive,Lauren Klein,2024-12-02T18:10:05,Copy of QTM Research Talk - November 2024,23706e5b-72a7-5262-b8ea-d8163a121cd1
Google Drive,Lauren Klein,2024-11-14T01:15:14,ASA Fall 24 - Listening to Dig Imgs,7982a144-9f70-5cec-8f2c-14ed8bede8a9
Google Drive,Lauren Klein,2024-11-13T15:49:54,DH24 Listening to Dig Imgs,1a87fb21-5783-5203-8e9a-e4c44b3b1644
Google Drive,Margy Adams,2024-10-02T03:17:05,dxd AIGA.mov,9d54ace4-d0a5-5c8f-b961-de17a31a18ac
Google Drive,Lauren Klein,2024-09-27T17:39:10,AIGA Margins,9f1831a1-1d6d-534e-ba75-e5523fe9790f
Google Drive,Lauren Klein,2024-07-22T17:43:35,Copy of Starting with a Shuffle - Spring 2024,09b6b72a-3005-566a-b032-4802613b11ae
Google Drive,Lauren Klein,2024-07-22T17:41:53,Copy of Yale / DxD - Line Graph and Slave Ship,7ac2a23f-1475-5fa4-8d56-55a57f6ce58f
Google Drive,Lauren Klein,2024-06-15T15:37:00,User Testing,fa85cf5b-84fb-5fdc-8acc-65699d3728fd
Google Drive,Tanvi Sharma,2025-03-03T15:13:34,Video Recordings,04463b81-114c-5dbf-b753-3956e152a5be
Google Drive,Jay Varner,2024-07-08T18:52:13,video1641769669.mp4,0c00ec4a-7387-51db-8066-b54e8e236641
Google Drive,Lauren Klein,2024-07-18T18:12:57,Schedule for user testing,fff8d742-02af-5cac-ade2-59bae55b51a6
Google Drive,Lauren Klein,2024-07-09T19:28:39,Plan for User Testing,23a33fca-3f5f-5417-86de-eeb46ac9c353
Google Drive,Tanvi Sharma,2024-05-20T16:01:48,AIGA Proposal,a34afd91-0911-530f-a553-f83c8d7858ef
Google Drive,Lauren Klein,2024-05-17T14:57:21,Peer reviewers for chapters,ab3e7cd0-770f-5691-9a12-620f3a53e7d4
Google Drive,Lauren Klein,2024-05-16T15:27:05,Alberto notes,c8f151a2-5c48-5f2f-8fd8-6cf5885bf9c0
Google Drive,Tanvi Sharma,2024-04-05T16:01:26,Logos,5a96e267-9802-5381-a1cb-54907490f6ec
Google Drive,Jay Varner,2024-04-05T16:02:48,ECDS Logos-Official,76740472-ecd9-5fbe-991e-1b46164f3784
Google Drive,Jay Varner,2024-04-05T16:02:49,no shield,0afb66e9-86d2-58f5-a2cf-0eb5dfc04aa4
Google Drive,Jay Varner,2024-04-05T16:02:50,vertical,5dbb4f74-06a8-5542-8c48-6993a387a225
Google Drive,Jay Varner,2024-04-05T16:02:52,jpg_png,1c17e78e-2c6c-5fb9-9e15-1549f5393b53
Google Drive,Jay Varner,2024-04-01T17:57:00,EU_ECtrDigitalScholarship_noShield_vt_280.jpg,ddfe6de4-7783-5209-b063-2eca8c1d5a04
Google Drive,Jay Varner,2024-04-01T17:57:00,EU_ECtrDigitalScholarship_noShield_vt_280bk.png,88258f4b-e5b8-5918-b1b1-c424182e9727
Google Drive,Jay Varner,2024-04-01T17:57:00,EU_ECtrDigitalScholarship_noShield_vt_280.png,110aca45-9875-5264-a039-52a4b237e13a
Google Drive,Jay Varner,2024-04-01T17:57:00,EU_ECtrDigitalScholarship_noShield_vt_bk.png,0f00004f-4d1a-59f0-8ce7-b69dfc6afd18
Google Drive,Jay Varner,2024-04-01T17:57:00,EU_ECtrDigitalScholarship_noShield_vt_bk.jpg,ad656e78-8513-59d8-85aa-530fbfcba8b7
Google Drive,Jay Varner,2024-04-01T17:57:00,.DS_Store,8576628d-c7bb-5545-b5b6-9024a5cedc90
Google Drive,Jay Varner,2024-04-01T17:57:00,EU_ECtrDigitalScholarship_noShield_vt_rv.png,bf137030-8f2b-5905-aec6-d3e44c3e0c7b
Google Drive,Jay Varner,2024-04-01T17:57:00,EU_ECtrDigitalScholarship_noShield_vt_280bk.jpg,e51d804b-5d04-5b88-82cb-40bed28eea94
Google Drive,Jay Varner,2024-04-05T16:02:52,eps_pdf,67981f9c-29b0-548d-8c25-de4e99418f3a
Google Drive,Jay Varner,2024-04-01T17:57:00,EU_ECtrDigitalScholarship_noShield_vt_280bk.eps,d0594cbb-1874-5bcb-9af1-809df114e41c
Google Drive,Jay Varner,2024-04-01T17:57:00,EU_ECtrDigitalScholarship_noShield_vt_rv.eps,0ba3db5e-5a2c-5b12-a960-b50b6ebac063
Google Drive,Jay Varner,2024-04-01T17:57:00,EU_ECtrDigitalScholarship_noShield_vt_bk.eps,753513f4-d4f7-507e-9061-95af705a6e30
Google Drive,Jay Varner,2024-04-01T17:57:00,EU_ECtrDigitalScholarship_noShield_vt_280.pdf,c0521edd-0895-54a9-99cb-f4d90933ce9f
Google Drive,Jay Varner,2024-04-01T17:57:00,EU_ECtrDigitalScholarship_noShield_vt_bk.pdf,fd9e0ae2-3527-5014-983f-d3855bd7023c
Google Drive,Jay Varner,2024-04-01T17:57:00,EU_ECtrDigitalScholarship_noShield_vt_280bk.pdf,656d6044-e95c-5dad-8519-832397f2820e
Google Drive,Jay Varner,2024-04-01T17:57:00,EU_ECtrDigitalScholarship_noShield_vt_280.eps,557ec8d4-ed46-5389-9b2f-fe3d69300fc4
Google Drive,Jay Varner,2024-04-05T16:02:50,horizontal,16af62b8-703d-550d-b642-d6a0283cd09e
Google Drive,Jay Varner,2024-04-05T16:02:51,eps_pdf,67a98d9d-1ddc-5187-b48c-9ad31ec8b98a
Google Drive,Jay Varner,2024-04-01T17:57:00,EU_ECtrDigitalScholarship_noShield_hz_280.pdf,de356335-05d6-5bb0-b477-241ae479ff48
Google Drive,Jay Varner,2024-04-01T17:57:00,EU_ECtrDigitalScholarship_noShield_hz_280.eps,601243ae-db2b-5c93-a990-4ae7ad9089bb
Google Drive,Jay Varner,2024-04-01T17:57:00,EU_ECtrDigitalScholarship_noShield_hz_280bk.pdf,2b327a07-c9d4-5938-a620-3fb9a77b9cba
Google Drive,Jay Varner,2024-04-01T17:57:00,EU_ECtrDigitalScholarship_noShield_hz_bk.pdf,2c2921ad-8307-527b-b540-aa1b68f5df69
Google Drive,Jay Varner,2024-04-01T17:57:00,EU_ECtrDigitalScholarship_noShield_hz_280bk.eps,08e261c2-aa0a-5326-95b9-722de3c7a661
Google Drive,Jay Varner,2024-04-01T17:57:00,EU_ECtrDigitalScholarship_noShield_hz_bk.eps,3d61aaf3-d981-5ba2-999e-6a305475756d
Google Drive,Jay Varner,2024-04-01T17:57:00,EU_ECtrDigitalScholarship_noShield_hz_rv.eps,d5b2dd6b-f21d-5a53-9242-3479ca976fac
Google Drive,Jay Varner,2024-04-05T16:02:51,jpg_png,4b91e71f-628e-51f6-a5e4-0af1aa0c7b7f
Google Drive,Jay Varner,2024-04-01T17:57:00,EU_ECtrDigitalScholarship_noShield_hz_bk.png,d3b0928c-8e5c-5f94-873b-cf91e4e97bf3
Google Drive,Jay Varner,2024-04-01T17:57:00,EU_ECtrDigitalScholarship_noShield_hz_280bk.png,ad7b1f21-0205-5cef-86ba-947da6d06d5c
Google Drive,Jay Varner,2024-04-01T17:57:00,EU_ECtrDigitalScholarship_noShield_hz_280.jpg,c057ffb1-a99e-5ec5-82cd-64e65a6cf14f
Google Drive,Jay Varner,2024-04-01T17:57:00,EU_ECtrDigitalScholarship_noShield_hz_bk.jpg,38d47e5d-6d21-5606-8f9d-738588ce2f1c
Google Drive,Jay Varner,2024-04-01T17:57:00,EU_ECtrDigitalScholarship_noShield_hz_280.png,3f783dc0-5da2-5408-85f6-dd05e099c8bf
Google Drive,Jay Varner,2024-04-01T17:57:00,EU_ECtrDigitalScholarship_noShield_hz_rv.png,9bb30a4e-1d07-513c-8ac9-5cd2ac42a10b
Google Drive,Jay Varner,2024-04-01T17:57:00,EU_ECtrDigitalScholarship_noShield_hz_280bk.jpg,06be9b2e-cda0-5bd5-9d83-ecde461c6236
Google Drive,Jay Varner,2024-04-05T16:02:49,shield,e7823dd2-36bc-5638-910f-b82656c52794
Google Drive,Jay Varner,2024-04-01T17:58:00,EU_ECtrDigitalScholarship_vt_bk.pdf,36661a80-ba7e-54e3-9279-e7c47dd33efe
Google Drive,Jay Varner,2024-04-01T17:58:00,EU_ECtrDigitalScholarship_vt_280bk.pdf,a3abd476-df1e-5ae2-9649-c065dec7007a
Google Drive,Jay Varner,2024-04-01T17:58:00,EU_ECtrDigitalScholarship_vt_280.eps,3a087b6e-432c-5035-8f4f-639675919b11
Google Drive,Jay Varner,2024-04-01T17:58:00,EU_ECtrDigitalScholarship_vt_rv.eps,b825cfa6-2d07-5e6c-91be-f64684460f5d
Google Drive,Jay Varner,2024-04-01T17:58:00,EU_ECtrDigitalScholarship_vt_bk.eps,a602085d-aae9-57c7-9df6-1052a5251eec
Google Drive,Jay Varner,2024-04-01T17:58:00,EU_ECtrDigitalScholarship_vt_280.pdf,e2bfbe80-2c98-5b73-898b-09ce2b02eb4c
Google Drive,Jay Varner,2024-04-01T17:58:00,EU_ECtrDigitalScholarship_vt_280bk.eps,b6603dc4-d145-5c25-9b6e-380945e4ce07
Google Drive,Jay Varner,2024-04-01T17:58:00,.DS_Store,5c74f893-465f-5154-9397-a9bd569ef927
Google Drive,Jay Varner,2024-04-01T17:58:00,EU_ECtrDigitalScholarship_vt_bk.jpg,8dac24cd-0497-59e8-9839-fb2254f8c29a
Google Drive,Jay Varner,2024-04-01T17:58:00,EU_ECtrDigitalScholarship_vt_280bk.jpg,670ef076-743d-56c4-98dd-91ddd0f02eae
Google Drive,Jay Varner,2024-04-01T17:58:00,EU_ECtrDigitalScholarship_vt_280.png,4d8a45b6-4776-5bf8-91ed-ec3c8f9de424
Google Drive,Jay Varner,2024-04-01T17:58:00,EU_ECtrDigitalScholarship_vt_280bk.png,83f2f4ec-2b6c-5cb9-8779-10d4d8e9f9ed
Google Drive,Jay Varner,2024-04-01T17:58:00,EU_ECtrDigitalScholarship_vt_bk.png,1e9b528b-f53d-5588-9ba5-409a0c052a13
Google Drive,Jay Varner,2024-04-01T17:58:00,EU_ECtrDigitalScholarship_vt_280.jpg,395ed9ae-2497-5cab-bafe-edacb64a4223
Google Drive,Jay Varner,2024-04-01T17:58:00,EU_ECtrDigitalScholarship_vt_rv.png,42a66b4a-3f2c-5cfd-8aef-d52b885dc91f
Google Drive,Jay Varner,2024-04-03T14:35:45,.DS_Store,0d08f2bf-e8ed-570e-ab7d-751e063bfaad
Google Drive,Jay Varner,2024-04-01T17:57:00,EU_ECtrDigitalScholarship_hz_280bk.png,41f7493b-1043-531b-ac28-c1ba721ef510
Google Drive,Jay Varner,2024-04-01T17:57:00,EU_ECtrDigitalScholarship_hz_bk.jpg,a4749924-c836-5e16-8ce4-b6bad90c8c24
Google Drive,Jay Varner,2024-04-01T17:57:00,EU_ECtrDigitalScholarship_hz_280.png,e296ed73-74ff-5d9b-a4dd-f119c84139ca
Google Drive,Jay Varner,2024-04-01T17:57:00,EU_ECtrDigitalScholarship_hz_280.jpg,d6dab17e-dafe-5e3b-b814-47c80b2a4c44
Google Drive,Jay Varner,2024-04-01T17:57:00,EU_ECtrDigitalScholarship_hz_280bk.jpg,071e05a6-b04b-5058-a237-57c262dc4491
Google Drive,Jay Varner,2024-04-01T17:57:00,EU_ECtrDigitalScholarship_hz_bk.png,c231a3be-16ed-5355-8e76-1d8dc1ad0b43
Google Drive,Jay Varner,2024-04-01T17:57:00,EU_ECtrDigitalScholarship_hz_rv.png,864fc731-4350-5fa1-9730-b736c9d9f348
Google Drive,Jay Varner,2024-04-01T17:57:00,EU_ECtrDigitalScholarship_hz_280bk.eps,950d3eee-72aa-5834-b0a7-b50870112874
Google Drive,Jay Varner,2024-04-01T17:57:00,EU_ECtrDigitalScholarship_hz_280.eps,34b85626-24af-578b-9b71-20575ac6e56e
Google Drive,Jay Varner,2024-04-01T17:57:00,EU_ECtrDigitalScholarship_hz_bk.pdf,65079f96-a7cf-576b-becd-83d54db6cb7d
Google Drive,Jay Varner,2024-04-01T17:57:00,EU_ECtrDigitalScholarship_hz_rv.eps,cbf06e8b-0e1e-52e2-81a1-ddd93ac020df
Google Drive,Jay Varner,2024-04-01T17:57:00,EU_ECtrDigitalScholarship_hz_bk.eps,89a4e7ec-ac86-535b-90bf-4cbc11db8de1
Google Drive,Jay Varner,2024-04-01T17:57:00,EU_ECtrDigitalScholarship_hz_280.pdf,9596ec2c-2858-5e33-a2d4-10cd254c65cd
Google Drive,Jay Varner,2024-04-01T17:57:00,EU_ECtrDigitalScholarship_hz_280bk.pdf,922affd3-8267-50bf-bd0b-fd323bd6950a
Google Drive,Jay Varner,2024-04-03T14:36:04,.DS_Store,a21e6ae4-832a-5f05-a045-797288181145
Google Drive,Jay Varner,2024-04-05T16:02:50,square,28ff4de1-2d83-5c1c-9098-4a3a3bb7d7c3
Google Drive,Jay Varner,2024-04-01T17:58:00,EU_ECtrDigitalScholarship_sq_rv.eps,909edbac-d84b-533f-89e2-cb44c9356db1
Google Drive,Jay Varner,2024-04-01T17:58:00,EU_ECtrDigitalScholarship_sq_bk.pdf,a5d1a39f-1c2d-5fc3-88e9-a42c4ca676de
Google Drive,Jay Varner,2024-04-01T17:58:00,EU_ECtrDigitalScholarship_sq_280bk.pdf,716a2315-6c47-5c72-936b-67fa3d47d2fe
Google Drive,Jay Varner,2024-04-01T17:58:00,EU_ECtrDigitalScholarship_sq_280bk.eps,3234bfd7-af5e-53a6-af30-e9813b1dadf6
Google Drive,Jay Varner,2024-04-01T17:58:00,EU_ECtrDigitalScholarship_sq_bk.eps,403d091e-5fd6-5bbd-b9c2-6548450fd624
Google Drive,Jay Varner,2024-04-01T17:57:00,EU_ECtrDigitalScholarship_sq_280.pdf,854dfd17-700a-594f-9224-37f30355ebbf
Google Drive,Jay Varner,2024-04-01T17:57:00,EU_ECtrDigitalScholarship_sq_280.eps,61c238e1-93af-5751-8d19-7d6070a90189
Google Drive,Jay Varner,2024-04-01T17:58:00,EU_ECtrDigitalScholarship_sq_280.jpg,939211f4-959c-5ffa-99ac-24d2a6576e34
Google Drive,Jay Varner,2024-04-01T17:58:00,EU_ECtrDigitalScholarship_sq_280bk.png,7942c1c0-2632-5d5e-b3cc-3d4711b9d65f
Google Drive,Jay Varner,2024-04-01T17:58:00,EU_ECtrDigitalScholarship_sq_280.png,9f00e42a-b69f-5ee0-bf18-7f41d5853b87
Google Drive,Jay Varner,2024-04-01T17:58:00,EU_ECtrDigitalScholarship_sq_280bk.jpg,2d6d0f33-dd43-5d96-8ee6-3bebd6cd575c
Google Drive,Jay Varner,2024-04-01T17:58:00,EU_ECtrDigitalScholarship_sq_bk.png,106bd389-9d52-5b41-be94-ecb9ef49cd2b
Google Drive,Jay Varner,2024-04-01T17:58:00,EU_ECtrDigitalScholarship_sq_bk.jpg,94b7b130-a60c-598a-a4a8-7fa88e8144d3
Google Drive,Jay Varner,2024-04-01T17:58:00,EU_ECtrDigitalScholarship_sq_rv.png,74e3e3dd-b6fe-56ff-b076-23b9fddbaeb9
Google Drive,Jay Varner,2024-04-03T14:35:51,.DS_Store,fff201c2-431d-59d4-aba3-214c859c777f
Google Drive,Jay Varner,2024-04-03T14:35:57,.DS_Store,023d947e-b9cb-5cb7-acd9-723be05f58e8
Google Drive,Jay Varner,2024-04-05T16:02:37,.DS_Store,88b325db-2255-5171-a0db-8e58dd0bc29d
Google Drive,Jay Varner,2024-04-01T13:58:06,EU_ECtrDigitalScholarship_pr1_HollyCrenshaw.pdf,7e95713b-e872-5e6b-ae15-cbc36d927e6d
Google Drive,Tanvi Sharma,2024-04-04T19:01:19,Book,0189e589-a459-5f4c-afa7-4e588a6675ce
Google Drive,Tanvi Sharma,2024-04-04T19:30:20,"Apr 4, 2024 | Data by Design book: All teams kick off",e3322c68-96c0-5d0e-8fd0-b585e07e936c
Google Drive,Lauren Klein,2024-04-04T18:41:01,DxD - Project Demo - Spring 2024,de83c114-bf6b-5c18-ab7e-95b10c7047f7
Google Drive,Tanvi Sharma,2024-04-02T17:29:47,About,f8d4a93c-1df0-5bcb-993a-1e0af6b5d707
Google Drive,Margy Adams,2025-12-01T17:30:50,About WIP 25 UPDATE,a05865e4-4a0e-539f-9b0f-05b5da99142e
Google Drive,Tanvi Sharma,2024-04-02T17:31:51,About,ead4abb7-bc2b-5d47-b490-072c688bdfc5
Google Drive,Lauren Klein,2024-03-18T17:33:20,2023 Team To Do Notes,ae0838aa-1e71-5681-8383-b6abb35a17aa
Google Drive,Lauren Klein,2024-01-16T18:38:47,Peer Review(s),e22d88bc-998c-5dde-b131-b06d02d57805
Google Drive,Lauren Klein,2025-11-11T16:47:42,Books/Acknowledgments from Open Peer Review,423f4b64-9f62-5aff-8b78-5fbd99560634
Google Drive,Lauren Klein,2025-07-10T19:05:15,post-review-dxd-ms,59e1298c-32f3-541e-aa3b-34b1803868dd
Google Drive,Lauren Klein,2024-06-20T15:23:13,Book Workshop 2 - Edited Transcript,1bc6aa2a-a8ff-5a67-a0ce-dd280fb78699
Google Drive,Lauren Klein,2024-06-17T22:24:38,dxd-ms-4-30-24,c907fe12-e67b-504f-a900-dc8217a996a8
Google Drive,Lauren Klein,2024-06-15T12:26:02,Book Workshop Part I - Edited Transcript,e457bd3b-8d0b-55c9-884b-8fc4b53c3259
Google Drive,Lauren Klein,2024-05-26T17:07:33,For Jason Forrest - copy of dxd-ms-4-30-24,eb3b1624-00cf-5322-bdb3-465738d5b2b4
Google Drive,Tanvi Sharma,2024-05-16T15:26:54,May review w Alberto Cairo,ccf9dc68-2ad3-5958-8f82-76abcca3d0cf
Google Drive,Tanvi Sharma,2023-10-02T17:06:13,DRS Paper,b1953919-5c71-523a-8566-87bc4317c7b7
Google Drive,Lauren Klein,2024-11-30T23:17:46,DH 2025 - Long Paper - 1500 words,d343e195-3057-563a-b48f-d00889bcdda1
Google Drive,Lauren Klein,2024-10-31T03:27:45,DRS2024 - Final Submission,9292cd32-f5dd-547c-8606-c3d5759fbb14
Google Drive,Tanvi Sharma,2024-10-31T00:48:37,Images,1ec52ad8-3afc-5cad-8764-a8845be30d96
Google Drive,Tanvi Sharma,2024-10-31T01:17:35,tempImagefyLBh8 1.png,5fb8afb1-294a-5cdb-ad5a-3670796dc449
Google Drive,Tanvi Sharma,2024-10-31T01:16:31,Screen Shot 2023-10-02 at 12.25.38 PM.png,c1616e55-5082-5134-bbf8-49a9f2966771
Google Drive,Tanvi Sharma,2024-10-31T01:16:29,Screen Shot 2023-10-02 at 12.22.47 PM.png,00149808-fa03-523a-8f73-7f097dc20217
Google Drive,Tanvi Sharma,2024-10-31T01:16:25,Screen Shot 2023-10-02 at 12.21.19 PM.png,984ad4f0-159c-5ebf-bbb4-31089fd8a438
Google Drive,Tanvi Sharma,2024-10-31T01:16:12,Screen Shot 2023-03-02 at 1.09 2.png,90788d06-ad53-58ac-9a73-6ddbd2d15f1d
Google Drive,Tanvi Sharma,2024-10-31T01:10:17,unnamed-2.png,6aefe10e-9913-5245-b2e6-b11e3ebdebf3
Google Drive,Tanvi Sharma,2024-10-31T01:09:41,Frame.png,5a7bbe72-cf18-5f67-aed7-743a072242ec
Google Drive,Tanvi Sharma,2024-10-31T01:09:41,image 29.png,361377b8-b605-5055-86a2-81ea12d214a6
Google Drive,Tanvi Sharma,2024-10-31T01:07:49,Screen Shot 2024-03-15 at 2.50 1.png,9b230afd-914e-5016-8583-2af80e103189
Google Drive,Tanvi Sharma,2024-10-31T01:07:02,unnamed.png,a3c09373-684f-5b86-a12d-009973e9ec97
Google Drive,Tanvi Sharma,2024-05-04T19:45:05,fisk-plate22sheet09.jpg,63648c45-0c62-5659-9d9a-c053d00fc8ec
Google Drive,Tanvi Sharma,2024-05-04T19:45:05,equiano-narrative.jpg,8ece7c27-ed5d-5326-b65c-b3e9b89cd124
Google Drive,Tanvi Sharma,2024-04-26T16:00:59,PLACEHOLDERquery2.jpg,8895cb3e-10f2-59e4-acaa-ce8d06c2ef01
Google Drive,Tanvi Sharma,2024-04-26T16:00:59,PLACEHOLDERquery.jpg,4fe5f1e7-e7f8-537c-bd62-13744ffebe3f
Google Drive,Tanvi Sharma,2024-04-26T16:00:59,PLACEHOLDERautobiography.jpg,53870b9e-6c60-5004-a1b5-befe61e4b0c9
Google Drive,Tanvi Sharma,2024-04-26T16:00:58,1-sof_slaveship.jpg,e5f9a4a3-d388-524a-90cb-4c5cceb5217f
Google Drive,Tanvi Sharma,2023-10-30T21:46:52,Frame 47.png,ddf0dde0-1339-5073-96e5-3b021da50f5c
Google Drive,Tanvi Sharma,2023-10-30T21:42:07,Screen Shot 2023-10-30 at 5.42.01 PM.png,41ce6f76-5860-547d-bdfd-554bee0b8fee
Google Drive,Tanvi Sharma,2023-10-30T16:32:23,REsistance.png,ba75ec40-7357-571e-b80f-0a1089bd9855
Google Drive,Tanvi Sharma,2023-10-23T22:42:50,image (5) 1.png,eaeb1c81-c805-55d1-b03a-3f7eaadcd31e
Google Drive,Tanvi Sharma,2023-10-22T03:10:53,chart 1.png,2f4b40d1-abc1-5cf1-bec3-8d0bc3497703
Google Drive,Tanvi Sharma,2023-10-02T17:24:27,Window.png,79b9ebb4-93ea-574b-b09d-d971f9078a4b
Google Drive,Tanvi Sharma,2023-10-02T17:20:42,All Voyages.png,1b8b0c6b-7798-5acf-a29b-b4c7d2ba752b
Google Drive,Tanvi Sharma,2023-10-02T17:16:01,Screen Shot 2023-03-20 at 3.55 1.png,123e826f-3693-5c71-8cd9-1f0a9ec6e299
Google Drive,Tanvi Sharma,2023-10-02T17:14:00,Screen Shot 2023-03-02 at 1.24 1.png,9f5f4f5c-3fbf-5284-895a-e7d1f472a985
Google Drive,Tanvi Sharma,2023-10-02T17:13:24,Screen Shot 2023-03-02 at 1.09 1.png,2ed65f1a-4695-550b-a33d-581bb16a9d25
Google Drive,Lauren Klein,2023-10-24T19:58:02,ALSO OLD - DO NOT EDIT - DRS2024 - Second Draft,6eb0b04b-33f4-55d1-8e0e-6c523a8e287f
Google Drive,Tanvi Sharma,2023-09-11T17:41:14,Social Media Documentation,84e93bf3-8e64-58e1-aff0-6515d48407d1
Google Drive,Tanvi Sharma,2023-09-11T17:51:59,animated-title.gif,5c42a0c7-53b4-51f7-a7c9-6a8bd39de04d
Google Drive,Tanvi Sharma,2023-09-11T17:51:48,playfair-on-mobile.gif,5fc3e205-11bc-5ae9-9e6c-f57ebe501821
Google Drive,Tanvi Sharma,2023-09-11T17:51:36,peabody-scrollytell.gif,4376232b-ffa7-5638-80a6-877e0417caf2
Google Drive,Tanvi Sharma,2023-09-11T17:51:24,timeline.gif,544c415a-2fe2-502b-a2c6-3726c4e311c8
Google Drive,Lauren Klein,2023-08-21T17:55:36,Furthermore docs,000089fd-8820-573c-a3a7-0eea6378bd74
Google Drive,Lauren Klein,2023-08-21T20:54:55,Other Information.pdf,1e573f6b-da97-5987-8de3-89458fb5b1ab
Google Drive,Lauren Klein,2023-08-21T20:54:19,Other Information,4b59ab7e-9f6b-5dc3-bd60-89d9b7845507
Google Drive,Lauren Klein,2023-08-21T19:42:01,Sample Illustrations.pdf,578f16e0-ee3f-5728-8012-24b8dddd90d1
Google Drive,Lauren Klein,2023-08-21T18:45:06,5-dubois-furthermore.pdf,abdaf289-07ae-58ba-8e51-e1220d9d4e09
Google Drive,Lauren Klein,2023-08-21T18:45:04,4-peabody-furthermore.pdf,ad1adff2-6bda-5673-9922-934c8cd128e1
Google Drive,Lauren Klein,2023-08-21T18:45:02,2-playfair-furthermore.pdf,20787d70-851c-5d97-a7e0-4df50dd3d7de
Google Drive,Lauren Klein,2023-08-21T18:44:40,Sample Text.pdf,8cf95c18-57e4-57c9-a297-9b7191ca6870
Google Drive,Lauren Klein,2023-08-21T17:57:49,Table of Contents.pdf,2026c290-6787-5185-b632-d4ea9e982759
Google Drive,Lauren Klein,2023-08-21T17:57:13,Table of Contents,db247650-a0f9-54a3-a5be-156c82d2dd86
Google Drive,Lauren Klein,2023-08-21T17:55:12,Publication Description.pdf,4dba6753-8a61-5dc0-b18e-43698f741b85
Google Drive,Lauren Klein,2023-06-06T17:55:52,Extra Pages,cfe652a6-838a-58bd-b0aa-a2b56c7fc30e
Google Drive,Lauren Klein,2023-06-06T17:56:26,Extra pages to create,f3ad0fe2-7a9e-538e-b93e-45152fd99fa5
Google Drive,Lauren Klein,2023-03-22T14:58:05,Credits text,5e7fe995-a46e-5046-9d74-2c7de5921dda
Google Drive,Lauren Klein,2023-03-07T18:04:37,Chapter 0 - Intro,26d37e40-937f-5f5f-9747-764490b3e94a
Google Drive,Lauren Klein,2025-05-28T18:07:45,DxD - OLD - Overall Project Outline,b46c8cd3-9739-5301-9fa5-8bd7e6b28fd9
Google Drive,Lauren Klein,2024-04-19T14:24:09,Intro - Feb 2024 Draft,c4ab58db-5fe6-5b28-b4f4-219fd14d5b80
Google Drive,Lauren Klein,2024-02-20T16:37:58,images,420b472d-a0c4-5aa7-a53e-c296aaccff29
Google Drive,Lauren Klein,2024-02-21T19:14:58,TAST-3.png,3efb61c7-57d0-536e-be55-bf7c6f239c10
Google Drive,Lauren Klein,2024-02-21T19:14:57,TAST-2.png,c161a401-1260-5723-8c6f-d5957cbe8afb
Google Drive,Lauren Klein,2024-02-21T19:14:55,TAST-1.png,e75dbde8-e69a-50ca-831d-0efb22d01f12
Google Drive,Lauren Klein,2024-02-19T19:55:27,13-PLACEHOLDER-TAST.png,439598fe-1d03-5d7d-ab72-bb40af4265ad
Google Drive,Lauren Klein,2024-02-19T19:32:22,11-PLACEHOLDER-ledger2.png,a6cc2bfe-3ced-5ae1-a378-dbf9638af3d9
Google Drive,Lauren Klein,2024-02-19T19:32:13,10-PLACEHOLDER-ledger1.png,f89f62c8-ef0e-5509-98ea-754483f25b37
Google Drive,Lauren Klein,2024-02-19T19:23:15,9-teozacoalco.jpeg,bcec9cec-f130-5f11-8eba-14b0edb2dc6f
Google Drive,Lauren Klein,2024-02-19T19:14:42,9-PLACEHOLDER-teozacoalco.webp,2a5c4d4c-dc46-5c1d-9fde-0b245c7c13f8
Google Drive,Lauren Klein,2024-02-19T19:08:34,"8-Edmond_Halley's_map_of_the_trade_winds,_1686.jpeg",4818b2f9-67bf-5d09-b8b2-341f68724307
Google Drive,Lauren Klein,2024-02-19T19:01:58,7-1786_Playfair_-_1_Chart_of_all_the_import_and_exports_to_and_from_England_from_the_year_1700_to_1782.jpg,c97c26e2-785b-5fac-a6a7-56738790bb23
Google Drive,Lauren Klein,2024-02-19T18:57:49,6-PLACEHOLDER-lambert.gif,6505b6cf-1abe-5b5d-8652-66a9845f044a
Google Drive,Lauren Klein,2024-02-19T17:06:03,5-plot-images-need-to-merge.pdf,94d11ede-de9e-5397-96a9-205385507f85
Google Drive,Lauren Klein,2024-02-19T16:54:29,4-oresme.jpg,44e1afd0-16b2-58cc-8a52-84db3c70d8b1
Google Drive,Lauren Klein,2024-02-19T16:49:47,3-PLACEHOLDER-anonymous.jpg,19580f63-c63d-5618-92cf-fab4c261c908
Google Drive,Lauren Klein,2024-02-19T16:37:24,4-PLACEHOLDER-oresme.jpg,2ac195da-43b9-592d-9be0-da2cd68a8820
Google Drive,Lauren Klein,2024-02-19T14:53:43,1-Carte_figurative_des_pertes_successives_[...]Minard_Charles-Joseph_btv1b52504201x_1.jpeg,9d17aece-4474-5ea9-9368-b3c5e57fb169
Google Drive,Lauren Klein,2024-02-19T14:35:10,Old drafts,c2ca430f-8b61-548c-b621-f72660739f35
Google Drive,Lauren Klein,2024-02-12T18:18:24,intro-working-draft-feb-12,8673e14f-3da2-5c42-94af-5e3193e46b80
Google Drive,Lauren Klein,2023-10-28T20:59:15,Intro outline 3 - Oct 2023,0f747729-99aa-51a8-a375-2321820a745f
Google Drive,Lauren Klein,2023-10-25T17:38:29,Revised intro outline 2 - May 2023,3d0a71d0-4f22-5bb7-9edf-723743d12258
Google Drive,Lauren Klein,2023-06-09T15:30:41,Revised intro outline - May 2023,56cd8ee1-7011-5f91-87b6-e385b9a6458b
Google Drive,Lauren Klein,2023-03-09T18:41:38,intro draft,a2176191-c3c6-519d-8eea-eafde3b0717d
Google Drive,Lauren Klein,2023-10-27T16:21:48,abstract,d7722f62-32ea-5150-80df-bdf1e8131219
Google Drive,Lauren Klein,2023-02-20T20:32:29,MITP Contract,25eabc17-9224-5df0-8f83-15f9c3f2efeb
Google Drive,Lauren Klein,2023-06-12T20:35:48,Complete_with_DocuSign_CO_Klein_Data_MVL_LK_.pdf,d8c369bb-351f-5244-9f27-28d343c51186
Google Drive,Lauren Klein,2023-02-26T17:45:09,Addresses for MITP contract,956c9577-8e74-5903-9fbf-f92e28d331b2
Google Drive,Tanvi Sharma,2023-01-13T16:09:18,Onboarding for Shiyao,89c9c788-9855-577a-a071-30c4bff8627e
Google Drive,Tanvi Sharma,2023-01-13T15:42:15,Chapter 6 - Labour,cb0b7f78-138f-59a8-b909-46ffa994f48a
Google Drive,Lauren Klein,2025-12-10T22:06:00,DxD People,f79a30c2-10af-5740-8a6f-56b48d537a6d
Google Drive,Lauren Klein,2025-09-05T20:57:03,Labor - July 25 - final,4a8425e2-0453-56e5-a45e-b6e4689513c2
Google Drive,Lauren Klein,2025-08-26T15:41:37,OLD - DO NOT USE - Labor Rewrite July - LK edit,4b72f52f-032e-58fb-800e-e637b8987111
Google Drive,Lauren Klein,2025-08-26T15:26:47,Copy of Labor Rewrite July - LK edit,81dda9bb-ee88-5dd2-890e-056f786ef3bd
Google Drive,Tanvi Sharma,2025-08-20T16:25:24,Labor Rewrite July,1a3022c5-e85c-5b13-8dd5-f536b7bf2d94
Google Drive,Tanvi Sharma,2024-04-01T16:38:18,Labour final vis ideas doc,66fb7fab-76f3-5c05-ab9c-283f2935d58f
Google Drive,Lauren Klein,2023-10-05T15:50:32,Labor outline,fcfd4a52-082b-5213-b84c-c515e67c9291
Google Drive,Shiyao Li,2023-10-05T14:41:26,DxD Labor Chapter Metadata,f6f66cfe-9eb7-5fd4-b813-2a17d74ac198
Google Drive,Tanvi Sharma,2022-07-24T18:04:32,1910-student-responses.csv,c5dd5fe0-c11d-5b07-a969-17e286c8f8fa
Google Drive,Tanvi Sharma,2022-07-22T20:42:25,[Chart 2] 1909-1910-college-grads.csv,73676489-5cde-536d-88cb-8b6b8bc29237
Google Drive,Tanvi Sharma,2022-07-22T20:41:30,[Chart 1] 1898-1899-all-grads.csv,cebd3689-fb22-5513-b439-b7599184ff51
Google Drive,Tanvi Sharma,2022-07-21T14:55:53,Fonts,3c87154b-6114-5736-b5a3-949a4ab436e7
Google Drive,Tanvi Sharma,2022-08-02T14:40:17,Desktop,5a97071e-5521-53f1-a3e2-9d7db4d00973
Google Drive,Tanvi Sharma,2022-08-02T14:40:18,TTF,80c6619d-885c-5907-a5a4-3a9c245ee71b
Google Drive,Tanvi Sharma,2022-08-02T14:40:18,Upright,b862558b-fa8c-5e15-b49f-9f34b8588731
Google Drive,Tanvi Sharma,2021-08-04T00:30:55,VTCDuBoisTrial-RegularWide.ttf,1bd74d50-2cd4-593b-9e4e-86494f4d2d2c
Google Drive,Tanvi Sharma,2021-08-04T00:30:55,VTCDuBoisTrial-Bold.ttf,805e5579-7823-554b-8882-cbccbc37a1fc
Google Drive,Tanvi Sharma,2021-08-04T00:30:55,VTCDuBoisTrial-BoldNarrow.ttf,55ad44c4-008b-5ea2-8a5c-ab2116388bd8
Google Drive,Tanvi Sharma,2021-08-04T00:30:55,VTCDuBoisTrial-RegularNarrow.ttf,79916154-190c-5572-8406-5b7d50fd98f9
Google Drive,Tanvi Sharma,2021-08-04T00:30:54,VTCDuBoisTrial-Light.ttf,8fdd3db5-3ce1-5f90-95cc-2705470be995
Google Drive,Tanvi Sharma,2021-08-04T00:30:54,VTCDuBoisTrial-BoldWide.ttf,4a63c64d-f70c-5dc2-86c0-e8caadb9004c
Google Drive,Tanvi Sharma,2021-08-04T00:30:54,VTCDuBoisTrial-Regular.ttf,39c7e82e-c4b7-5810-88f2-a341805b39c9
Google Drive,Tanvi Sharma,2021-08-04T00:30:54,VTCDuBoisTrial-LightNarrow.ttf,1da90285-f2ed-56a4-9f5d-6be1ed3e0417
Google Drive,Tanvi Sharma,2021-08-04T00:30:54,VTCDuBoisTrial-LightWide.ttf,a093bc4e-9e4c-55d8-bbdc-57f86a018322
Google Drive,Tanvi Sharma,2021-08-04T00:29:47,.DS_Store,a826f2fd-42b5-5762-9838-43bdd0eaac83
Google Drive,Tanvi Sharma,2022-07-20T19:13:50,.DS_Store,d27d8b74-cbbe-54fd-87a5-de3bf3493529
Google Drive,Tanvi Sharma,2022-08-02T14:40:18,OTF,eef26934-825d-5e59-bd55-bb8b16eca51b
Google Drive,Tanvi Sharma,2022-08-02T14:40:18,Italic,a27e6978-930a-56ad-a713-c8ac12105a66
Google Drive,Tanvi Sharma,2022-07-20T19:19:14,VTCDuBois-BoldItalicNarrow.otf,11828646-6d46-5af5-8d85-219825088c8d
Google Drive,Tanvi Sharma,2022-07-20T19:19:10,VTCDuBois-BoldItalic.otf,884497f0-7354-5666-a14e-24f12a78e45b
Google Drive,Tanvi Sharma,2022-08-02T14:40:18,RItalic,d3091078-e25e-511d-a2a4-c733ab72b72a
Google Drive,Tanvi Sharma,2022-07-20T19:17:13,VTCDuBois-Ritalic.otf,b38ce9ae-bc3a-5f20-b7ff-f98f9dcabdf9
Google Drive,Tanvi Sharma,2022-07-20T19:15:55,VTCDuBois-RItalicNarrow.otf,686dfa0f-a3be-50b8-9e32-85a6057413ca
Google Drive,Tanvi Sharma,2022-07-20T19:15:53,VTCDuBois-RitalicWide.otf,f7e12580-a39a-524a-9b9a-ea3fcf9b22da
Google Drive,Tanvi Sharma,2022-07-20T19:14:17,VTCDuBois-LightRItalicWide.otf,abe5f8fd-8b10-54ec-9139-4db95cfcbbb5
Google Drive,Tanvi Sharma,2022-07-20T19:14:16,VTCDuBois-LightRItalicNarrow.otf,a9169f7b-4e88-57cd-92d1-3f64b000abbc
Google Drive,Tanvi Sharma,2022-07-20T19:14:15,VTCDuBois-LightRitalic.otf,6e831472-ad8a-51bf-93e8-5ef7edb42e6e
Google Drive,Tanvi Sharma,2022-07-20T19:14:14,VTCDuBois-BoldRItalicNarrow.otf,623a8825-7818-5f7b-ab7c-ebb8a68e3e0e
Google Drive,Tanvi Sharma,2022-07-20T19:14:14,VTCDuBois-BoldRitalicWide.otf,e1771b0a-8679-5852-bade-f726b5018539
Google Drive,Tanvi Sharma,2022-07-20T19:14:12,VTCDuBois-BoldRitalic.otf,fcffe4b9-62f7-50c2-bff1-7906e990fe0f
Google Drive,Tanvi Sharma,2022-06-23T19:58:27,VTCDuBois-Bold.otf,f89de663-6ead-5012-8911-79a404ece896
Google Drive,Tanvi Sharma,2022-06-23T19:58:23,.DS_Store,fb47a247-91b2-5e37-95c4-9ac15805a15b
Google Drive,Tanvi Sharma,2022-06-23T19:57:41,VTCDuBois-BoldWide.otf,c1b0ddd4-5100-5cb1-865a-76fb0c3dc7c5
Google Drive,Tanvi Sharma,2022-06-23T19:57:34,VTCDuBois-BoldNarrow.otf,0826f28a-18a5-5da7-a8bc-db20585ef031
Google Drive,Tanvi Sharma,2022-06-23T19:57:31,VTCDuBois-LightNarrow.otf,fbc717f3-4a99-542f-98c9-7bb2d307e368
Google Drive,Tanvi Sharma,2022-06-23T19:57:30,VTCDuBois-Light.otf,b41bd652-3ca7-5dcd-bd19-fa46f97d48b3
Google Drive,Tanvi Sharma,2022-06-23T19:57:27,VTCDuBois-LightWide.otf,0aa9e51f-4626-58f7-8bfd-3bd676fe167e
Google Drive,Tanvi Sharma,2022-06-23T19:57:27,VTCDuBois-RegularNarrow.otf,763c10ba-b48c-503f-abd6-d88a0c1fd12a
Google Drive,Tanvi Sharma,2022-06-23T19:56:27,VTCDuBois-RegularWide.otf,085958f9-489f-5e2a-b1a6-501ed311ced7
Google Drive,Tanvi Sharma,2022-06-23T19:49:52,VTCDuBois-Regular.otf,5f322417-d5f2-5f96-b70a-b064948d8504
Google Drive,Tanvi Sharma,2022-07-20T19:37:15,.DS_Store,0f3521c9-eefa-5f7f-adf4-dab19fe7206f
Google Drive,Tanvi Sharma,2022-07-20T19:15:26,.DS_Store,e0be9865-05b7-503b-8e19-c3618fb70439
Google Drive,Tanvi Sharma,2022-07-21T14:56:24,VTC Du Bois Webfont,294ffd74-5de0-5efd-85c3-ce327551b4a2
Google Drive,Tanvi Sharma,2022-07-21T14:56:25,Italic,2b82e3e5-778f-5c64-98ba-cf35bc916b5e
Google Drive,Tanvi Sharma,2021-06-25T13:50:24,VTCDuBois-ItalicNarrow.woff2,4dec7e9a-e427-551a-958b-9c452711681b
Google Drive,Tanvi Sharma,2021-06-25T13:50:24,VTCDuBois-BoldItalicNarrow.woff2,cdb5a832-11b6-5ff3-a42c-ef654ed7d825
Google Drive,Tanvi Sharma,2021-06-25T13:50:24,VTCDuBois-LightItalicWide.woff2,74ad3644-c225-5daf-8516-0dc8e32a0dc3
Google Drive,Tanvi Sharma,2021-06-25T13:50:24,VTCDuBois-BoldItalic.woff2,5d89742f-f3f4-5506-99e0-95575e429466
Google Drive,Tanvi Sharma,2021-06-25T13:50:24,VTCDuBois-ItalicWide.woff2,d98018be-dd24-5da3-a04d-1758f352e6ff
Google Drive,Tanvi Sharma,2021-06-25T13:50:24,VTCDuBois-BoldItalicWide.woff2,ea33c057-9e53-551e-ae64-b633e83d9e72
Google Drive,Tanvi Sharma,2021-06-25T13:50:23,VTCDuBois-LightItalicNarrow.woff2,1ded6f1f-0282-5551-b7ea-42c5e0dea161
Google Drive,Tanvi Sharma,2021-06-25T13:50:23,VTCDuBois-Italic.woff2,935fb12d-ea30-577d-8800-d9843151c960
Google Drive,Tanvi Sharma,2021-06-25T13:50:22,VTCDuBois-LightItalic.woff2,825f42ea-8274-5114-8b0d-dad7524b5d47
Google Drive,Tanvi Sharma,2021-06-25T13:50:22,VTCDuBois-ItalicNarrow.woff,113d5897-268b-59ed-8a3c-6dea626d4746
Google Drive,Tanvi Sharma,2021-06-25T13:50:21,VTCDuBois-ItalicWide.woff,e3d3693f-379a-5908-8c06-5293ebd50653
Google Drive,Tanvi Sharma,2021-06-25T13:50:21,VTCDuBois-BoldItalicWide.woff,d2d09b21-9f04-5646-a5b5-d3994108a557
Google Drive,Tanvi Sharma,2021-06-25T13:50:21,VTCDuBois-BoldItalic.woff,c7c68c92-f1f0-59f4-a8d1-cb05ade9cc13
Google Drive,Tanvi Sharma,2021-06-25T13:50:21,VTCDuBois-LightItalicNarrow.woff,cb7a6f9a-0fa7-534c-9d2a-623c0b09a925
Google Drive,Tanvi Sharma,2021-06-25T13:50:21,VTCDuBois-LightItalicWide.woff,65352629-1f15-55e8-a171-26fc29857192
Google Drive,Tanvi Sharma,2021-06-25T13:50:21,VTCDuBois-BoldItalicNarrow.woff,0ee7ea05-519c-56f0-b77e-f46834e9432d
Google Drive,Tanvi Sharma,2021-06-25T13:50:20,VTCDuBois-LightItalic.woff,839ce020-ecd6-53e4-afa9-9ff89b52a091
Google Drive,Tanvi Sharma,2021-06-25T13:50:20,VTCDuBois-Italic.woff,65b5951d-0c29-5fa1-8d85-a37438a6634e
Google Drive,Tanvi Sharma,2021-06-18T21:51:12,.DS_Store,ad563bef-664f-5eda-9b5d-e8cbe6d44fb0
Google Drive,Tanvi Sharma,2022-07-21T14:56:25,Upright,a280983d-cfdf-5fd0-b684-1d2862ef910e
Google Drive,Tanvi Sharma,2021-06-25T13:55:10,VTCDuBois-RegularWide.woff2,311f1bf9-0283-531f-9577-da8f72d7bbfd
Google Drive,Tanvi Sharma,2021-06-25T13:55:10,VTCDuBois-BoldWide.woff2,f4600e41-418b-58b6-91ea-85b57cf31ad1
Google Drive,Tanvi Sharma,2021-06-25T13:55:10,VTCDuBois-BoldNarrow.woff2,036bce28-bd93-53b7-9957-102922bdfe1e
Google Drive,Tanvi Sharma,2021-06-25T13:55:09,VTCDuBois-Regular.woff2,5713b163-cc0c-53d2-950b-991e67f86ebe
Google Drive,Tanvi Sharma,2021-06-25T13:55:09,VTCDuBois-RegularNarrow.woff2,8ec47041-9c46-59aa-ac65-f5168752aebf
Google Drive,Tanvi Sharma,2021-06-25T13:55:09,VTCDuBois-Bold.woff2,79f3773c-b0f3-50c4-8b0b-239450fd690d
Google Drive,Tanvi Sharma,2021-06-25T13:55:09,VTCDuBois-LightWide.woff2,2b276aaf-f660-5247-8d5a-212fbac244c6
Google Drive,Tanvi Sharma,2021-06-25T13:55:09,VTCDuBois-Light.woff2,a014c4b3-1a8e-5ab4-8d25-11c1e2e86a48
Google Drive,Tanvi Sharma,2021-06-25T13:55:08,VTCDuBois-LightNarrow.woff2,cd16205a-3a96-5ecc-8b0b-759675e5ee2f
Google Drive,Tanvi Sharma,2021-06-25T13:55:07,VTCDuBois-BoldNarrow.woff,d60a59a1-5a8b-5123-9cc8-6e8b0ac39f70
Google Drive,Tanvi Sharma,2021-06-25T13:55:06,VTCDuBois-RegularWide.woff,cdf28338-8572-500b-89cb-5b9e33dde1d6
Google Drive,Tanvi Sharma,2021-06-25T13:55:06,VTCDuBois-BoldWide.woff,79d10cc8-2fb6-51a6-9cca-0c57d02b6e17
Google Drive,Tanvi Sharma,2021-06-25T13:55:05,VTCDuBois-Regular.woff,dd723495-3233-53ed-b5cd-d5973b0fb57f
Google Drive,Tanvi Sharma,2021-06-25T13:55:05,VTCDuBois-LightWide.woff,a1b6d185-3c12-579d-a365-21c05e13d435
Google Drive,Tanvi Sharma,2021-06-25T13:55:05,VTCDuBois-Bold.woff,dc323f15-202b-5381-bd32-9bcd024450b7
Google Drive,Tanvi Sharma,2021-06-25T13:55:05,VTCDuBois-RegularNarrow.woff,dfd22121-e6ca-579c-b80e-2a2d6ce4b82c
Google Drive,Tanvi Sharma,2021-06-25T13:55:05,VTCDuBois-Light.woff,2347f79a-d7f5-5f06-9b71-23832ad220b9
Google Drive,Tanvi Sharma,2021-06-25T13:55:04,VTCDuBois-LightNarrow.woff,a9a2bbaf-c5cb-5cad-abfe-56d8dd772f02
Google Drive,Tanvi Sharma,2021-06-18T21:50:22,.DS_Store,2f5075a1-4684-5601-b01f-e0130c8da104
Google Drive,Tanvi Sharma,2022-07-21T14:56:25,Ritalic,ea08d016-4c23-5640-899d-6c4fabd2c551
Google Drive,Tanvi Sharma,2021-06-25T13:51:09,VTCDuBois-RItalicNarrow.woff2,edf8ad0e-bb15-5bb1-ac98-66cc6e3dc347
Google Drive,Tanvi Sharma,2021-06-25T13:51:09,VTCDuBois-Ritalic.woff2,ba2929a3-8e20-53a5-8577-618e898cd7dc
Google Drive,Tanvi Sharma,2021-06-25T13:51:09,VTCDuBois-BoldRitalicWide.woff2,fb157ee0-18fd-540b-8b79-d0ee1c3cebde
Google Drive,Tanvi Sharma,2021-06-25T13:51:09,VTCDuBois-BoldRItalicNarrow.woff2,6e360c08-3227-5ef7-8eaf-41dd23e63bee
Google Drive,Tanvi Sharma,2021-06-25T13:51:08,VTCDuBois-RitalicWide.woff2,91c44734-e4f9-5011-b11f-c4041b5211fa
Google Drive,Tanvi Sharma,2021-06-25T13:51:08,VTCDuBois-BoldRitalic.woff2,d38fadf9-102c-5238-a6a0-166f50813baa
Google Drive,Tanvi Sharma,2021-06-25T13:51:08,VTCDuBois-LightRitalic.woff2,ab40079a-d55b-5853-9a41-6211ed30712b
Google Drive,Tanvi Sharma,2021-06-25T13:51:07,VTCDuBois-BoldRitalicWide.woff,8e91ef87-9ef9-522e-9902-1e5487001e24
Google Drive,Tanvi Sharma,2021-06-25T13:51:07,VTCDuBois-LightRItalicWide.woff2,2c0df443-5300-5041-b264-39d7404f8016
Google Drive,Tanvi Sharma,2021-06-25T13:51:07,VTCDuBois-LightRItalicNarrow.woff2,a0b3ab84-adcb-50ea-8518-b6c5d1bc5149
Google Drive,Tanvi Sharma,2021-06-25T13:51:06,VTCDuBois-Ritalic.woff,a11fb0d6-7289-5527-b51d-14eec122930b
Google Drive,Tanvi Sharma,2021-06-25T13:51:06,VTCDuBois-LightRitalic.woff,9924d4ee-4252-5892-a7dd-6a45a05e4b67
Google Drive,Tanvi Sharma,2021-06-25T13:51:06,VTCDuBois-RItalicNarrow.woff,0271c111-37bc-576f-891a-d4175a0312b1
Google Drive,Tanvi Sharma,2021-06-25T13:51:06,VTCDuBois-BoldRItalicNarrow.woff,aa670283-6802-543c-96b0-4c30ad1c0083
Google Drive,Tanvi Sharma,2021-06-25T13:51:05,VTCDuBois-LightRItalicNarrow.woff,b9e6db1f-e281-5dfc-ab54-2ecdae3ace4e
Google Drive,Tanvi Sharma,2021-06-25T13:51:05,VTCDuBois-BoldRitalic.woff,c96829c6-240f-52d7-be0b-5d41d1098995
Google Drive,Tanvi Sharma,2021-06-25T13:51:05,VTCDuBois-LightRItalicWide.woff,dfcea246-20e6-5d75-8707-8734339bfa6c
Google Drive,Tanvi Sharma,2021-06-25T13:51:05,VTCDuBois-RitalicWide.woff,b4954a72-086e-59d2-ba3a-d986f2cc706a
Google Drive,Tanvi Sharma,2021-06-18T21:51:17,.DS_Store,8914b77e-4329-5b2f-b7fa-2a6fbb98360a
Google Drive,Tanvi Sharma,2022-07-21T14:56:25,Desktop,aca663f5-2178-524e-a3ca-cca35e7af626
Google Drive,Tanvi Sharma,2022-07-21T14:56:26,OTF,c7dee03f-6c32-5a9f-81bc-277b5290981c
Google Drive,Tanvi Sharma,2022-07-21T14:56:28,RItalic,68ce9e3e-d011-5071-9591-14a79680df26
Google Drive,Tanvi Sharma,2022-07-21T14:56:28,Upright,8c472929-99f9-5a67-9593-604a1708e610
Google Drive,Tanvi Sharma,2022-07-21T14:56:27,Italic,f9406510-2179-53c2-909a-8340e3964f96
Google Drive,Tanvi Sharma,2022-07-21T14:56:26,TTF,04e5b7a4-4556-58a6-8f55-830f4d44b135
Google Drive,Tanvi Sharma,2022-07-20T19:14:53,.DS_Store,c2500a44-5dc1-59e3-8592-2880568cf945
Google Drive,Lauren Klein,2022-07-20T18:08:28,Chapter 3 - Shanawdithit,4f0f7354-b4d8-5384-88e2-967fb97eca8c
Google Drive,Tanvi Sharma,2025-10-02T18:00:52,Map Illustration,0d161a13-aab4-5e88-a9ca-a442d1098a1a
Google Drive,Tanvi Sharma,2025-11-29T16:01:45,Map Illustrations,cc9bb9b6-1d4d-5643-8bee-d6c1559e0e09
Google Drive,Lauren Klein,2024-04-07T00:18:01,3-shanawdithit-mar23,7e5d7bd6-c0c9-525a-a44e-07aa2e704bf6
Google Drive,Tanvi Sharma,2023-10-05T19:05:25,Maps final vis ideas doc,31f4d2e5-f1f4-5329-b8f5-336ba30827c0
Google Drive,Lauren Klein,2023-09-26T13:23:23,final images,1cb4eecc-9c21-5735-80df-c797861300cb
Google Drive,Lauren Klein,2023-09-26T17:20:40,birch-bark-1841.jpg,139e95fd-6fff-5352-852a-fc245eb9f26b
Google Drive,Lauren Klein,2023-09-26T13:20:58,older images,c4dc6595-d91d-5a7a-864f-50cbc076dd7b
Google Drive,Lauren Klein,2023-08-31T13:23:17,caldas-1803-2.jpeg,c7dae3db-3c00-523c-844f-88ee5a75f3b1
Google Drive,Lauren Klein,2023-08-29T18:10:33,willard9.jpeg,07ac67da-1a3e-5890-a20d-0e0e27350cd2
Google Drive,Lauren Klein,2023-08-29T18:08:49,willard-seat.jpeg,a1af84c2-4283-528c-b6a8-8bb8d30f7830
Google Drive,Lauren Klein,2023-08-29T18:07:51,willard8.jpeg,430daf30-bf34-5233-8057-5163cc0c58bf
Google Drive,Lauren Klein,2023-08-29T18:07:32,willard7.jpeg,3013f189-3923-57f0-91a1-dd63e86d8365
Google Drive,Lauren Klein,2023-08-29T18:06:09,willard6.jpeg,34f9327b-335d-55ab-9e9e-996977929287
Google Drive,Lauren Klein,2023-08-29T18:05:46,willard5.jpeg,33cd1b13-01ab-5425-96d3-43fae7444d26
Google Drive,Lauren Klein,2023-08-29T18:05:24,willard4.jpeg,af1e56d7-c98b-5106-ad32-0be3cc70785e
Google Drive,Lauren Klein,2023-08-29T18:04:57,willard3.jpeg,9cb8bff2-3965-5af8-9b32-7e13296c8686
Google Drive,Lauren Klein,2023-08-29T18:04:36,willard1.jpeg,2a0976fd-53ab-5fe0-8e00-a3aa125633f9
Google Drive,Lauren Klein,2023-08-29T18:04:20,willard2.jpeg,b9480312-eda1-5cd0-9793-c13ecdfdfd84
Google Drive,Lauren Klein,2023-08-29T18:01:22,willard0.jpg,ec07dc09-c0e6-5ff2-9f59-48272a7910b9
Google Drive,Lauren Klein,2023-08-29T16:41:10,fidler-large-HBCA-E3-2-225.jpeg,41aad5a7-51af-500c-8d30-2559e978c193
Google Drive,Lauren Klein,2023-08-29T16:20:44,sarah sense BirchBark 400px.jpg,668fec05-13b3-5eda-8e50-b0fd5f7321a4
Google Drive,Lauren Klein,2023-08-29T16:20:18,birchbark-map-1841.jpeg,ba2c4491-0231-59f9-84f6-5a3072c96d3f
Google Drive,Lauren Klein,2023-08-29T16:19:53,fidler map.jpeg,030cda8b-1e01-57d6-8884-dadee64e4de0
Google Drive,Lauren Klein,2023-08-21T18:55:49,caldas-1803-1.jpeg,43c6c29a-7ca8-5476-8bab-983896293c03
Google Drive,Lauren Klein,2023-07-12T14:37:44,howley-sketch-6-7.pdf,e9a6a0b7-7945-57b6-a6fc-28cbf220a4b3
Google Drive,Lauren Klein,2023-07-12T14:19:31,howley sketch 8.pdf,1b691668-d7d9-523b-83fd-9bf449dcfcf0
Google Drive,Lauren Klein,2023-07-12T13:45:07,howley-sketch9-10.pdf,2da3b35c-20aa-5513-bbd1-66ee86c9cc16
Google Drive,Lauren Klein,2023-07-12T13:05:26,howley-sketch3.pdf,6aade752-61f6-5a87-8843-1c0d3803f441
Google Drive,Lauren Klein,2023-07-11T15:32:45,sketch4-original.jpeg,3ed65eef-739c-5880-8b37-2b536040436e
Google Drive,Lauren Klein,2023-07-11T15:13:06,howley-sketch4.pdf,55d9a0aa-5264-5828-8101-9f6e4dcc450a
Google Drive,Lauren Klein,2023-07-11T14:24:26,howley-sketch1.pdf,146d2856-7975-50ec-8772-b84bcad16166
Google Drive,Lauren Klein,2023-07-11T13:48:01,howley-sketch2.pdf,37a72435-408b-587a-a901-312de5ec6d4d
Google Drive,Lauren Klein,2023-07-11T13:16:59,howley-sketch5.pdf,cf9525ad-b25c-5b15-b7be-3d0e24dc2e96
Google Drive,Lauren Klein,2023-06-14T14:56:20,Demasduit.jpg,e22bcf0a-d382-582e-ad94-f1818ecea6c8
Google Drive,Lauren Klein,2023-06-14T14:50:49,willard-picture of nations.png,3600040d-9800-53fb-ac49-a06320ea2a5a
Google Drive,Lauren Klein,2023-05-31T18:18:55,caldas-1803-2.webp,101131fb-3e41-5d2e-8a8d-f491ba60c587
Google Drive,Lauren Klein,2023-05-31T18:18:39,caldas-1803-1.webp,c8b970a3-c269-5d9a-a04b-c219993b5d61
Google Drive,Lauren Klein,2023-05-31T18:17:56,humboldt-1803-sketch.webp,d2032af5-38e5-5fce-aa5c-b471adba88ac
Google Drive,Lauren Klein,2023-05-31T18:00:32,Geographie_der_Pflanzen_in_den_Tropen-Ländern.jpg,d88d4774-ef29-5319-8a0d-e63bfc6fcdf4
Google Drive,Lauren Klein,2023-05-31T17:33:59,willard-intro-map.jpg,d7da799a-2ee0-50ab-af6f-dc8613b57ea5
Google Drive,Lauren Klein,2023-05-31T17:31:16,Willard_Aboriginal_Tribes.jpg,023c3911-ce10-558c-bd8e-b5bea00d6439
Google Drive,Lauren Klein,2023-05-25T16:14:14,sketch-viii-original.jpeg,eda02918-0313-5270-b7e7-cec5bd6d8099
Google Drive,Lauren Klein,2023-05-25T16:13:55,sketch10-original.jpeg,f1332271-bebc-5510-bfbc-66b3faa916e0
Google Drive,Lauren Klein,2023-05-25T16:12:53,sketch5-original.jpeg,14c7d01b-71ff-5653-9726-2ac1f2467453
Google Drive,Lauren Klein,2023-05-25T16:12:44,sketch3-original.jpeg,80118ff4-0d08-570e-918e-ee51e5a5f641
Google Drive,Lauren Klein,2023-05-25T16:11:56,sketch1-original.jpeg,1c3253e6-20e4-5747-92bf-21c9df1a3c1a
Google Drive,Lauren Klein,2023-05-25T16:11:07,sketch2-original.jpeg,398f8237-3564-5c90-9e2e-ef3a614ae695
Google Drive,Lauren Klein,2023-05-18T16:20:45,royce.jpg,d9eeb6fb-9f0c-5a00-b6eb-1a6cb470106d
Google Drive,Lauren Klein,2023-05-18T14:23:03,coffee.jpg,e23e43ff-26f0-5a93-9da4-e8d1cdc48022
Google Drive,Lauren Klein,2023-05-18T14:20:59,mitchell.jpg,c85f6414-7190-5ffa-b672-7a3466699e06
Google Drive,Lauren Klein,2022-06-30T21:45:00,speck - lookout tree photo.jpg,793f507c-fcee-54e5-999a-453d1dc94823
Google Drive,Lauren Klein,2022-06-28T17:43:53,willard-introductory-map.jpeg,e3d34a50-e5d3-5dee-bd5e-8e3218cf7420
Google Drive,Lauren Klein,2022-06-28T17:42:36,willard-chronographer.webp,bba7b0a8-a09b-5dba-bf78-01df53506be1
Google Drive,Lauren Klein,2022-06-28T17:42:24,willard-american-temple.webp,10e8d897-e723-5898-b18b-749e2b4e7eb5
Google Drive,Lauren Klein,2022-06-28T17:42:07,willard-picture-of-nations.webp,92929301-08ce-57c8-aba1-d5212e639559
Google Drive,Lauren Klein,2022-06-28T17:41:27,willard-woodbridge-1824.webp,f7f738ad-f9a5-5732-8589-6991a25b69c6
Google Drive,Lauren Klein,2022-06-01T15:41:50,howley version.jpeg,38cc10b6-f488-5f1a-9f7d-0ae8ead4b386
Google Drive,Lauren Klein,2022-06-01T15:40:01,detail sketch 1.jpeg,c01aadf6-c574-542c-afe4-f1eb7d9288be
Google Drive,Lauren Klein,2022-06-01T15:32:11,sketch 1 (1).jpeg,eabdc01f-a80f-52ee-8cc4-6e8adace716e
Google Drive,Lauren Klein,2022-06-01T15:32:11,sketch 1.jpeg,9870552b-6302-533c-84fc-7ba7f658a197
Google Drive,Lauren Klein,2022-06-01T15:25:50,canoe.jpeg,54d9af11-bac1-5edd-aa0f-48ff24895252
Google Drive,Lauren Klein,2022-06-01T15:25:33,profile.jpeg,b1fa6c69-a416-5666-86e6-0aa88e1ae3a1
Google Drive,Lauren Klein,2022-06-01T15:23:05,sketch viii (1).jpeg,ce3bcc5e-196b-547a-976f-0d010c5bf1af
Google Drive,Lauren Klein,2022-06-01T15:23:05,sketch viii.jpeg,9272a6bf-9eeb-5c92-b528-6ca35cebc781
Google Drive,Lauren Klein,2022-05-12T13:49:40,Don Diego de la Torre-1580s-2ndmap.png,c6f59bd3-6a5d-5391-9660-e9371e663341
Google Drive,Lauren Klein,2022-05-12T13:44:47,"Primer_plano_de_la_provincia_de_Santafé,_Diego_de_Torres,_Cacique_de_Turmequé_..jpeg",106ea3e7-6d85-5905-bef1-f007a476064f
Google Drive,Lauren Klein,2021-03-30T17:31:57,1829-03.jpg,cc35ee65-2278-5724-a262-5842a34131b9
Google Drive,Lauren Klein,2021-03-30T17:31:57,1829-18.jpg,8499c4cf-a2a4-5275-876b-048bcc9050a5
Google Drive,Lauren Klein,2021-03-30T17:31:57,1829-16.jpg,a82d51fc-7022-56e2-9e06-a32a964d93c2
Google Drive,Lauren Klein,2021-03-30T17:31:57,1846-1.jpg,67e6a51b-609f-5c56-be46-b902c019fd3e
Google Drive,Lauren Klein,2021-03-30T17:31:57,1829-09.jpg,6bdbecd7-fc30-5659-9a8e-9c4a6d5ad97d
Google Drive,Lauren Klein,2021-03-30T17:31:57,1829-00.jpg,90566352-0d30-59d4-9444-fffa0ca090ec
Google Drive,Lauren Klein,2021-03-30T17:31:57,1829-15.jpg,4a4fd8f7-0f71-587e-af5b-f7ce5aa1b5b2
Google Drive,Lauren Klein,2021-03-30T17:31:57,1829-11.jpg,8c9e6422-7dce-5e6d-8eb8-04b25ff6d855
Google Drive,Lauren Klein,2021-03-30T17:31:57,1829-05.jpg,13b4b68d-8616-5d77-87a7-29de744e89b0
Google Drive,Lauren Klein,2021-03-30T17:31:57,1829-17.jpg,95d3d523-0696-52c6-a692-6e0aab0f4127
Google Drive,Lauren Klein,2021-03-30T17:31:57,1829-01.jpg,a71f9581-81b3-5dd1-94b5-1ba745e93d6a
Google Drive,Lauren Klein,2021-03-30T17:31:57,1829-12.jpg,72c53491-5906-5d91-95eb-d8f2d9b987f7
Google Drive,Lauren Klein,2021-03-30T17:31:57,1829-10.jpg,43b88d47-658b-5cc2-9ee6-62c13aecf93d
Google Drive,Lauren Klein,2021-03-30T17:31:57,1829-06.gif,54da840d-08f1-59a8-9c99-34f95add1a18
Google Drive,Lauren Klein,2021-03-30T17:31:57,1829-02.jpg,c569f31d-8346-5699-8182-b57fd3aacd91
Google Drive,Lauren Klein,2021-03-30T17:31:57,1829-13.jpg,fab174e7-7da2-5b88-8538-a4209de7fafd
Google Drive,Lauren Klein,2021-03-30T17:31:57,1829-04.jpg,1feeb0ac-c9ae-5ac8-8d77-bfdcf5525559
Google Drive,Lauren Klein,2021-03-30T17:31:57,1829-14.jpg,b0b6606c-d46b-55d8-8ccc-9ba2eed72b2a
Google Drive,Lauren Klein,2014-05-13T18:34:25,phelps.jpg,45864b7b-500b-58da-b90e-3d219975220e
Google Drive,Lauren Klein,2023-09-26T12:50:34,placeholder-humboldt-sketch.jpg,ec3fc1cb-3ed7-5e08-9ea0-0f1b1e44cb1e
Google Drive,Lauren Klein,2023-09-26T03:07:58,Willard-picture.jpg,8eb53ac7-1554-5183-b798-913c5ee0c6ad
Google Drive,Lauren Klein,2023-09-26T03:05:54,Willard9.jpg,e5cd00a3-4841-5b63-b663-d08d3720f574
Google Drive,Lauren Klein,2023-09-26T03:00:46,Willard-principal.jpg,e605f2d7-2e18-5014-b5ed-b37dd4eb4053
Google Drive,Lauren Klein,2023-09-26T02:59:12,Willard8.jpg,64302826-ec96-5086-9ed1-e3f47febde69
Google Drive,Lauren Klein,2023-09-26T02:28:34,Willard7.jpg,65d682c2-9e88-59d7-9b94-1097d658adb1
Google Drive,Lauren Klein,2023-09-26T02:27:22,Willard6jpg.jpg,276de3e3-5f0c-5fd3-b4df-b9d29f944b3d
Google Drive,Lauren Klein,2023-09-26T02:21:42,Willard5.jpg,427e75bf-3f13-5936-be3c-1b3879886599
Google Drive,Lauren Klein,2023-09-26T01:25:26,Willard4.jpg,54e14a04-9bcc-5168-876c-9866eedaa687
Google Drive,Lauren Klein,2023-09-26T01:22:26,Willard3.jpg,c69f3101-546b-5f8b-8996-e9bcd4d3278f
Google Drive,Lauren Klein,2023-09-26T01:21:22,Willard2.jpg,90af99f8-828b-5a1e-adef-c994da064cff
Google Drive,Lauren Klein,2023-09-26T01:14:56,Willard1.jpg,faded6fe-7f4a-591d-b076-db9c457701cd
Google Drive,Lauren Klein,2023-09-26T01:13:00,Willard0.jpg,4c6fd300-425d-55d0-bfba-ce3b9a5e7c53
Google Drive,Lauren Klein,2023-09-25T16:18:19,Demasduit.jpg,0521534a-aa07-5b28-bc1b-98c487cde36d
Google Drive,Lauren Klein,2023-09-23T11:01:39,howley-sketch4.jpg,06f30a0f-495f-5c6c-84ee-bca483e9df6e
Google Drive,Lauren Klein,2023-09-23T11:00:25,howley-sketch2.jpg,67a5e6f9-735f-55c0-9813-6ec687937a9f
Google Drive,Lauren Klein,2023-08-31T13:23:17,placeholder-caldas-1803-2.jpeg,06b1db99-c0e4-59cf-8e0e-71e459edc103
Google Drive,Lauren Klein,2023-08-29T16:20:44,placeholder-sarah sense BirchBark 400px.jpg,71d87630-71a0-5f54-aa9f-32dce35581ea
Google Drive,Lauren Klein,2023-08-21T18:55:49,placeholder-caldas-1803-1.jpeg,3f73f067-63de-535a-99ad-56699402446e
Google Drive,Lauren Klein,2023-07-11T15:32:45,placeholder-sketch4-original.jpeg,9b2fe327-ab94-5858-a66d-0f0fa8e5e5bb
Google Drive,Lauren Klein,2023-05-25T16:11:07,placeholder-sketch2-original.jpeg,7a38809f-e438-57f9-84e3-6c8ebff63a74
Google Drive,Lauren Klein,2014-05-13T18:34:25,placeholder-phelps.jpg,f7c3a0e8-9c1a-5ae7-a996-b8f123eb4413
Google Drive,Lauren Klein,2023-07-03T16:39:37,Start of chapter / first scrollytell,2f743e5d-9bfd-54c9-b4e5-b5f212ef4477
Google Drive,Lauren Klein,2023-07-03T13:04:28,maps draft 8 - summer 2023.docx,710ac6c9-2883-53b3-b427-8bccf31d0b80
Google Drive,Lauren Klein,2023-06-27T17:29:40,reference images,be37b2ce-822b-5011-9f06-7cc4408ccd85
Google Drive,Lauren Klein,2023-06-27T17:54:23,sketch2-original.jpeg,0d0ea462-c509-52c8-a8c2-882988773efc
Google Drive,Lauren Klein,2023-05-25T16:13:15,sketch4-original.jpeg,9a2b9f71-a790-5072-85ea-21ce5fdc5ab2
Google Drive,Lauren Klein,2023-05-18T16:18:39,"maps intro, option 1",28aa3559-50f9-5098-b6a6-4fc8f687c5f2
Google Drive,Lauren Klein,2023-05-17T20:58:06,"Copy of maps intro, option 2",1ecbf927-5619-5d43-8ee1-abef6a14f735
Google Drive,Lauren Klein,2023-04-03T22:05:36,maps draft 5.docx,0eff542d-8c06-5737-8d08-bfbb154ff738
Google Drive,Lauren Klein,2023-04-03T21:23:05,Zoe Research,fa8d7662-4230-513d-96db-bd7ef44ee7bd
Google Drive,Lauren Klein,2022-07-20T18:03:35,Front Page,5af7467d-a5fe-56c9-97b2-5a4388cb8785
Google Drive,Lauren Klein,2023-08-29T17:47:33,OLD DO NOT USE - Front Page Images,0b78122c-ea93-500b-b801-eeb72fef2bb0
Google Drive,Lauren Klein,2022-02-07T14:36:44,Chapter Descriptions for Front Page,17cbde97-71ab-599f-ab2d-f7177e5cd667
Google Drive,Lauren Klein,2022-01-01T18:37:37,Featured Chapter Images,eeed2631-30e7-5cec-a9f1-44da84711aae
Google Drive,Lauren Klein,2022-01-01T18:45:00,DuBois-ch5-11-property.jpg,038f200c-65dc-541b-b42b-2b23aa48dda5
Google Drive,Lauren Klein,2022-01-01T18:43:23,Peabody-1600s-rect.jpg,2c18435a-5991-5fb1-9033-86f220f6b94b
Google Drive,Lauren Klein,2022-01-01T18:42:11,Shanawdithit-sketch1.jpg,75d5a51f-a4b0-5744-ad70-91c3d22e88ed
Google Drive,Lauren Klein,2022-01-01T18:40:28,Brooks-1789ship1.png,80ff53d0-a0e0-5436-b695-725646d0984a
Google Drive,Lauren Klein,2022-01-01T18:38:39,Playfair-northamerica.jpg,9c7af7d5-db97-5168-97b9-47c54172601f
Google Drive,Lauren Klein,2020-08-27T23:24:50,Front Page Notes for Jianing,343a7bda-895c-5376-a0b2-7727a29fa475
Google Drive,Lauren Klein,2020-08-21T14:22:12,timeline images,21cbee88-4936-50aa-a943-1abc0c671889
Google Drive,Lauren Klein,2023-05-19T13:56:38,ch1-brooks,44659af9-9b53-5319-b3ed-fc99aef274e9
Google Drive,Lauren Klein,2020-08-25T18:01:38,1801-1.jpg,4ab81ffe-817a-52f5-b3a3-bd827e612fb6
Google Drive,Lauren Klein,2020-08-25T18:01:30,1788-1.jpg,8c2a49b9-483b-5b58-b21c-f1c9dd9ae92c
Google Drive,Lauren Klein,2023-05-19T13:56:31,ch2-playfair,eda6a6a9-2346-52db-af31-4fc1f6eb4ff6
Google Drive,Lauren Klein,2020-08-25T18:00:45,1801-4.jpg,fe57b2d6-fe68-547b-832a-b78cdede375f
Google Drive,Lauren Klein,2020-08-25T18:00:15,1786-2.jpg,660af233-cf71-517a-a470-199c689fd2ef
Google Drive,Lauren Klein,2020-08-25T18:00:04,1801-1.jpg,b8468c7f-a425-5ec8-ae9e-7fcf47065dfe
Google Drive,Lauren Klein,2020-08-25T17:59:52,1821-2.jpg,d1645431-3501-5074-916c-a6f4bf6d799e
Google Drive,Lauren Klein,2020-08-25T17:59:45,1801-3.jpg,85091f1b-1e39-55d6-8008-a77ebab33d4e
Google Drive,Lauren Klein,2020-08-25T17:59:32,1801-0.jpg,8c0017f8-dd95-5d89-b92b-ece6c6089ea1
Google Drive,Lauren Klein,2020-08-25T17:59:19,1786-3.png,b5800208-3121-5872-88cc-8dbd10c2d727
Google Drive,Lauren Klein,2020-08-25T17:58:42,1801-2.jpg,87d511c3-4c94-5db1-8800-9bf99a3fe082
Google Drive,Lauren Klein,2020-08-25T17:58:34,1801-1.jpg,645dc4fe-5207-5d4e-b8f7-076b5798edfb
Google Drive,Lauren Klein,2023-05-19T13:56:20,ch3-shanawdithit,660ebcaa-da0e-590c-943c-41c8257655bc
Google Drive,Lauren Klein,2020-08-25T18:05:36,1829-06.gif,bfe21574-e1f3-58ea-99cd-5b0c794c1efd
Google Drive,Lauren Klein,2020-08-25T18:05:16,1829-05.jpg,77bd36a1-5ffd-5ed7-a1f3-55953ef6fd0e
Google Drive,Lauren Klein,2020-08-25T18:05:07,1829-04.jpg,a5d72d07-50e0-5fdc-bbcc-81bb739edee9
Google Drive,Lauren Klein,2020-08-25T18:04:58,1829-03.jpg,a90072ba-3752-5efc-8fc4-8c3057bba053
Google Drive,Lauren Klein,2020-08-25T18:04:40,1829-02.jpg,39a61957-16b4-5332-a4b0-1f37fc33d6fc
Google Drive,Lauren Klein,2020-08-25T18:04:23,1829-01.jpg,130dc23b-bb61-5699-8d36-ac53c818f394
Google Drive,Lauren Klein,2020-08-25T18:04:11,1829-00.jpg,a79a1cd2-5211-5b7d-be4d-6f652760a958
Google Drive,Lauren Klein,2020-08-25T18:04:05,1829-09.jpg,5a3b40d0-88c6-5b15-8c27-94e623ed9251
Google Drive,Lauren Klein,2020-08-25T18:03:45,1829-18.jpg,60200a79-5f78-5537-8df8-285f64c1fb8e
Google Drive,Lauren Klein,2020-08-25T18:03:35,1829-17.jpg,7e000f68-fd98-5c34-8a2d-b3d7722896ff
Google Drive,Lauren Klein,2020-08-25T18:03:21,1829-16.jpg,2701ae25-3233-52b0-ab80-4e6ef42f5d61
Google Drive,Lauren Klein,2020-08-25T18:03:14,1829-15.jpg,174eda25-a112-583b-a4f0-4f8c985c4235
Google Drive,Lauren Klein,2020-08-25T18:03:05,1829-14.jpg,22f9a9ed-c0f7-5097-ad8c-24553c0931b1
Google Drive,Lauren Klein,2020-08-25T18:02:57,1829-13.jpg,0ca2fc31-c43c-5bb3-b356-1c72cbad0809
Google Drive,Lauren Klein,2020-08-25T18:02:49,1829-12.jpg,c6017827-93f1-5040-8720-10c61dee37d8
Google Drive,Lauren Klein,2020-08-25T18:02:38,1829-11.jpg,14e1edcd-2fa4-5bc7-87f9-9d8cb4535843
Google Drive,Lauren Klein,2020-08-25T18:02:30,1829-10.jpg,48aad9a4-1d92-5d14-934a-3437780dac1a
Google Drive,Lauren Klein,2020-08-25T18:02:04,1846-1.jpg,c3f50b33-454c-5a11-8272-402a6ec612d6
Google Drive,Lauren Klein,2020-08-21T14:21:47,ch5-dubois,e48cc6ae-4200-5c91-b1bb-fa27f1809b62
Google Drive,Lauren Klein,2020-08-25T18:09:44,1900-18.jpg,137d108e-cffa-5041-8777-acd150340d7d
Google Drive,Lauren Klein,2020-08-25T18:09:39,1900-17.jpg,26a37991-ea3d-5fe5-ad92-181776d692a9
Google Drive,Lauren Klein,2020-08-25T18:09:32,1900-16.jpg,37bc31bb-4baa-59b2-b2e8-52bbbf17f9d9
Google Drive,Lauren Klein,2020-08-25T18:09:23,1900-15.jpg,3891f292-8412-5c8b-845d-6dba913f24c8
Google Drive,Lauren Klein,2020-08-25T18:09:18,1900-14.jpg,1b8504bc-9dea-53b5-8090-0d1bad5f89a7
Google Drive,Lauren Klein,2020-08-25T18:09:11,1900-13.jpg,3e94b674-5263-5127-81fc-335caf363640
Google Drive,Lauren Klein,2020-08-25T18:09:05,1900-12.jpg,dc730d0c-1f15-545a-88b2-a000d4c3cd61
Google Drive,Lauren Klein,2020-08-25T18:09:00,1900-11.jpg,dc60ebc1-9cc3-517f-bec4-92f09d92ce42
Google Drive,Lauren Klein,2020-08-25T18:08:51,1900-10.jpg,555c27fb-3897-5109-93bb-c99dbc0d1376
Google Drive,Lauren Klein,2020-08-25T18:08:43,1900-09.jpg,6b158018-6696-5d9c-8147-15efcf6587ff
Google Drive,Lauren Klein,2020-08-25T18:08:37,1900-08.jpg,0f524901-bdb2-5615-a7b9-c68330698c05
Google Drive,Lauren Klein,2020-08-25T18:08:31,1900-07.jpg,25ccfec4-be81-57e6-bb56-d3a124be8bb4
Google Drive,Lauren Klein,2020-08-25T18:08:27,1900-06.jpg,4e7adb56-0adb-5092-8d4f-265732bebcf5
Google Drive,Lauren Klein,2020-08-25T18:08:22,1900-05.jpg,9c5de147-932e-593f-bf59-0949e11b532c
Google Drive,Lauren Klein,2020-08-25T18:08:17,1900-04.png,da991abc-fc20-569f-a2c3-87400f946504
Google Drive,Lauren Klein,2020-08-25T18:08:12,1900-03.png,576eced7-ebf4-55c8-b4ad-7d78f9b1cdb7
Google Drive,Lauren Klein,2020-08-25T18:08:08,1900-02.png,0d3833c7-7dbd-53ea-b1fe-a6ac941a7a21
Google Drive,Lauren Klein,2020-08-25T18:08:03,1900-01.png,eb0232a6-cef7-50d8-867a-3e003f427670
Google Drive,Lauren Klein,2020-08-21T14:21:47,ch4-peabody,116e3130-9ad8-5a93-a6e7-17642c96442a
Google Drive,Lauren Klein,2018-04-24T18:14:10,1856-2.jpg,e6d96072-545f-5376-9c20-e2e743359806
Google Drive,Lauren Klein,2018-04-24T18:13:46,1856-1.jpg,caa66428-004b-50f5-8378-6138f6265e38
Google Drive,Lauren Klein,2017-11-26T02:48:04,1856-4.jpg,2b96beed-145a-565f-81e0-c9fe48a6bf25
Google Drive,Lauren Klein,2017-11-26T02:47:49,1856-3.jpg,6da4e437-02c2-54eb-a9f7-1a81439ce6f4
Google Drive,Lauren Klein,2020-07-15T01:32:34,.DS_Store,ef2fbd91-1fc5-5c6e-a1ee-c24ad9fb1128
Google Drive,Lauren Klein,2020-08-21T13:57:25,frontpage-wireframe.png,78638195-48a8-5f1d-9e1a-5488f24c3406
Google Drive,Lauren Klein,2022-07-20T18:02:08,Chapter 4 - Peabody,ac10e942-2761-5ce1-98ba-37faebadaf01
Google Drive,Lauren Klein,2024-04-12T20:06:15,4-peabody-apr24,d685b24c-f544-5693-876a-407ca192d883
Google Drive,Lauren Klein,2020-05-18T19:14:26,Peabody images,52120e2b-6d28-5cbf-ae9c-10b85cbb7b4d
Google Drive,Lauren Klein,2020-11-03T17:43:03,blank centuries,4166b3cb-c388-5bcd-8bea-f1329de724bc
Google Drive,Lauren Klein,2020-11-03T17:43:04,include,c37c8908-af0f-573d-a916-d6f76f39f1f5
Google Drive,Lauren Klein,2020-11-03T17:42:58,.DS_Store,fa93b9b6-6cb8-59b4-bdc1-ad798c47bbed
Google Drive,Lauren Klein,2020-11-03T17:35:10,3-1997-rect.png,ac6cd9ba-65a3-5fd7-a455-1035d8bab065
Google Drive,Lauren Klein,2020-11-03T17:27:51,2-1994-rect.png,62ea8b03-ae52-5cb2-a14b-0be649e70c49
Google Drive,Lauren Klein,2020-11-03T17:26:25,1-1993-rect.png,c1af871c-ade8-57e9-b3ac-badc7500ed78
Google Drive,Lauren Klein,2020-11-03T16:49:29,4-1986-rect.png,d94ba6d9-3d30-5fb8-afd8-4e374059822d
Google Drive,Lauren Klein,2020-11-03T16:40:44,6-1984-rect.png,26296726-5645-58ba-b1db-78ff15a77fc2
Google Drive,Lauren Klein,2020-11-03T16:38:39,5-1983-rect.png,569e333e-7cc6-5cce-8e83-fb32db1d89db
Google Drive,Lauren Klein,2020-11-03T16:19:05,7-1975-rect.png,63efcf52-8259-5bb5-b64b-53e6730dc5f6
Google Drive,Lauren Klein,2020-11-03T17:38:45,.DS_Store,3c970671-7a31-5125-9fc7-bb28ddf25b0f
Google Drive,Lauren Klein,2020-11-03T17:35:10,1997-rect.png,d04c8924-3462-5d20-8ca7-ce9913525398
Google Drive,Lauren Klein,2020-11-03T17:33:52,1996-rect.png,8ca89c2a-64a7-5377-a38c-c4081afcf5ea
Google Drive,Lauren Klein,2020-11-03T17:32:21,1995-rect.png,fa9fd9da-2be6-518b-9cf0-a7c61e3ff335
Google Drive,Lauren Klein,2020-11-03T17:27:51,1994-rect.png,b56543e3-879f-5be7-8c17-72d84603ab02
Google Drive,Lauren Klein,2020-11-03T17:26:25,1993-rect.png,ac0c0161-3538-55ae-b895-e8e756add30b
Google Drive,Lauren Klein,2020-11-03T17:24:39,1992-rect.png,0dc14376-59a4-546b-b451-efe6fac2d007
Google Drive,Lauren Klein,2020-11-03T17:22:20,1991-rect.png,c9dcf29a-2a94-5ba0-927e-f5b6ce159a4a
Google Drive,Lauren Klein,2020-11-03T17:12:38,1990-rect.png,01145e73-b7b5-5581-9f53-9d350b8c123a
Google Drive,Lauren Klein,2020-11-03T17:10:50,1989-rect.png,d4ff9233-44fe-57a4-bd6e-ca0f0d24f375
Google Drive,Lauren Klein,2020-11-03T17:08:33,1988-rect.png,73f1306e-98b4-5553-8812-655fff5a8998
Google Drive,Lauren Klein,2020-11-03T16:50:54,1987-rect.png,6e404508-c340-5093-b1ab-d6b9a994c588
Google Drive,Lauren Klein,2020-11-03T16:49:29,1986-rect.png,8f671d31-80b3-5312-9928-5a6a368cac86
Google Drive,Lauren Klein,2020-11-03T16:45:29,1985-rect.png,1db6da6e-60bc-588a-bc92-6fdcc9f90f3e
Google Drive,Lauren Klein,2020-11-03T16:40:44,1984-rect.png,cc0484f2-f95a-5bef-8b97-12cc6f659445
Google Drive,Lauren Klein,2020-11-03T16:38:39,1983-rect.png,cdbe23f6-e015-5f52-95bf-681f81d49c3b
Google Drive,Lauren Klein,2020-11-03T16:36:34,1982-rect.png,24b971c1-187a-5e37-b46b-73029ccbb923
Google Drive,Lauren Klein,2020-11-03T16:34:28,1981-rect.png,ebee271b-86c8-5213-9757-03cff43cbf92
Google Drive,Lauren Klein,2020-11-03T16:32:47,1979-rect.png,749db410-78e2-5e8f-815a-34bc40013eb0
Google Drive,Lauren Klein,2020-11-03T16:24:18,1978-rect.png,7a59729e-40a1-5007-8780-51718574bda4
Google Drive,Lauren Klein,2020-11-03T16:22:16,1977-rect.png,f8e57d06-bcdb-5eb9-af01-62ff7847e056
Google Drive,Lauren Klein,2020-11-03T16:20:36,1976-rect.png,68515cc3-b385-5530-9876-fa6e7461ef1e
Google Drive,Lauren Klein,2020-11-03T16:19:05,1975-rect.png,14c61383-31ea-52b2-984d-555e887453bb
Google Drive,Lauren Klein,2020-09-08T18:47:45,blank-rect.jpg,b64587f0-1811-5356-b1bb-9652d302553f
Google Drive,Lauren Klein,2020-09-08T18:29:53,1500s-rect.jpg,fb9c332f-da86-5965-b5d8-ed457b6e5413
Google Drive,Lauren Klein,2020-09-08T18:28:40,1800s-rect.jpg,30ca0e95-eac8-52c5-815e-6c36ecf04f60
Google Drive,Lauren Klein,2020-09-08T18:24:34,1700s-rect.jpg,40545b55-c234-5761-addb-d1f255cbcd5c
Google Drive,Lauren Klein,2020-07-15T01:34:18,1600s-rect-cropped.jpg,8c2d9ae3-8405-511c-8483-3e7eeacfcca6
Google Drive,Lauren Klein,2020-05-18T19:15:30,1700s.jpg,0f54dfaf-dfef-5264-83b8-0e6492804d4a
Google Drive,Lauren Klein,2020-05-18T19:15:09,1800s.jpg,7983b6a7-79cf-5eb1-803d-4e94901eced8
Google Drive,Lauren Klein,2020-05-18T19:14:53,1500s.jpg,5360fae2-49ab-556d-ab68-0b1065092fb5
Google Drive,Lauren Klein,2020-05-18T19:14:46,1600s.jpg,fe253b40-ca07-5b97-955c-eaa652ad119c
Google Drive,Lauren Klein,2020-05-18T19:12:03,Peabody Assets,1127abc0-df79-5ad5-ad00-cebaf667a3b1
Google Drive,Lauren Klein,2020-05-10T21:00:27,Peabody Chapter Outline,b3568292-99ef-5290-b3a9-73b430e5666b
Google Drive,Lauren Klein,2022-07-20T18:01:27,Chapter 2 - Playfair,db4624d4-3265-5d6d-8fd0-fa041f2ea812
Google Drive,Lauren Klein,2024-04-24T18:40:18,2-playfair-mar24,376d8dd9-465e-5d77-8d84-f3bbdda2fb83
Google Drive,Lauren Klein,2024-03-19T18:54:00,placeholder images for revised version,16dea470-adb7-5cdf-9217-49b5570a7cdc
Google Drive,Lauren Klein,2024-03-19T18:53:21,PLACEHOLDER-west-indies.jpg,bf84e851-5988-5264-92d5-7afeac1f4313
Google Drive,Lauren Klein,2024-03-19T18:52:07,PLACEHOLDER-early-bar-chart.jpg,2f2916e4-eef4-53a9-a7dc-f486efc4438c
Google Drive,Lauren Klein,2024-03-19T18:51:08,PLACEHOLDER-data-table-1.jpg,4af35fa8-66b3-5e3b-b391-148bfe4d33bf
Google Drive,Lauren Klein,2024-03-19T18:50:46,PLACEHOLDER-data-table-2.jpg,c6ba3147-daf1-59cb-bdc7-cb7d75d587e5
Google Drive,Lauren Klein,2022-03-28T12:45:26,Playfair images (high res),261ed275-c061-53ca-9fdf-aa367d5edb1d
Google Drive,Lauren Klein,2021-01-14T01:26:18,am1787pla-741-o-p47.tif,d3ec1ce1-6922-5d94-a2bd-325352506b14
Google Drive,Lauren Klein,2015-03-13T16:14:07,am1801pla-5215-q-opp21.tif,83078870-ca5a-5ee3-891d-85ca2ea50a59
Google Drive,Dan Jutan,2021-01-08T04:32:10,WomensRights-1920-2019-Data,5bb83103-5247-5db2-9739-84cd15e0ddf9
Google Drive,Lauren Klein,2020-12-22T03:02:16,Playfair data,3746189d-5e5d-5ae0-8793-3fba2e096a5b
Google Drive,Jianing Fu,2020-12-22T21:51:03,Copy of Median Household Income UK.xlsx,9df7e486-2208-5b25-b39e-07a1b579f123
Google Drive,Jianing Fu,2020-12-22T21:36:52,pound-dollar-exchange-rate-historical-chart,e865c213-6c4e-5eb4-8d7d-88ebf9eb2412
Google Drive,Lauren Klein,2020-12-22T21:32:47,Median Income - US,d3d315e4-96ab-5ea8-9c81-c04c2618f9e1
Google Drive,Jianing Fu,2020-12-22T21:28:01,Copy of Women in Congress.xlsx,5a7316ec-9ee4-59d0-bb43-aa440dd3d1cd
Google Drive,Lauren Klein,2020-12-22T20:58:23,Median Household Income UK.xlsx,8997ade7-3a6a-5ca2-a581-aa561e155364
Google Drive,Lauren Klein,2020-12-22T13:11:40,Old data,caa46f28-91ff-572e-a102-374e31299ed3
Google Drive,Lauren Klein,2020-12-22T03:31:56,Women in Parliament.xlsx,588c424e-3297-52c9-9ff2-0cc6b8c42b8f
Google Drive,Lauren Klein,2020-12-22T13:10:36,Female MPs.csv,7896b1e9-9e94-586c-857c-24a6a3cf48de
Google Drive,Lauren Klein,2020-12-22T03:59:08,pound-dollar-exchange-rate-historical-chart.csv,c4138ff5-ffd9-5c00-9d73-18aa7ca8da9d
Google Drive,Lauren Klein,2020-12-22T03:20:03,Women in Congress.xlsx,bdf33506-0789-5011-90b3-4308942fce50
Google Drive,Lauren Klein,2020-12-21T18:29:53,Playfair image/interaction log,05d2833b-6b60-59e0-be8e-a90251e75f70
Google Drive,Lauren Klein,2020-11-11T18:57:50,WomensRights-1920-2019-Data.csv,01883b24-6c6b-5e32-91f5-bb69ea904f46
Google Drive,Jianing Fu,2020-10-03T21:17:53,Playfair Vis Data,12a84664-ef5b-5b91-97f2-09bcf926db92
Google Drive,Lauren Klein,2020-09-15T18:06:55,Playfair Chapter Outline,ab974b8f-0cde-5ab6-88db-75ea9787aa8f
Google Drive,Lauren Klein,2020-09-10T17:29:09,Playfair Images,9c590e49-a485-543b-8c5b-599edb1173dd
Google Drive,Lauren Klein,2020-11-10T20:29:19,draft-exports.svg,67360b87-f886-5ab9-87aa-a9af04002f5b
Google Drive,Lauren Klein,2020-11-10T19:31:03,draft-imports.svg,147c1f29-d561-5a9b-b1fe-9ba073b43d4b
Google Drive,Lauren Klein,2020-11-10T18:08:34,line-of-exports.svg,9031565a-4d57-553f-851d-68657f14cb76
Google Drive,Lauren Klein,2020-11-03T18:30:36,line-of-imports.svg,97a24330-74b0-54b2-a0fa-cf66a692d8ee
Google Drive,Lauren Klein,2020-09-10T17:33:18,Picture7-d3.png,58e7a08e-7fdb-5114-baa8-0f2d30888edc
Google Drive,Lauren Klein,2020-09-10T17:32:56,Picture6-Camoes.png,800cf62f-610e-51ab-b5f0-02882b532206
Google Drive,Lauren Klein,2020-09-10T17:32:00,Picture5-McCune.png,e0c7c70a-9a03-516f-a73b-3104f4e239e6
Google Drive,Lauren Klein,2020-09-10T17:31:36,Picture4-data.png,b4b9dc6e-1aed-5550-b531-6a723be716e5
Google Drive,Lauren Klein,2020-09-10T17:31:24,Picture3-firstdraft.png,90f4c737-907b-5b2c-9f4a-0fbf253ee924
Google Drive,Lauren Klein,2020-09-10T17:31:02,Picture2-error.png,9dea6267-75e3-56de-9a87-d56b6525e12c
Google Drive,Lauren Klein,2020-09-10T17:30:49,Picture1-importexports.png,202c81d3-6472-5bda-881b-401ed171310f
Google Drive,Lauren Klein,2022-07-20T18:01:17,Chapter 1 - Brooks,35074cf6-6b41-5b66-91d0-0d862b8e1178
Google Drive,Tanvi Sharma,2024-03-26T16:31:19,screenshots,66b7c45c-77b7-516c-8185-f27a426d74ad
Google Drive,Tanvi Sharma,2024-03-26T16:30:01,screenshot-slavevoyages-resistancetype.png,7f7f9179-ed9c-5a02-9ff2-9bfa4f43e0a3
Google Drive,Tanvi Sharma,2024-03-26T16:29:34,screenshot-slavevoyages-outcome.png,5698e4c8-2ac6-5341-9268-3887b697f0fe
Google Drive,Lauren Klein,2024-03-22T19:50:07,1-diagram-mar24,7045b08d-fa48-51df-b14e-d57fe8d58148
Google Drive,Lauren Klein,2024-03-20T17:56:09,Brooks final vis Ideation,c17d1dd2-110c-5da2-9407-4b3aaa41ae01
Google Drive,Tanvi Sharma,2023-10-04T21:56:09,Brooks / Viz for DH Paper,a75ccae2-f17e-5aa7-9790-d155469a368b
Google Drive,Lauren Klein,2023-10-01T17:02:31,jan2023-all-african-resistance-all-cols,eb8512bb-eaee-5aa6-8184-3d15e6ffd72a
Google Drive,Lauren Klein,2023-03-09T23:15:07,brooks v 2 - march 2023,36d51fcc-bba4-5b38-9059-756caffa1f4f
Google Drive,Shiyao Li,2023-02-28T12:25:49,Understanding The Slave Trade Data,cc1a446c-d0dc-5aa7-96a6-208bdd79d866
Google Drive,Tanvi Sharma,2023-01-13T15:47:48,all-african-resistance-all-cols,5719977a-b71a-5aa5-b444-61e3cc4e67c4
Google Drive,Lauren Klein,2023-01-09T18:10:05,1-brooks-jan22.docx,9b54191b-c19f-5c29-9d63-18edfd3dabeb
Google Drive,Lauren Klein,2023-01-09T15:54:41,society of friends images,5cf5f3e5-73e8-5b22-91ed-bb051ae1d22b
Google Drive,Lauren Klein,2022-08-24T11:17:00,LSF Volume XL 2_1 (H_89)  Plan of slave ship_FULL.jpg,a7c61cac-f381-5c6f-a5f1-ad6b1bc0ad10
Google Drive,Lauren Klein,2022-08-24T11:17:00,LSF Volume H_85_Plan of an African slave ship.jpg,d22870f4-03d5-5ce5-ae70-9f8692f8cf72
Google Drive,Lauren Klein,2022-08-12T14:18:40,Image licence for Lauren Klein.pdf,6bd5bb4b-0cb8-5b62-8ee3-22cbf5261f53
Google Drive,Lauren Klein,2022-08-12T14:18:40,Terms & Conditions for image reproduction 2022.pdf,c8ba60c8-b541-52e3-97df-1744ba8f7a3f
Google Drive,Lauren Klein,2022-08-10T17:43:18,all-african-resistance-all-cols.csv,77d0a1d2-80ed-55f4-bb84-ad3d8f87a4ff
Google Drive,Lauren Klein,2022-07-11T14:12:41,Klein 1-brooks-jan22 DL's edits.docx,f2badad8-e6bd-53f6-a8e6-e90fcf78aff4
Google Drive,Lauren Klein,2022-03-02T23:06:05,Alt Text,d56f9073-4420-5477-a7cc-d72e1f7dafe2
Google Drive,Lauren Klein,2025-10-06T16:36:11,alt text over 250 chars,f5e8cdf7-69eb-5a2b-be13-aed9eea07992
Google Drive,Lauren Klein,2025-09-22T18:34:31,alt-text-for-copyediting.docx,3de1af6c-39bf-5a66-81a5-156dfc1d1167
Google Drive,Lauren Klein,2025-09-08T16:31:27,DxD Alt Text - For Margy,08617ab3-f2d3-598f-ba99-5f336f5fce86
Google Drive,Margy Adams,2025-09-05T20:12:00,DxD Alt Text drafts,77bc0afe-b253-5e1a-8e8b-ffdcac3e321f
Google Drive,Margy Adams,2024-08-05T17:10:35,Alt Text LTI,85b4f00f-e552-5532-b96c-bbe88fe3ee36
Google Drive,Margy Adams,2024-09-16T17:02:21,Alt-text UX Imgs,af133ae8-5654-5c60-8f65-e82ca67ace41
Google Drive,Margy Adams,2024-07-19T19:29:38,DH24_Listening_Dig_Imgs_Final.docx,63d555fe-1ba0-5535-a947-39f12fdc677f
Google Drive,Margy Adams,2024-07-10T23:49:44,Alt-Text Examples,76051837-9b2b-53be-afe5-bd8c5d76340f
Google Drive,Lauren Klein,2024-05-30T18:21:17,Alt Text Abstract for DH 2024,aaf9b07d-50dc-5262-96f9-11d18e98ded2
Google Drive,Tanvi Sharma,2024-04-04T17:17:23,MIT x Emory,ca450ece-d112-53dd-990f-6aeebfa6635a
Google Drive,Tanvi Sharma,2023-12-18T18:58:55,Alt Text Paper Notes,e7d0f73f-bafe-5a4e-b51f-0f7b1abcbf32
Google Drive,Tanvi Sharma,2023-06-08T15:32:50,DxD Alt Text,67c87d7c-e235-58a6-85ea-20b80b6ac054
Google Drive,Lauren Klein,2022-03-03T21:56:12,Peabody Alt Text,5ebd2ff7-faad-523d-98e1-6d79c3b1b84d
Google Drive,Dan Jutan,2021-06-11T19:56:16,Dan Software Engineering Notes,e32c5803-2c46-5760-83c4-96e9391442dc
Google Drive,Lauren Klein,2022-08-30T17:53:22,git process & gitpod,65a4bdfb-89da-570f-a357-ff409525b852
Google Drive,Dan Jutan,2022-07-20T14:19:59,New Nuxt Architecture,d531e008-170f-555c-82e9-f75cb2e83e3e
Google Drive,Lauren Klein,2022-07-20T14:17:37,Old Docs,6dcb7e6d-a553-5e3d-aef9-52adb4740a51
Google Drive,Dan Jutan,2022-07-20T14:17:44,zz - [ Notebook Info] Summer 2020 Visualization and Data Architecture,2abdaf99-c6d0-503d-93fe-9cc7cced9722
Google Drive,Dan Jutan,2022-07-20T14:14:33,DEPRECATED - Software Engineering Tasks,b4c1a302-75f5-5f0a-99cf-13f02c00d99d
Google Drive,Dan Jutan,2021-11-18T23:43:36,Playfair Components,2176501d-be3c-5f8a-a7bc-494ddad78a8e
Google Drive,Dan Jutan,2021-07-03T00:17:11,CSS Grid Notes,58c9188f-7df5-513e-87a2-4f32389a8bac
Google Drive,Dan Jutan,2021-06-24T19:35:06,Render Functions,0ab31ec4-6aa2-5d9a-b0c1-2f135871cd11
Google Drive,Dan Jutan,2021-11-12T18:49:57,Visualizations in Vue,b5d6467d-2799-55be-b04e-2d9bd5f946cd
Google Drive,Lauren Klein,2021-03-16T17:06:44,Polymode,38e3d66b-2394-55a0-82c0-4f34c511866b
Google Drive,Lauren Klein,2021-07-12T15:59:42,PolyMode Open Issues - July 12 2020,c690a44f-dce8-51fc-a76e-322b6e5788c1
Google Drive,Lauren Klein,2021-04-03T19:20:22,Data By Design Web Design Concept Sketches.pdf,12ba169b-09d3-5c55-a431-a3712486efdc
Google Drive,Lauren Klein,2021-03-11T20:39:58,Data By Design Web Design Concept Presentation.pdf,bee7b401-eb78-5ac7-b4b3-47918785c7b2
Google Drive,Dan Jutan,2020-10-02T01:55:38,Data Documentation,a8db357c-6b59-5b64-8adf-007b3c4d9d96
Google Drive,Dan Jutan,2020-10-12T19:30:45,Peabody,8c9d73ac-4ca2-559d-bef5-c0ecb046fede
Google Drive,Lauren Klein,2019-01-08T13:36:24,Misc Notes / Docs / Etc,f8c832eb-17bb-58e8-b20c-6f97b5516c0c
Google Drive,Lauren Klein,2026-01-27T13:38:57,DxD | Running Meeting Notes,555a94bc-9828-5e3e-8b2c-74d421582930
Google Drive,Margy Adams,2026-01-12T17:29:40,Fall 25 / Spring 26 Team Timeline - DxD,ea6cdc5c-3608-5120-a944-e8e7c5e3ea9c
Google Drive,Lauren Klein,2025-12-01T17:50:36,Final Task List,9842b053-462c-566f-b088-07fc24a40c3c
Google Drive,Margy Adams,2025-01-14T16:45:37,Spring 2025 Meeting Notes,f7625dbd-b204-5154-aa46-0f6dc7e4119e
Google Drive,Lauren Klein,2024-07-09T19:55:00,Giant list of tasks to do before acutal final,92635e63-2f01-55b1-8ad4-e8f913f3c5b4
Google Drive,Lauren Klein,2024-05-14T17:43:10,DxD / alt text study,2a080bff-ac0e-5c68-9678-ad56781e5df0
Google Drive,Lauren Klein,2024-05-10T11:57:18,Small list of tasks to do before peer review,3af21ed3-b36d-519b-b325-2b23f5dcdb9f
Google Drive,Lauren Klein,2024-04-22T17:19:59,Peer Review / Public Comment Deadline Push,6c2727af-fc88-5796-8788-7c1e84dbb60a
Google Drive,Lauren Klein,2024-04-19T14:45:32,possible subtitles,4e13ba75-6869-50f8-b2cf-bc27fefd85a2
Google Drive,Lauren Klein,2024-04-14T00:10:13,Footer text/info,a246d28b-1d59-518b-8b57-fbcd3cc446f0
Google Drive,Lauren Klein,2024-04-05T16:56:14,Metadata,114f1bd7-e29f-58ab-a52a-c4211a884f78
Google Drive,Lauren Klein,2024-03-06T03:36:37,Sample MLA abstracts for Margy,e3b3d1c2-aa2f-5101-a423-e8470fe717b1
Google Drive,Lauren Klein,2023-12-18T18:44:21,DxD - Running Meeting Notes Summer/Fall 2022,b53046d9-8927-51cb-958f-cfd9194dc9ce
Google Drive,Yang Li,2023-11-06T09:36:07,Yang-Mobile-UI-Screenshots,8a1e5273-5d1c-5cdf-9fe4-3f914d2da45c
Google Drive,Yang Li,2023-11-02T04:00:49,Screenshot 2023-11-02 at 12.00.43 AM.png,eff0cdca-2b9a-5e08-8b09-ce2e5f3a085b
Google Drive,Yang Li,2023-11-02T03:56:27,Screenshot 2023-11-01 at 11.56.22 PM.png,cbbe9631-74bf-5694-a644-6f69deeb113a
Google Drive,Yang Li,2023-11-02T03:56:14,Screenshot 2023-11-01 at 11.56.09 PM.png,80b4879b-de44-514e-96df-ba96514fc807
Google Drive,Yang Li,2023-11-02T03:56:09,Screenshot 2023-11-01 at 11.56.05 PM.png,194f54d8-303f-5e76-8147-2d22070218fd
Google Drive,Yang Li,2023-11-02T03:52:47,Screenshot 2023-11-01 at 11.52.42 PM.png,cec72686-0ed4-51cc-a018-ad19fca32d29
Google Drive,Yang Li,2023-11-02T03:52:15,Screenshot 2023-11-01 at 11.52.09 PM.png,aa5aa4ba-4f02-53b5-848f-8d493acd282a
Google Drive,Tanvi Sharma,2023-02-06T17:40:52,Spring / Summer 2023 Team Timeline,83aba80f-fb45-51b0-90ad-4ffbbd9a6b60
Google Drive,Lauren Klein,2023-01-30T20:28:15,DxD Fall 2021 - Spring 2022 Running Meeting Notes,83f80056-1c96-5879-aa9b-63f97c2d41c5
Google Drive,Lauren Klein,2022-07-20T15:11:49,July 2022 whiteboard images,dc58ddd6-514a-5ee3-a61e-84ad7a91754c
Google Drive,Lauren Klein,2022-07-20T15:12:35,IMG_7248.jpg,362a5dbb-0d34-5818-a452-c8b2307bd4c3
Google Drive,Lauren Klein,2022-07-20T15:12:31,IMG_7250.jpg,c7ea4f98-d296-5240-b2bf-86c494d2be9e
Google Drive,Lauren Klein,2022-07-20T15:12:15,IMG_7249.jpg,644a2bbf-3194-54e4-8e64-e1895e10861f
Google Drive,Lauren Klein,2022-07-20T15:11:16,Summer / Fall 2022 Team Timeline,fd59653e-c2b2-50ed-9823-25605c7363af
Google Drive,Lauren Klein,2022-07-20T14:36:21,Summer 2022 Team Timeline,bc20379a-d1fb-5b72-86e8-a99612fb8add
Google Drive,Zhou Fang,2022-07-08T19:10:11,Screenshot,3daae0a6-b9e6-5a1d-8e4f-7da7c6a5de1a
Google Drive,Zhou Fang,2022-07-08T19:11:28,Du Bois 63 Charts,96a768db-8249-53e7-9350-759c75fb122f
Google Drive,Jianing Fu,2022-07-08T19:06:01,Homepage Screenshots,d26d0036-c906-54b6-9876-f23a06ed9a9e
Google Drive,Jianing Fu,2022-07-08T19:19:27,Overview.mov,9852c3d1-f07e-5448-9387-17115b1c6570
Google Drive,Jianing Fu,2022-07-08T18:54:49,FullFrontPageOverview.png,73f74a4c-ccee-565d-8ace-6693579be4a8
Google Drive,Jianing Fu,2022-07-08T18:53:17,Footnote.png,ada0763b-2923-5520-b5ca-a36a75cc139a
Google Drive,Jianing Fu,2022-07-08T18:53:03,ChapterCatalogHover.png,45bcc90b-4823-5cd3-b9d4-b300a8a06bd1
Google Drive,Jianing Fu,2022-07-08T18:51:23,ZoomedInVisualizationFromTimelineWhenClicked.png,adb386c3-427f-5637-a77e-0e468be3b2c0
Google Drive,Jianing Fu,2022-07-08T18:50:47,VisualizationTimeliineChornologicalSorted.png,36ea70a3-d6cd-50f7-9a98-3d98814720c5
Google Drive,Jianing Fu,2022-07-08T18:49:34,VisualizationTimelineShuffledVersion.png,4fc3a4b5-f42e-5ab1-8b30-555f64f62a65
Google Drive,Jianing Fu,2022-07-08T18:47:27,IntroductionSessionPlaceholder.png,cb974949-d7dd-52e0-b0cf-eedbb65b4856
Google Drive,Jianing Fu,2022-07-08T18:47:14,SiteTitlePage.png,1b14846d-8eaf-54d5-ad5a-8b3fec74681b
Google Drive,Lauren Klein,2022-05-23T13:07:55,May 2022 whiteboard images,f042d474-101b-546e-b7c8-cbebde45a100
Google Drive,Lauren Klein,2022-05-23T13:00:09,IMG_6942.jpg,f9f30b00-9e14-5ad1-938e-597343102b19
Google Drive,Lauren Klein,2022-05-23T13:00:07,IMG_6945.jpg,9b048d82-a28c-5a8f-866d-f12dd6ed2641
Google Drive,Lauren Klein,2022-05-23T13:00:04,IMG_6949.jpg,2f3bef19-0c9a-5369-bbe2-061ba8bf5a6e
Google Drive,Lauren Klein,2022-05-23T12:59:51,IMG_6941.jpg,c15336aa-4090-524b-af5d-00f5d309fd51
Google Drive,Lauren Klein,2022-05-23T12:59:43,IMG_6950.jpg,8ad7ae19-d77e-5afa-903d-3f163f4b58e4
Google Drive,Lauren Klein,2021-09-27T14:40:10,DxD Software Engineer Fall 2021,1e4ee0b6-dc34-54d5-9461-905c804979e8
Google Drive,Lauren Klein,2021-04-06T16:38:25,DxD web developer job ad Summer 2021,0419c157-39df-5437-95a7-fc5f881c71e9
Google Drive,Lauren Klein,2021-01-08T04:35:59,Jan 2020 final todo,cfc1df0f-6505-5de7-9e4b-61ecd8d861b0
Google Drive,Lauren Klein,2020-08-27T23:32:27,Images and Dates,0be8ba99-edbf-57c6-bf88-18e93fe65ff7
Google Drive,Lauren Klein,2020-08-25T17:31:59,curve-trimmed.png,58579b85-03cd-5b52-893b-65a6c7a0efdd
Google Drive,Lauren Klein,2020-08-25T17:27:36,curve-long.png,bd861335-f859-54e3-8bb4-f52cc2eda4b4
Google Drive,Lauren Klein,2020-08-25T17:25:51,gradient wave.sketch,733fa5ef-9408-5854-b0e7-9e5345929269
Google Drive,Lauren Klein,2020-07-29T15:29:44,Design Elements,8425a070-d441-5e4e-b432-a1b6b91fa9b5
Google Drive,Lauren Klein,2020-06-07T16:25:38,NEH Questions,53026936-d7d6-55cf-bfa9-0199f88069c4
Google Drive,Lauren Klein,2020-05-04T18:23:11,timelines-and-colors.pdf,b11ad253-1443-5d26-8906-5db174b2ee8c
Google Drive,Lauren Klein,2020-02-10T18:08:22,Wireframes,427b877d-57cd-511b-97fe-0abe996c0777
Google Drive,Lauren Klein,2020-08-24T19:24:19,DXD_Qing.v3.pdf - FINAL NAVS/FONTS/ETC,472d1480-981e-59d4-b5fd-d6b6c64b1c08
Google Drive,Qing Tian,2020-08-21T14:17:53,0602 Design PNGs - LOGO IDEAS,f1d01498-b64d-5426-b531-ce1fc7ab090e
Google Drive,Qing Tian,2019-06-03T01:00:05,Logo.sketch,26721aa7-2e22-53ee-8368-0a7ccae80212
Google Drive,Qing Tian,2019-06-03T01:00:04,logo_design.jpg,51b32d87-97b2-5a1c-91ca-def730beb5c7
Google Drive,Qing Tian,2020-08-21T14:17:27,0528 Design PNGs - FINAL FRONT PAGE,bcd3d41c-45e6-535e-8796-7db08399156f
Google Drive,Qing Tian,2019-05-28T18:36:24,UI Style_Guide.png,8667f3a0-fa16-55cf-84ec-eccbb8a8b75d
Google Drive,Qing Tian,2019-05-28T18:28:37,Design_0528.png,e8a60e20-bd0f-5eb2-94a1-dd034d72d8df
Google Drive,Jianing Fu,2020-02-14T01:20:59,Figma Link,7c494b43-4f56-50de-84dc-78db2ddfd710
Google Drive,Jianing Fu,2020-02-10T18:09:15,ChapterTimeline_0210.png,9a6a5470-d564-541b-8207-353a5dee1f4b
Google Drive,Lauren Klein,2020-01-13T19:50:26,timelines.png,375a67d0-48f9-5b65-b518-b971668e73c8
Google Drive,Qing Tian,2019-06-16T14:13:46,0616 Design PNGs,668bc82d-e1bf-5592-abd2-f896d2a79987
Google Drive,Qing Tian,2019-06-16T13:56:13,interaction explaination.png,95b8584a-8170-563d-a748-ea0f31024f79
Google Drive,Qing Tian,2019-06-16T13:56:08,Design.png,d63c4fa0-86bc-5742-93b6-f3ada08f561f
Google Drive,Qing Tian,2019-05-08T00:36:01,0507 Design PNGs,5e69ec42-1ef8-5b5c-8e4a-fb4ac8872e6b
Google Drive,Qing Tian,2019-05-08T00:36:17,0507Design.png,27682965-476e-5162-a516-3f19eeaeb66a
Google Drive,Qing Tian,2019-04-30T13:39:57,0430 Design PNGs,377be073-5eef-52c8-aed7-a5501fb8709f
Google Drive,Qing Tian,2019-04-30T13:42:52,Final_Copy.png,3c1c8149-5b95-5b63-b141-b288a4e560ea
Google Drive,Qing Tian,2019-04-30T13:40:19,Final_Copy_Signedin.png,74146fcc-649b-5e33-988a-a743aee0d26b
Google Drive,Qing Tian,2019-03-13T16:29:14,0312 Design PNGs,c1358814-629e-5579-8c0d-66bb92e81d35
Google Drive,Qing Tian,2019-03-13T16:29:23,0312.png,8fabbef1-4005-5c04-873d-867b16ad36ea
Google Drive,Qing Tian,2019-03-05T14:30:53,0302 Design PNGs,acfb19e5-56d7-5044-946b-3d467260fbf0
Google Drive,Qing Tian,2019-03-05T14:31:13,0226.png,8d92aa95-760f-526f-9807-a672a852cb4f
Google Drive,Qing Tian,2019-03-05T14:29:27,0305 Design PNGs,8b33fcc4-5bad-5981-9818-2b3c6fa855cd
Google Drive,Qing Tian,2019-03-05T14:30:30,0305 copy.png,5f0fd528-3ed6-5f25-839a-953b1b5a4b66
Google Drive,Qing Tian,2019-03-03T05:45:56,0226 Design PNGs,220091d2-662d-5d72-beec-dfe717547374
Google Drive,Qing Tian,2019-03-03T05:46:18,0226.png,eeca698c-e6a5-5415-aace-175fff1a6b02
Google Drive,Qing Tian,2019-02-15T02:14:15,0214 Design rubrics,eb8c8f8e-efc4-5f84-87be-add0a09bb574
Google Drive,Qing Tian,2019-02-15T02:14:49,Design rubrics.png,4f228b33-1134-528d-990d-9b605246bae2
Google Drive,Qing Tian,2019-02-15T02:14:46,Color palette.png,c226901f-b719-53fd-be19-9a24a0394e55
Google Drive,Qing Tian,2019-02-06T21:36:01,DXD_Qing.sketch,d13a3c13-34ad-50da-bd55-767d39c42512
Google Drive,Qing Tian,2019-02-05T16:20:26,0204 Design PNGs,a1d153dc-5b8f-541c-aa74-e28bf6c52e8a
Google Drive,Qing Tian,2019-02-05T16:20:56,Landing_page.png,13ee9b8c-7455-5509-b7e7-f422fa6c82a1
Google Drive,Qing Tian,2019-01-21T23:07:46,0114 Design PNGs,9e2ff866-969d-55fd-b737-569add2fe838
Google Drive,Qing Tian,2019-01-21T23:09:32,Design_0114.sketch,9d84b8f5-0b2a-53d2-bf78-cd2472764af2
Google Drive,Qing Tian,2019-01-21T23:08:00,Landing Page_two.png,eba9b29b-b33a-5d8c-812c-33e6d88b6a58
Google Drive,Qing Tian,2019-01-21T23:07:58,Landing page_three.png,d1eb8a32-a82c-575b-9b02-2a212b44c4cf
Google Drive,Qing Tian,2019-01-21T23:07:56,Landing page_one.png,f80956a7-80df-517d-9eea-5711181d1fb5
Google Drive,Qing Tian,2019-01-21T23:07:56,signup.png,bb64c35e-e9df-5cba-8b9d-82121c9346a9
Google Drive,Qing Tian,2019-01-21T23:07:37,0107 Design PNGs,572a6f25-464d-5409-84b6-beb82151c5e7
Google Drive,Qing Tian,2019-01-08T15:35:25,Chapter timeline,572a779a-4630-5a6e-807e-936c706981e5
Google Drive,Qing Tian,2019-01-08T16:03:58,0108,6ea54489-e301-5b7e-88bf-33844a61ab79
Google Drive,Qing Tian,2019-01-08T15:35:42,Willard timeline.png,e3ace2e6-df08-5ff6-ab7f-7491ab83ddbb
Google Drive,Qing Tian,2019-01-08T15:35:39,Playfair.png,82f5e7b5-022f-5a6a-ae9a-ca095bd8b05e
Google Drive,Qing Tian,2019-01-08T15:35:38,Dubois timeline.png,b3f1ead3-64e1-5131-bb59-6f3f8ff932cc
Google Drive,Qing Tian,2019-01-08T15:35:37,Peabody Timeline.png,fbc9ba4d-8e4c-562c-b776-5985a98a5bc3
Google Drive,Qing Tian,2019-01-08T15:25:00,Chapter Design Style Guide,662d36b9-83f9-5592-9a06-bdf804a250ed
Google Drive,Qing Tian,2019-01-08T16:04:12,0108,f0b92b80-3b8a-528a-8a0c-9ce141655f15
Google Drive,Qing Tian,2019-01-08T15:28:51,Playfair.png,045edb57-0c91-56bf-8923-dc27371b0aec
Google Drive,Qing Tian,2019-01-08T15:28:51,Peabody.png,700ef3c9-e6d9-5b33-b654-4be3a03a4f67
Google Drive,Qing Tian,2019-01-08T15:28:51,Willard.png,0810fbc9-6afa-5cd5-a20c-f25e8423afee
Google Drive,Qing Tian,2019-01-08T15:28:50,Dubois.png,96a0dc58-7265-5d51-85e7-890cfeb0f2a3
Google Drive,Qing Tian,2019-01-08T15:23:37,Interactions_PNG,8b223fe6-382f-58cd-98d5-9d338c158736
Google Drive,Qing Tian,2019-01-08T16:04:28,0108,dbd7d5a0-eb1d-5020-9261-b0edb9a9bbd6
Google Drive,Qing Tian,2019-01-08T15:23:45,Chapter with Notes Copy 2.png,932341a9-3883-5605-b388-bc93895681cb
Google Drive,Qing Tian,2019-01-08T15:23:42,Chapter with Notes Copy.png,c2738639-d209-5efd-9da1-a6afa560d07e
Google Drive,Qing Tian,2019-01-08T15:23:39,Chapter with Notes.png,3a75b66e-e327-558b-8442-5b3bc0197366
Google Drive,Qing Tian,2019-01-08T15:23:05,Wireframe_PNG,4208cdbc-955c-51b6-b5da-b61278575085
Google Drive,Qing Tian,2019-01-08T16:06:38,0108,f89c80b7-296b-5220-aeb4-cf0f3be556b6
Google Drive,Qing Tian,2019-01-08T16:06:28,Chapter.png,eca73754-a03b-5315-8e8d-f439010bb730
Google Drive,Qing Tian,2019-01-08T16:05:47,Detailed feature page.png,7baa176d-f7e2-58d4-9e68-7e50198fd8dc
Google Drive,Qing Tian,2019-01-08T16:05:33,Feature_page.png,8da7cf08-ec29-5156-839f-d5676ddc61a3
Google Drive,Qing Tian,2019-01-08T15:23:11,Individual feature page.png,339f7c4e-d689-5556-bd4f-16c186bc857a
Google Drive,Qing Tian,2019-01-08T15:23:11,Sign in page.png,de2011d7-c8f5-5f7f-89dc-68e31e3dd577
Google Drive,Qing Tian,2019-01-08T15:23:11,All chapters page Copy.png,dc62b9c6-66c2-5c1d-bbca-a8e6f106ad7c
Google Drive,Qing Tian,2019-01-08T15:23:09,Note Detail.png,fafe538f-443c-575c-a1ba-cb2e9cabc2d8
Google Drive,Qing Tian,2019-01-08T15:23:07,Sign up page.png,3a27ce6d-81bb-529e-98df-bd39f43499c2
Google Drive,Qing Tian,2019-01-08T15:23:07,Chapter Detail.png,cd8e6b71-1c43-5c85-a48a-b3a204c570d0
Google Drive,Qing Tian,2019-01-08T15:23:07,Chapter Selection.png,afd0872b-48f2-529f-8c71-5b858763111d
Google Drive,Qing Tian,2019-01-08T15:23:07,All features page.png,32afdb9e-227b-52b6-be90-0fa44ec0e6d2
Google Drive,Qing Tian,2019-01-08T15:23:07,All chapters page.png,747547ec-da22-5045-af99-408c3267d80b
Google Drive,Qing Tian,2019-01-08T15:23:07,Chapter with Notes.png,307b3e18-1dab-5ed2-8aad-aba0013b6949
Google Drive,Qing Tian,2019-01-08T15:23:06,Credit page.png,9440bfbc-30f0-5aa3-b9f7-e61c8ef210d4
Google Drive,Qing Tian,2019-01-08T15:23:06,Note Export.png,07e5b16b-dab3-5130-ba66-469b04a7ecc9
Google Drive,Lauren Klein,2019-01-08T13:35:46,Older Design Files,dc9cbf35-9971-5f77-aac0-58a865b2c3dc
Google Drive,Lauren Klein,2019-01-11T14:23:41,DXD_Qing-0119.sketch,c678dbf4-1453-547c-ac67-9c9b20d5ea56
Google Drive,Lauren Klein,2019-01-08T13:28:13,DXD_Qing-0119.pdf,272b0dcd-ff35-5b48-80ad-6f87668500d6
Google Drive,Qing Tian,2019-01-08T13:22:17,DXD_Qing-0918.sketch,7f036d2b-745b-5402-95fd-cee06892d095
Google Drive,Lauren Klein,2018-07-17T16:40:11,All chapters page Copy.png,bddae238-a9df-5d47-aee3-fce3771ec368
Google Drive,Lauren Klein,2018-06-14T17:55:25,DXD_MO.pdf,88930e44-8bb5-5d57-bda6-b196ab1c8018
Google Drive,Lauren Klein,2018-06-14T17:51:12,Chapter Detail (1).png,32cb77d9-0954-5c4e-85e6-15c135b4bd57
Google Drive,Lauren Klein,2018-06-14T17:51:12,Chapter with Notes (1).png,0b3ca515-ac5b-59e9-b40f-dfee754578b3
Google Drive,Lauren Klein,2018-06-14T17:51:10,Note Detail (1).png,14dc5d08-b609-51a9-b012-7c84acdd3ffb
Google Drive,Lauren Klein,2018-06-14T17:51:10,Chapter Selection (1).png,f0acad21-4fc7-5f9f-9974-4021cc723aac
Google Drive,Lauren Klein,2018-06-14T17:51:10,Desktop HD Copy 5 (1).png,f133829d-e2a7-51e0-a701-5b704ae8394a
Google Drive,Lauren Klein,2018-06-14T17:51:10,Desktop HD Copy 7 (1).png,71622ca0-796a-5087-9fd4-004c898c3848
Google Drive,Lauren Klein,2018-06-14T17:51:10,Desktop HD Copy 4 (1).png,14d4db66-fdaf-5e77-8a9f-7c3b602b709f
Google Drive,Lauren Klein,2018-06-14T17:51:10,Note Export (1).png,beea994c-1cd7-5d68-a671-84d2468f8a69
Google Drive,Lauren Klein,2018-06-14T17:51:09,Desktop HD Copy 6 (1).png,60156291-bbc8-5d00-bce4-896e8cba4268
Google Drive,Lauren Klein,2018-06-14T17:51:05,Credit page.png,31bcf418-05f4-585b-bf57-f15851275542
Google Drive,Lauren Klein,2018-06-14T17:51:03,Individual feature page.png,0488e9aa-4821-5e55-8559-8227fbdf4447
Google Drive,Lauren Klein,2018-06-14T17:51:03,All chapters page.png,c13d8ac9-c5b9-582d-bfc8-41fc446bd7bc
Google Drive,Lauren Klein,2018-06-14T17:51:02,Sign up page.png,e4c0784e-d6b1-50e9-a092-ec2958df740a
Google Drive,Lauren Klein,2018-06-14T17:51:02,All features page.png,c5d302fd-b43c-5ddb-a4cd-333e52822eba
Google Drive,Lauren Klein,2018-06-14T17:51:01,Sign in page.png,444c9a16-d723-5532-878e-b6e4aae848b4
Google Drive,Lauren Klein,2018-06-14T17:50:13,Note Export.png,de30255f-e931-5901-b7b4-dd6bf1dfd8d9
Google Drive,Lauren Klein,2018-06-14T17:50:12,Note Detail.png,125fa812-eeba-5fee-983e-5a12288af479
Google Drive,Lauren Klein,2018-06-14T17:50:08,Desktop HD Copy 2.png,0f015d63-a094-5f0d-8a2c-9a230c9c3a1e
Google Drive,Lauren Klein,2018-06-14T17:50:08,Chapter with Notes.png,3fe42524-63e3-5ba2-b758-730686b64fa2
Google Drive,Lauren Klein,2018-06-14T17:50:08,Chapter Detail.png,c6f90bd7-fb81-5e99-9702-bb98e3ee1505
Google Drive,Lauren Klein,2018-06-14T17:50:07,Chapter Selection.png,0715667b-699b-52f1-bc04-c879d564e760
Google Drive,Lauren Klein,2018-06-14T17:50:07,Desktop HD Copy 6.png,30afbe58-494f-53a0-b1ac-cd026b64f40c
Google Drive,Lauren Klein,2018-06-14T17:50:07,Desktop HD Copy 4.png,0c252c50-27c4-5c73-820d-460379044478
Google Drive,Lauren Klein,2018-06-14T17:50:07,Desktop HD Copy 5.png,7451beb3-ad39-59db-a548-09c3ffab7372
Google Drive,Lauren Klein,2018-06-14T17:50:07,Desktop HD Copy 7.png,ba3ad63c-3f6b-54c2-b468-a2f44fe1957a
Google Drive,Lauren Klein,2018-06-14T17:50:07,Desktop HD Copy.png,873b5090-c0f7-5c39-92e0-4c765fa48e18
Google Drive,Lauren Klein,2018-06-14T17:50:06,Desktop HD Copy 3.png,d78e0b78-dd8e-556e-aa41-d9a41a52663d
Google Drive,Lauren Klein,2018-06-14T17:48:53,DXD_Qing.pdf,cd5cd6f2-26a3-577b-b331-1bcf66bb2785
Google Drive,Lauren Klein,2018-06-14T17:48:22,MO Older Versions,95739daa-f307-56c6-be52-03bde3dae4b9
Google Drive,Lauren Klein,2018-05-17T18:23:31,Note Export.png,779cdafd-0c02-5cbc-b57b-653b6758fbed
Google Drive,Lauren Klein,2018-05-17T18:23:30,Note Detail.png,d4c05fe9-a6bf-5d93-be1f-7fddbf0b550c
Google Drive,Lauren Klein,2018-05-17T18:23:27,Desktop HD Copy 5.png,191698b1-e6f7-56d5-823a-c5a0cd0d54ab
Google Drive,Lauren Klein,2018-05-17T18:23:27,Desktop HD Copy 7.png,355ea3c2-441e-53e0-a656-6c79c0b756c0
Google Drive,Lauren Klein,2018-05-17T18:23:27,Desktop HD Copy 6.png,e7a7a2b5-76a9-5b9f-9403-ccccf4f724b0
Google Drive,Lauren Klein,2018-05-17T18:23:27,Desktop HD Copy.png,8156bf47-d076-5a5f-a8c6-8f4293b64be9
Google Drive,Lauren Klein,2018-05-17T18:23:27,Desktop HD Copy 3.png,84e8b3b3-94e7-5745-bbc2-3e0cf583d03f
Google Drive,Lauren Klein,2018-05-17T18:23:27,Desktop HD Copy 4.png,10a7b248-4ccd-5898-9dd1-8d6fc6e16f6d
Google Drive,Lauren Klein,2018-05-17T18:23:26,Chapter Selection.png,c8cd778c-ad90-5b87-a716-5e0b6cb594ba
Google Drive,Lauren Klein,2018-05-17T18:23:26,Chapter with Notes.png,0012f993-1fca-587a-ad51-e5f45528a7db
Google Drive,Lauren Klein,2018-05-17T18:23:26,Desktop HD Copy 2.png,4ae11ce7-18b0-5348-8119-9cfe81b1124f
Google Drive,Lauren Klein,2018-05-17T18:23:25,Chapter Detail.png,fbf29e31-3b27-536b-8ab4-c5a49be5fabb
Google Drive,Morgan Orangi,2018-05-14T18:57:33,DXD_MO.sketch,56d77c6d-b423-52df-ad93-bf0bd147b97e
Google Drive,Qing Tian,2019-08-19T03:38:09,Logo.sketch,e823167c-f601-5deb-aaa6-559a4e45a0ca
Google Drive,Qing Tian,2019-08-19T03:36:02,DXD_Qing.sketch,5f96a1cb-b354-50ac-ba75-1276eda66ec6
Google Drive,Lauren Klein,2019-08-04T08:17:56,Start of Summer 2019 Project Status Notes,255bcd0e-a099-53af-aeea-f775bc7a6a15
Google Drive,Lauren Klein,2019-03-07T04:46:07,Chapter Titles Etc.,7e9425db-eac1-522a-93f4-5e059c4f5f67
Google Drive,Zoe Wangstorm,2019-03-02T22:41:24,Quantification Ideas,9831f80d-f0d2-5a8d-80c3-82d0bc0a31bc
Google Drive,Lauren Klein,2018-09-07T16:59:18,Summer 2018 meeting notes,3e0952e1-e360-5e8f-884f-3cb7c5de1aa0
Google Drive,Adam Hayward,2018-07-12T18:16:33,DxD Questions and Issues,84a96a57-038d-534a-bab0-3f2401d070df
Google Drive,Morgan Orangi,2018-02-22T17:31:15,Design Guidelines,2bbb35a2-1fd2-5955-9663-19bd2a1a5ebb
Google Drive,Morgan Orangi,2018-02-15T16:01:10,MO Blog Post,9e374d9f-b984-52cc-9f6d-e503801bafe3
Google Drive,Qing Tian,2018-02-08T16:21:40,Digital book examples,08b692f8-7c33-57ca-829e-73cf2add9cf4
Google Drive,Lauren Klein,2019-01-08T13:34:50,Chapter 5 - Du Bois,1617c167-bafa-5762-895e-1020ca9a0a67
Google Drive,Tanvi Sharma,2025-12-09T17:52:14,Data for DuBois Pie Charts,8cc4f9b0-7980-5055-935e-d361551f486b
Google Drive,Tanvi Sharma,2025-10-30T20:56:31,[Chart 2] List of location for survey,14cb6b15-e7ae-57fa-94ef-c9a1f9251327
Google Drive,Tanvi Sharma,2025-08-18T15:15:48,[Chart 3] Quotes DuBois,4e3027a6-46d2-52b0-811e-22632b23587e
Google Drive,Tanvi Sharma,2025-05-14T14:46:51,[Chart 1] 1898-1899-all-grads,b1dec618-14d9-5bb0-b511-180f368490ec
Google Drive,Yang Li,2024-05-02T20:17:48,Du Bois Viz Outline,9dc31126-d784-5c7a-969e-30043f2399d7
Google Drive,Lauren Klein,2024-04-29T15:40:42,1898-1899-all-grads,86ac8c22-c0de-54ce-ba73-a63257b97eea
Google Drive,Lauren Klein,2024-04-29T15:34:46,1898-1899-all-grads.tsv,8ece624d-9fca-5192-a072-8f28d8d254d5
Google Drive,Lauren Klein,2024-04-23T18:31:24,5-dubois-apr24,e90a021b-0d98-5124-be0e-876da3e1e4b2
Google Drive,Lauren Klein,2023-08-31T16:38:40,Charts 1-3 Copy,87f9724e-cbb9-54fd-b458-758ab04c2d56
Google Drive,Tanvi Sharma,2022-07-24T18:06:09,1910-student-responses,4de574c0-2a7c-5765-8f5b-278ef6be907f
Google Drive,Lauren Klein,2022-07-21T19:49:11,[Chart 2] 1909-1910-college-grads.csv,a2ba9f5f-ff97-5d35-9f97-96298e632a72
Google Drive,Lauren Klein,2022-07-21T19:49:03,[Chart 1] 1898-1899-all-grads.csv,086fa172-a85f-59eb-87ae-6b84799cdfa5
Google Drive,Lauren Klein,2022-07-21T16:36:43,Du Bois 1900 Atlanta University Study,a6cf7080-58f5-5e68-a7ba-d83cdb62b89d
Google Drive,Lauren Klein,2022-07-21T16:36:28,Du Bois1910 Atlanta University Study.pdf,d0de47ae-925f-5bbc-8858-fb2e189a75ea
Google Drive,Lauren Klein,2022-07-20T18:14:27,1910 Student Workers names and professions,cfd879f8-c0c7-5a08-a04b-6ed53f2a0a33
Google Drive,Lauren Klein,2022-07-20T18:10:36,1900 Student Workers names and professions,7880498f-f168-5710-a2da-88f23189e3a7
Google Drive,Lauren Klein,2022-07-20T17:58:51,1909-1910-college-grads-tsv.txt,bcf98391-539b-5695-a07f-58751aa24c70
Google Drive,Lauren Klein,2022-07-20T17:54:26,Old stuff,e6f8b22b-ee60-5e7a-9b07-7dcbf298977e
Google Drive,Lauren Klein,2022-07-13T12:56:08,college-grads-1910-tsv.txt,6c0e96af-bfe3-5b4c-a29e-96b6a9e89b5d
Google Drive,Lauren Klein,2022-07-13T02:35:15,student-workers-1900-tsv.txt,85bf93a1-5906-5775-b4ea-a35aff16d0de
Google Drive,Lauren Klein,2022-07-12T20:57:41,OLD DO NOT USE DxD // 330 Students Data 98-99,199187e7-a105-5b87-aa75-cefc2491524c
Google Drive,Lauren Klein,2022-07-12T20:53:34,330-students-1899-tsv.txt,d1b13375-b2b0-5a11-baa3-a24e41d598d6
Google Drive,Tanvi Sharma,2022-07-09T23:57:41,Student Catalogue 1909-1910,b7161828-829e-5286-9daf-f3653d7c9157
Google Drive,Lauren Klein,2022-06-20T21:28:56,Atlanta University grads names and professions,017d4f04-5ee2-5a24-a171-0372bd2f6a33
Google Drive,Anna Mola,2022-06-09T16:23:34,student-names,99dc5f47-a5ed-5872-92aa-256aaca483d3
Google Drive,Lauren Klein,2022-05-16T15:18:55,dubois_student_names,3b7aac66-dd12-5803-86d0-f187b0d01de8
Google Drive,Lauren Klein,2022-03-28T18:20:32,student-names.csv,47e68295-f10c-5ea4-bd42-dd570c34d53b
Google Drive,Lauren Klein,2022-03-28T18:16:27,dubois_student_names.csv,e44114d1-f5eb-5238-967f-04c584daa8ce
Google Drive,Jianing Fu,2021-03-12T00:58:52,Du Bois Visualization Comparison,9b7a9db8-0c8c-5b89-89df-ac19b5b7df6a
Google Drive,Zoe Wangstorm,2018-07-27T19:19:48,DuBois Correspondance Notes,46f37ccd-fb42-5b33-8d88-3071db65bcaf
Google Drive,Lauren Klein,2018-06-11T18:06:14,Du Bois Research Notes / Tips,a757f46e-7d8a-5619-b360-e702b602e074
Google Drive,Lauren Klein,2018-04-30T17:41:19,Datasets for Visualizations,17fcb5dd-07be-5ac8-ad00-a669ba007e99
Google Drive,Zoe Wangstorm,2018-03-08T16:48:04,Zoe Research notes 02/28/18,3574b1df-b0ea-5193-a633-60d756b927f4
Google Drive,Zoe Wangstorm,2018-02-21T18:43:23,Research Notes - ZW 2-16-18,3a9f41b9-cd22-5693-93d0-4b08033e17f4
Google Drive,Lauren Klein,2022-07-20T17:37:48,1898-1899-all-grads-tsv.txt,ba9cd6aa-fe33-5d56-bb13-b4037a236ac8
Google Drive,Lauren Klein,2022-07-06T16:06:42,1910-student-responses.csv,59ff7e7f-e3fa-51b1-98ac-26c31d75c50b
Google Drive,Lauren Klein,2022-06-26T21:17:52,1909-1910 catalog.pdf,b1eb4c47-b194-50f8-95e3-1b2e557b26fc
Google Drive,Lauren Klein,2022-06-24T02:05:55,1899-1900 catalog.pdf,ad6dfa20-8efa-5b88-b0b1-36946db2e205
Google Drive,Lauren Klein,2022-05-20T16:38:28,Du Bois Student Vis Notes,4dc83489-9ab5-5d4d-be56-2b5c53b2078c
Google Drive,Lauren Klein,2022-05-04T17:40:21,Du Bois Student Quotes,7bfeb67c-bd73-5427-8e7c-5ec53d448b43
Google Drive,Zhou Fang,2021-12-30T21:08:51,63 charts,948f076c-d443-5e1b-805e-088c9dd2ec34
Google Drive,Zhou Fang,2021-11-15T17:13:39,925.jpeg,88be181e-866e-547e-956f-a7811e532cac
Google Drive,Zhou Fang,2021-11-15T17:13:38,923.jpeg,1752797b-49d1-547c-91f2-3e395fa36133
Google Drive,Zhou Fang,2021-11-15T17:13:38,922.jpeg,3cc5f731-ae75-5a21-aae4-e64966d65000
Google Drive,Zhou Fang,2021-11-15T17:13:38,924.jpeg,19de194d-9d1d-502a-8d20-5023e00d6f7c
Google Drive,Zhou Fang,2021-11-15T17:13:37,921.jpeg,dc0281d6-3127-55c3-8199-309df810d36a
Google Drive,Zhou Fang,2021-11-15T17:13:36,920.jpeg,75bcbf18-a1dc-5622-8012-1d363ae2a658
Google Drive,Zhou Fang,2021-11-15T17:13:36,919.jpeg,ae5ef599-b89b-5395-9edd-71d18579a733
Google Drive,Zhou Fang,2021-11-15T17:13:35,917.jpeg,27f77cc6-14d5-5c1f-9508-ff5da0e62da9
Google Drive,Zhou Fang,2021-11-15T17:13:35,916.jpeg,b9dff038-d021-5d6c-a56c-1a93356028de
Google Drive,Zhou Fang,2021-11-15T17:13:35,918.jpeg,6767f1c0-1049-5cf5-8a20-b7681066f48a
Google Drive,Zhou Fang,2021-11-15T17:13:34,915.jpeg,e78728aa-8d49-5b7f-ba08-7d3d793ba1ed
Google Drive,Zhou Fang,2021-11-15T17:13:34,914.jpeg,2440b035-0588-53ca-ad0d-ccb0b81d064c
Google Drive,Zhou Fang,2021-11-15T17:13:33,913.jpeg,0ce21386-d516-573c-93ed-fb251439c03e
Google Drive,Zhou Fang,2021-11-15T17:13:33,912.jpeg,3060735a-82cf-5435-b8da-bbf57d7522dc
Google Drive,Zhou Fang,2021-11-15T17:13:32,911.jpeg,4f4333b0-7cf4-5cc0-9a6a-253ead23f179
Google Drive,Zhou Fang,2021-11-15T17:13:32,910.jpeg,b2983af7-9ff7-57ee-9e57-0e9d4b7621cf
Google Drive,Zhou Fang,2021-11-15T17:13:31,906.jpeg,51f935ed-cf00-5617-9e3c-676b2a2f9520
Google Drive,Zhou Fang,2021-11-15T17:13:31,908.jpeg,57e73f09-c94c-53f8-8135-a10e05406e1b
Google Drive,Zhou Fang,2021-11-15T17:13:31,907.jpeg,0f05eb53-acf2-5964-b294-7c8e062eddeb
Google Drive,Zhou Fang,2021-11-15T17:13:31,909.jpeg,d73f2ae3-28ae-5b7a-bd84-5b9a5ebb63d4
Google Drive,Zhou Fang,2021-11-15T17:13:30,904.jpeg,7a7d3403-045c-57e1-a671-48c634a68859
Google Drive,Zhou Fang,2021-11-15T17:13:30,905.jpeg,f223aa2c-0134-509e-99ea-2c952d447c4d
Google Drive,Zhou Fang,2021-11-15T17:13:29,903.jpeg,aa3e0d05-0a08-5c15-b545-d0f1c1353263
Google Drive,Zhou Fang,2021-11-15T17:13:28,901.jpeg,c5f29bc2-a1b4-50c8-9684-844696812133
Google Drive,Zhou Fang,2021-11-15T17:13:28,902.jpeg,bb9922ba-973b-527b-978a-782ec35daf16
Google Drive,Zhou Fang,2021-11-15T17:13:27,900.jpeg,eea4b7a6-bc40-5b7e-9cd3-30ddbd38634d
Google Drive,Zhou Fang,2021-11-15T17:10:25,899.jpeg,edd7eed9-487c-5d8d-aeb2-8e2140106322
Google Drive,Zhou Fang,2021-11-15T17:10:25,898.jpeg,365fa2f3-62ee-5413-b011-6a1606368434
Google Drive,Zhou Fang,2021-11-15T17:10:24,897.jpeg,809b6239-531a-5f38-a615-c7845ecfd0c5
Google Drive,Zhou Fang,2021-11-15T17:10:24,896.jpeg,74499d70-2adb-52ea-bed0-291214e6a821
Google Drive,Zhou Fang,2021-11-15T17:10:23,894.jpeg,cadea625-da15-50e8-af2f-6946bb4914de
Google Drive,Zhou Fang,2021-11-15T17:10:23,892.jpeg,363ec4b2-926f-5a16-abd9-b2fd3820cdf2
Google Drive,Zhou Fang,2021-11-15T17:10:23,895.jpeg,6f3c07d2-d14f-5acb-959a-d41b164fb72c
Google Drive,Zhou Fang,2021-11-15T17:10:23,893.jpeg,d3df2f9a-0cec-5adc-bb8a-ac1efe062e31
Google Drive,Zhou Fang,2021-11-15T17:10:23,891.jpeg,26d93eaf-0ba3-5e59-bd2f-cdcf65eb5082
Google Drive,Zhou Fang,2021-11-15T17:10:22,889.jpeg,12218bfa-99bb-5e9c-bf7d-14fda3809fd8
Google Drive,Zhou Fang,2021-11-15T17:10:22,888.jpeg,3769aceb-8584-5640-85bf-d89e09c5dde4
Google Drive,Zhou Fang,2021-11-15T17:10:22,890.jpeg,952e9680-9e4e-504f-89ab-08e2e05a5401
Google Drive,Zhou Fang,2021-11-15T17:10:21,886.jpeg,3ad49de0-07f0-58f8-bed3-50b6bc246008
Google Drive,Zhou Fang,2021-11-15T17:10:21,887.jpeg,f868bddc-d4e3-51e0-b671-40834c02bd3a
Google Drive,Zhou Fang,2021-11-15T17:10:20,884.jpeg,d13d650d-d1d0-53d1-abfc-e879186592c5
Google Drive,Zhou Fang,2021-11-15T17:10:20,885.jpeg,5f5c39d2-6da4-544b-9bf7-8d69ab029fe4
Google Drive,Zhou Fang,2021-11-15T17:10:19,883.jpeg,bf82a284-b603-5220-b83c-cb10dbee9c22
Google Drive,Zhou Fang,2021-11-15T17:10:19,882.jpeg,68f0aa37-80d9-5592-b6d7-8fd38198793b
Google Drive,Zhou Fang,2021-11-15T17:10:19,881.jpeg,9b3be750-06eb-55e1-bada-d73c2fb727fd
Google Drive,Zhou Fang,2021-11-15T17:10:18,880.jpeg,17beafab-9747-506b-bc0f-4036d9729147
Google Drive,Zhou Fang,2021-11-15T17:10:18,879.jpeg,5bb7b6e4-ad80-5941-afee-fbe7e3dd34bd
Google Drive,Zhou Fang,2021-11-15T17:10:17,878.jpeg,78729616-7fd6-5fa9-813a-e40033f1c179
Google Drive,Zhou Fang,2021-11-15T17:10:16,877.jpeg,613affab-0d33-5cf8-8225-733c75277f6d
Google Drive,Zhou Fang,2021-11-15T17:10:16,876.jpeg,6c2a3723-2e53-5d0c-83b7-e1e57b6e2709
Google Drive,Zhou Fang,2021-11-15T17:10:16,875.jpeg,94bbb22f-fa58-5ebf-acff-efd46c22a279
Google Drive,Zhou Fang,2021-11-15T17:10:15,873.jpeg,63196b84-578b-51d5-8079-4102d34d6f88
Google Drive,Zhou Fang,2021-11-15T17:10:15,874.jpeg,ccce64ef-6343-5d4b-a293-830b023d9a4f
Google Drive,Zhou Fang,2021-11-15T17:10:14,871.jpeg,bcd902b2-6789-5515-a67c-84c6f2b91cdf
Google Drive,Zhou Fang,2021-11-15T17:10:14,872.jpeg,af530c5e-bb3f-5e83-89ed-ce6a49b9fc69
Google Drive,Zhou Fang,2021-11-15T17:10:13,869.jpeg,5e06a758-6ccc-573c-b957-1814f1250a6b
Google Drive,Zhou Fang,2021-11-15T17:10:13,870.jpeg,4b5145fa-f4a8-555d-a40b-6518f1ce1500
Google Drive,Zhou Fang,2021-11-15T17:10:13,868.jpeg,b836c323-b7f0-5664-8609-3842bedc6d43
Google Drive,Zhou Fang,2021-11-15T17:10:13,867.jpeg,941dd024-7e1b-5e03-905c-983976fee612
Google Drive,Zhou Fang,2021-11-15T17:10:12,865.jpeg,8677b6e9-8874-5c8b-b238-68247c75adc0
Google Drive,Zhou Fang,2021-11-15T17:10:12,866.jpeg,fb091490-dc95-578c-bce2-6cf6bd091d73
Google Drive,Zhou Fang,2021-11-15T17:10:11,864.jpeg,a2848395-e676-59c3-861b-7225006ad339
Google Drive,Zhou Fang,2021-11-15T16:58:17,863.jpeg,579d7e27-fdeb-58fa-adf4-44a9d8d54f50
Google Drive,Lauren Klein,2021-02-21T17:26:40,du bois college-bred negro.pdf,1b0018df-b6c8-59b4-a961-4aca2b093a55
Google Drive,Lauren Klein,2018-10-18T02:24:04,1898-1899 catalog.pdf,ce4dbe10-8c24-5918-a59d-c8cfccb02db7
Google Drive,Adam Hayward,2018-06-18T15:06:55,Code Documentation,1ad097aa-943b-5f72-8bf1-fb062e5579d2
Google Drive,Adam Hayward,2022-08-07T23:20:14,The DxD Handbook,cb5e52a3-54d9-5610-bebd-cbc3b9644a4b
Google Drive,Dan Jutan,2020-12-23T02:56:05,Run Local w/ Remote Server,b28dadcd-2934-5dbf-a367-a96ea6cbdccb
Google Drive,Dan Jutan,2020-01-17T20:39:02,DxD Notebook Feature Planning,5bf63dc7-73f0-5048-b112-9bbba0305978
Google Drive,Adam Hayward,2020-01-15T18:34:20,API Documentation,5632d24f-84e5-5526-9e6f-e710be217d18
Google Drive,Adam Hayward,2018-11-29T20:07:02,Project Management,2143ea7e-e40d-5ba5-b7a5-38ded150b1ba
Google Drive,Adam Hayward,2019-01-08T16:29:45,Project Planning,68a4ba78-4263-5dd0-8f9c-d4b97f2f3aaa
Google Drive,Adam Hayward,2019-01-08T16:12:58,User Stories,521b6ba7-6bfd-5d0c-9c11-60d2b083bc54
Google Drive,Adam Hayward,2018-10-01T17:00:08,Whiteboard Notes,cbb31ef1-86bd-5752-9852-c43f27db7d0c
Google Drive,Adam Hayward,2018-10-01T17:00:25,Highlighting and Text Changes,888ac3b3-36db-5c1b-b12d-d1eef76782bd
Google Drive,Adam Hayward,2018-10-01T17:03:08,FrontEndIssues.jpg,90686b47-4de3-5d6d-972c-2c490388ed57
Google Drive,Adam Hayward,2018-10-01T17:02:56,ProblemDescription.jpg,4132697c-9333-5608-a28f-4191277c3027
Google Drive,Adam Hayward,2018-10-01T17:02:30,ChapterExample.jpg,9a1ecd18-2e62-5634-a138-f8cad2987722
Google Drive,Adam Hayward,2018-10-01T17:02:17,HowCanFrontEndDoIt.jpg,cb5448cd-ee98-5ba6-8ea5-e651bc72bd4a
Google Drive,Adam Hayward,2018-10-01T17:01:53,ProsCons.jpg,7e00a404-e294-5852-862d-4a40f34aedec
Google Drive,Adam Hayward,2018-10-01T17:01:41,VersioningDescription.jpg,a8e55b95-8a86-5ff1-ab34-be415c00fa48
Google Drive,Adam Hayward,2018-09-27T04:13:31,Database plans,3219dde0-01e2-595b-afbe-dcd9947be43d
Google Drive,Adam Hayward,2018-09-11T19:19:18,Running Developer Notes,e3624973-fba7-5e1a-a1b8-0ebad736ea8b
Google Drive,Adam Hayward,2018-07-13T17:36:16,Running DxD Locally,89a617d3-541b-50bf-877f-8ee22212b036
Google Drive,Adam Hayward,2018-05-10T18:22:10,Development Guidelines/Plan,56078580-a7a1-5f93-89f3-69848136ad02
Google Drive,Adam Hayward,2018-05-10T18:13:29,Data By Design Object Brainstorming,dc54bebc-5474-568f-971c-f37a6424c966
iCalendar,Everyone,2017-05-18T20:00:00,dh lab mtg,04256d55-b686-54ed-bda2-ae2dd6f8a378
iCalendar,Everyone,2017-05-25T20:00:00,dh lab mtg,a3346f38-81ae-5af9-a48c-cd782dd547ef
iCalendar,Everyone,2017-06-01T19:30:00,dh lab mtg,9bfd5526-cf0e-522b-8644-9aa6e7ff10af
iCalendar,Everyone,2017-06-05T20:00:00,dh lab mtg,2b7c4f1b-caeb-5cf5-8ab4-74431d51bcf8
iCalendar,Everyone,2017-06-08T20:00:00,dh lab mtg,6cb6eab8-70dc-5e80-8c2b-7eda079340a8
iCalendar,Everyone,2017-08-22T15:55:00,lab group meeting,f9aa877b-835f-51d3-8396-7e05b61e4956
iCalendar,Everyone,2017-08-30T18:30:00,dh lab meeting,9c91ffb1-5a82-5172-9f0d-85c70a11ae29
iCalendar,Everyone,2017-09-18T18:30:00,dh lab meeting,786f80ae-1415-523f-b289-574bf1e88aca
iCalendar,Everyone,2017-09-25T18:30:00,dh lab meeting,61dbf802-2669-5ffb-8c93-056f08821cd4
iCalendar,Everyone,2017-10-02T18:30:00,dh lab meeting,1a084f52-a75c-5b81-bf85-c99b89e3c2e9
iCalendar,Everyone,2017-10-16T18:30:00,dh lab meeting,a77f9f16-a0a2-5b5c-ae89-d5631d6dc1bc
iCalendar,Everyone,2017-10-23T18:30:00,dh lab meeting,4025d613-2396-5c4f-b585-875be99a0491
iCalendar,Everyone,2017-10-30T18:30:00,dh lab meeting,9ff9d91f-d87b-548f-8799-85cba84ecdac
iCalendar,Everyone,2017-11-06T19:30:00,dh lab meeting,60d410fb-ebc8-5550-8db2-7d179440aca4
iCalendar,Everyone,2017-11-13T19:30:00,dh lab meeting,cc14cb4d-3538-56f0-ac9b-026e6beb49f5
iCalendar,Everyone,2017-12-04T19:30:00,dh lab meeting,d9ad5923-69a5-57b1-8b30-0920d62f907b
iCalendar,Everyone,2018-01-18T18:00:00,lab group meeting,0b484ed5-5a4f-5580-80fd-cf77ecc46d0e
iCalendar,Everyone,2018-01-24T18:30:00,zoe / dh lab mtg,b9cfbeff-fcdb-5b85-84dc-ddbee06534fa
iCalendar,Everyone,2018-02-08T18:15:00,lab group meeting,dc796ef5-9eb0-5a1a-bb6f-eaa8dddc5255
iCalendar,Everyone,2018-05-02T17:00:00,lab group meeting,8e243c9b-828d-5180-aa70-f3a63f5428e1
iCalendar,Everyone,2018-08-24T18:00:00,dh lab meeting?,dc0b0722-1f90-5fc4-bb88-d1d8049ce903
iCalendar,Everyone,2018-09-07T18:00:00,dh lab mtg,1d471863-ae40-5ecb-a35b-bd5047389631
iCalendar,Everyone,2018-09-17T18:00:00,dh lab mtg,e2e25014-fd3a-5415-9d40-6ee7e44b2e8c
iCalendar,Everyone,2018-12-03T20:00:00,dh lab mtg -- maybe move to 2pm?,3f35a2a7-b739-5ee6-8908-82ecf3659848
iCalendar,Everyone,2020-01-13T20:00:00,dxd mtg,6f9869db-f6c6-5f5f-9063-98e4f63b61ab
iCalendar,Everyone,2020-03-30T18:30:00,dxd mtg,12e9a75c-e376-5760-b784-659c4ef5ea6f
iCalendar,Everyone,2020-05-29T18:30:00,Dxd mtg,324e1032-b1a2-5deb-b9b6-e0da32e33461
iCalendar,Everyone,2020-08-24T19:30:00,DxD mtg,5e523a05-46ad-558b-a8c1-145cb2fab800
iCalendar,Everyone,2021-01-26T19:00:00,DxD mtg,514d85b6-8054-5c35-88e5-e95fe3257faa
iCalendar,Everyone,2021-03-23T18:00:00,DxD mtg,309aa7ae-e2d7-522e-9246-d6590f8b9a07
iCalendar,Everyone,2021-04-13T18:00:00,DxD mtg,072e37e5-fb5c-564f-b7aa-4e34749733a0
iCalendar,Everyone,2021-05-05T19:30:00,DxD mtg,e74d54c9-89eb-59f1-b478-41a7f53f1e08
iCalendar,Everyone,2021-05-24T15:30:00,DxD mtg,8f3b5e00-ecb1-5b75-89af-b7afaf9d09d9
iCalendar,Everyone,2021-06-01T14:30:00,DxD mtg,07c9144d-f616-5c74-9d43-367535c70a97
iCalendar,Everyone,2021-06-07T15:30:00,DxD mtg,fa05c565-b6fd-5ff5-9885-371524f9af6e
iCalendar,Everyone,2021-08-03T15:30:00,DxD mtg,71a4e50f-23f5-587e-8fe9-1542664d1443
iCalendar,Everyone,2021-08-17T15:30:00,DxD mtg,45aa16bf-d5c4-578e-a88f-40aa70424eba
iCalendar,Everyone,2021-09-13T19:30:00,DxD weekly meeting,c398615a-bc88-5375-aefe-217190e009af
iCalendar,Everyone,2021-09-17T16:00:00,DxD / Du Bois visualizations,5f660c21-ea31-59a2-bbbb-b4bbbdfc664f
iCalendar,Everyone,2021-09-17T17:00:00,DxD / Du Bois visualizations,d916f663-55bd-5e8e-b963-0c54aefb94f9
iCalendar,Everyone,2021-09-28T20:00:00,DxD weekly meeting,b6939677-3da2-5bae-97aa-dad0134c4101
iCalendar,Everyone,2021-10-04T19:30:00,DxD weekly meeting,f02a237b-a137-54e4-a6ce-406597776093
iCalendar,Everyone,2021-10-11T19:30:00,DxD weekly meeting,0b8efa70-d4d4-585b-af4e-5616419821c2
iCalendar,Everyone,2021-10-25T19:30:00,DxD weekly meeting,6e0568cd-e086-5e94-b4c2-798d77640317
iCalendar,Everyone,2021-11-01T19:30:00,DxD weekly meeting,5f75e67c-4ecd-58d9-84aa-089dc502f31d
iCalendar,Everyone,2021-11-08T20:30:00,DxD weekly meeting,8dfd46f0-2bd6-552c-bc84-854b30969ae2
iCalendar,Everyone,2021-11-29T20:30:00,DxD weekly meeting,53042e90-6f56-5828-81d3-f4889f180fe7
iCalendar,Everyone,2021-12-13T20:30:00,DxD weekly meeting,8aef5a3d-5f7b-50a8-8f5b-8043c4fb319a
iCalendar,Everyone,2022-01-24T20:30:00,DxD team mtg,8693a070-e276-5dde-95a8-1c453d937015
iCalendar,Everyone,2022-02-07T20:00:00,DxD team mtg,86a35229-4a4e-5b34-bf84-84834e55f9ea
iCalendar,Everyone,2022-02-14T20:30:00,DxD team mtg,2812f009-7e78-513d-98c6-dd199e61a418
iCalendar,Everyone,2022-03-14T19:30:00,DxD team mtg,5ca79bfe-1dc7-5bae-a425-29f14fadc3b5
iCalendar,Everyone,2022-03-21T19:30:00,DxD team mtg,42c1f797-e1c7-5b76-9142-ae3a06941a17
iCalendar,Everyone,2022-03-28T19:30:00,DxD team mtg,f8928371-5ba6-5de8-b0e6-dcc82624403f
iCalendar,Everyone,2022-04-18T19:30:00,DxD team mtg,ec5a6adb-7411-5392-9a40-9abf9915fa64
iCalendar,Everyone,2022-04-25T19:30:00,DxD team mtg,c40ff8b8-e72e-52ad-ab64-18e3f44c8951
iCalendar,Everyone,2022-05-02T19:30:00,DxD team mtg,d064b552-88b7-566b-a515-48c00991045c
iCalendar,Everyone,2022-05-09T19:30:00,DxD team mtg,d60eac92-88ee-5c82-a904-b9a3be2c44be
iCalendar,Everyone,2022-05-31T17:00:00,DxD team mtg,0c6fbc18-3b1d-541c-916a-7a5e8a26aead
iCalendar,Everyone,2022-07-09T00:00:00,DxD in person?,ecd226d5-4b2a-5617-8130-15953f37eed2
iCalendar,Everyone,2022-09-23T16:30:00,Lauren / Gita / DxD,429cedf5-ab57-51cc-a855-4809bdeb8929
iCalendar,Everyone,2022-11-07T21:30:00,DxD weekly meeting,948585fe-2390-5f1c-ba81-7525167a19b6
iCalendar,Everyone,2022-11-07T22:00:00,DxD weekly meeting,df9cae9b-0420-5c44-9225-75b670d08af7
iCalendar,Everyone,2022-12-02T18:00:00,DxD weekly meeting,d80ceee0-0150-599b-a945-089a6fb470ae
iCalendar,Everyone,2023-01-23T21:00:00,DxD weekly meeting - short one this week!,4df5eb2c-1906-5342-8789-aeeec8eaffd2
iCalendar,Everyone,2023-01-30T21:30:00,DxD weekly meeting,39638209-1fb6-5033-bec3-203d0b04c4d1
iCalendar,Everyone,2023-02-09T20:00:00,DxD work session,5f272814-54a8-5250-9b67-fcddeb8ba05a
iCalendar,Everyone,2023-03-07T20:00:00,DxD work session,5e7bc7bc-7b51-5103-a98e-22173a1b0683
iCalendar,Everyone,2023-03-08T22:00:00,DxD work session,76cdb23d-944f-575e-acb1-a787fde0a366
iCalendar,Everyone,2023-03-10T21:00:00,DxD work session,435a0315-fda3-57ca-b8ae-4d24ce0a3aed
iCalendar,Everyone,2023-03-16T17:00:00,DxD work session,4ccb4399-fd84-5dab-a683-592eea0cabd2
iCalendar,Everyone,2023-03-23T18:30:00,DxD work session,5a6f6011-7c90-5dee-adbe-9417bbc2dbe6
iCalendar,Everyone,2023-03-27T20:30:00,DxD weekly meeting,b533310f-353c-5d4a-9f56-c41d138c2583
iCalendar,Everyone,2023-04-06T19:00:00,DxD work session,c35e026e-c487-543f-9cff-a1ad41d6a64c
iCalendar,Everyone,2023-04-10T20:30:00,DxD weekly meeting,3e07e964-6cbb-5ce2-a949-1529eb33c601
iCalendar,Everyone,2023-04-13T19:00:00,DxD work session,fe01b804-8c52-5497-a9bf-49485bed75e6
iCalendar,Everyone,2023-05-15T20:30:00,DxD weekly meeting,44bee7c3-3720-59a5-b2e0-dc674252078a
iCalendar,Everyone,2023-05-25T19:00:00,DxD work session,41755013-0b05-5af8-b444-a9272562fcb8
iCalendar,Everyone,2023-06-06T19:30:00,DxD in person,92a1d542-85c0-5a8e-8e03-bf591e1e8c83
iCalendar,Everyone,2023-06-07T19:30:00,DxD in person,9068b841-7f3b-5d58-9f89-2b044ef1e5a3
iCalendar,Everyone,2023-06-08T19:00:00,DxD in person,1daebc6a-2983-5542-8824-84c2bf12a440
iCalendar,Everyone,2023-06-09T17:30:00,DxD in person,76187920-6d3e-5aaa-9c0c-66ce5d6fdb39
iCalendar,Everyone,2023-06-10T00:00:00,hold for DxD dinner,61058692-e51a-5ce2-a8de-35f9eb56f46b
iCalendar,Everyone,2023-06-20T18:00:00,DxD weekly meeting (tues only this week),3a45bc03-1cea-5b3d-8c8f-018dafe10d14
iCalendar,Everyone,2023-06-21T18:00:00,DxD / chapter nav,a83f3dc1-6cd7-59e1-97d6-b4a224959c37
iCalendar,Everyone,2023-06-26T18:00:00,DxD weekly meeting,5338ec06-0a72-5bd7-a566-a7df037ee7dc
iCalendar,Everyone,2023-07-11T18:00:00,DxD weekly meeting,daffc11f-d65f-5a3b-b169-34b288d1a432
iCalendar,Everyone,2023-07-18T18:00:00,DxD weekly meeting,f56d1331-c166-5954-ab5e-5123cfcde70d
iCalendar,Everyone,2023-08-15T18:00:00,DxD weekly meeting,c466b5f8-5b95-5115-b9c7-755a305eb934
iCalendar,Everyone,2023-08-21T18:00:00,DxD weekly meeting,669b27e7-419c-5783-9d7d-72920e6b9b0b
iCalendar,Everyone,2023-08-24T17:30:00,DxD - Brooks,6dd3c2b1-3f2f-5f6c-b860-f8cb91e59646
iCalendar,Everyone,2023-08-31T17:30:00,DxD - Du Bois,a4834c19-c44c-5913-a9c7-f76752eb766c
iCalendar,Everyone,2023-09-05T18:00:00,DxD weekly meeting,ad2fd282-cc26-593f-9cb1-78f899625de5
iCalendar,Everyone,2023-09-11T18:00:00,DxD weekly meeting,3daf94df-4627-5e3c-9a5a-b5bb4f5f818c
iCalendar,Everyone,2023-09-25T18:00:00,DxD weekly meeting,e11ebfb2-5e58-5d59-a30d-703a0a64942d
Figma,Tanvi Sharma,2026-02-02T17:18:00,Figma Update from Tanvi Sharma,3f861a0a-c047-534e-9ac6-1b2df383eba7
Figma,Silas Munro,2026-01-29T20:30:00,Figma Update from Silas Munro,0be39aeb-26c5-59f0-9c5a-0b24fa382e35
Figma,Tanvi Sharma,2026-01-29T20:30:00,Figma Update from Tanvi Sharma,fb73c6b4-0bee-5a07-ae1b-8fa83e970d28
Figma,Tanvi Sharma,2026-01-27T15:25:00,Figma Update from Tanvi Sharma,d4073d60-51d8-5c3c-b591-811e9fe2f3bd
Figma,Tanvi Sharma,2026-01-27T00:17:00,Figma Update from Tanvi Sharma,fe949f9b-43b8-55a0-b016-b389f80a7b1d
Figma,Tanvi Sharma,2026-01-26T22:31:00,Figma Update from Tanvi Sharma,70d2ea62-2fcc-529a-8cca-87fc45decfa9
Figma,Tanvi Sharma,2026-01-26T22:25:00,Figma Update from Tanvi Sharma,2f1a5325-558b-5b33-a127-c3a633418c57
Figma,Tanvi Sharma,2026-01-26T21:17:00,Figma Update from Tanvi Sharma,68252042-7baa-5acc-b520-b4d221c95977
Figma,Tanvi Sharma,2026-01-26T20:42:00,Figma Update from Tanvi Sharma,4106a5f3-b7fa-562d-82c8-56ce70ff076b
Figma,Tanvi Sharma,2026-01-26T19:31:00,Figma Update from Tanvi Sharma,399d0b96-4727-58c9-ba2e-f9db3d1d4b66
Figma,Tanvi Sharma,2026-01-26T18:54:00,Figma Update from Tanvi Sharma,c8d6074c-e234-5467-b04f-11134bb95dba
Figma,Tanvi Sharma,2026-01-22T17:31:00,Figma Update from Tanvi Sharma,859cfe13-be79-59d0-a044-722c5006fe46
Figma,Tanvi Sharma,2026-01-12T17:28:00,Figma Update from Tanvi Sharma,c3b810ed-5a5d-5b16-a2d6-508d165f8913
Figma,Tanvi Sharma,2026-01-07T18:19:00,Figma Update from Tanvi Sharma,5c6767b8-d95a-5675-8b38-8c648bb08a1d
Figma,Tanvi Sharma,2025-12-19T17:43:00,Figma Update from Tanvi Sharma,03dfd367-fec3-538a-9260-613e05b6f80f
Figma,Silas Munro,2025-12-19T01:24:00,Figma Update from Silas Munro,4a686ce8-1065-515d-85db-71c2d564476d
Figma,Silas Munro,2025-12-18T23:45:00,Figma Update from Silas Munro,0ea5e7cb-c042-5c6d-a248-ed930edca4a5
Figma,Silas Munro,2025-12-18T20:36:00,Figma Update from Silas Munro,1a529d75-1e5f-5d4f-8008-6f4c49a33ff6
Figma,Silas Munro,2025-12-18T20:20:00,Figma Update from Silas Munro,df6b05ba-f334-501e-b8ac-e888b9c4c8af
Figma,Tanvi Sharma,2025-12-18T20:20:00,Figma Update from Tanvi Sharma,560af4b4-8e18-5c6b-973e-db1fb9736c79
Figma,Tanvi Sharma,2025-12-16T21:50:00,Figma Update from Tanvi Sharma,d8312e12-094b-56cd-a3a9-3756ea6b8c80
Figma,Tanvi Sharma,2025-12-15T17:56:00,Figma Update from Tanvi Sharma,05265abc-3679-5d0e-898f-ec47e1190175
Figma,Tanvi Sharma,2025-12-11T22:34:00,Figma Update from Tanvi Sharma,d42eca64-176a-501c-ba90-1513511a1f43
Figma,Tanvi Sharma,2025-12-10T21:08:00,Figma Update from Tanvi Sharma,7f976ff2-1a67-5fd2-873b-dafa74b466b8
Figma,Tanvi Sharma,2025-12-10T18:31:00,Figma Update from Tanvi Sharma,4736e25a-83f5-5568-851f-03ec0706d543
Figma,Tanvi Sharma,2025-12-09T17:43:00,Figma Update from Tanvi Sharma,0bfcd88c-23e9-5f6c-af3f-f7e55954f800
Figma,Tanvi Sharma,2025-12-09T00:07:00,Figma Update from Tanvi Sharma,4381bef5-2156-532b-b870-5bbbebf213d2
Figma,Tanvi Sharma,2025-12-08T23:13:00,Figma Update from Tanvi Sharma,bd3a5eab-c405-57c6-82ae-62d12ab61975
Figma,Tanvi Sharma,2025-12-08T18:45:00,Figma Update from Tanvi Sharma,ab57420f-1b88-5f8e-b3fb-76125fcc48d5
Figma,Tanvi Sharma,2025-12-08T18:37:00,Figma Update from Tanvi Sharma,db2e8a53-1e67-58ea-9de0-d44b6ebfba6c
Figma,Tanvi Sharma,2025-12-08T18:00:00,Figma Update from Tanvi Sharma,ba80487e-53fd-5745-b6ea-abc6cee6ca11
Figma,Tanvi Sharma,2025-12-05T19:28:00,Figma Update from Tanvi Sharma,9a4a7724-7869-57b9-bda0-ebb7268a9959
Figma,Tanvi Sharma,2025-12-04T23:51:00,Figma Update from Tanvi Sharma,96b54ce8-6a15-5b4d-8142-61e1f2547f6c
Figma,Tanvi Sharma,2025-12-04T22:15:00,Figma Update from Tanvi Sharma,2487b6f7-9307-5b8a-8546-ed3d5cb3a9cb
Figma,Tanvi Sharma,2025-12-04T21:29:00,Figma Update from Tanvi Sharma,e840a5bd-1f0e-5204-8250-b058a06772b6
Figma,Tanvi Sharma,2025-12-04T21:00:00,Figma Update from Tanvi Sharma,ce641bab-fc94-5890-946f-6625272c8f60
Figma,Tanvi Sharma,2025-12-04T03:10:00,Figma Update from Tanvi Sharma,0ef0f5a7-bbb4-5d2a-99e0-104111fea835
Figma,Tanvi Sharma,2025-12-03T22:40:00,Figma Update from Tanvi Sharma,14f18bce-fd3b-53ee-9628-9919fec4eb9d
Figma,Silas Munro,2025-12-03T22:40:00,Figma Update from Silas Munro,75c54f04-d5c9-5e13-b9a2-dbb84ff54fde
Figma,Silas Munro,2025-12-03T22:03:00,Figma Update from Silas Munro,e2f53e44-666b-5d6a-b388-b673c0a38f7e
Figma,Tanvi Sharma,2025-12-03T22:03:00,Figma Update from Tanvi Sharma,8ddf8972-7594-506f-8ed8-2e7caf127406
Figma,Tanvi Sharma,2025-12-03T21:33:00,Figma Update from Tanvi Sharma,762411ea-48c3-5f7e-8a37-ed4e8351bc6d
Figma,Silas Munro,2025-12-03T21:33:00,Figma Update from Silas Munro,e5be24ca-f533-5bf6-b553-5530acec6c06
Figma,Tanvi Sharma,2025-12-03T20:39:00,Figma Update from Tanvi Sharma,fc59ad48-7f8f-506a-8d80-94f2082d6eab
Figma,Tanvi Sharma,2025-12-01T21:00:00,Figma Update from Tanvi Sharma,45fa44b2-3355-559e-a0fa-0bcf3a45c722
Figma,Tanvi Sharma,2025-12-01T17:51:00,Figma Update from Tanvi Sharma,943dc29b-5090-5673-b6ca-925efb0d97a1
Figma,Tanvi Sharma,2025-12-01T17:34:00,Figma Update from Tanvi Sharma,ad89b6f9-692c-5ec8-a0bb-641e299adae1
Figma,Tanvi Sharma,2025-11-30T21:31:00,Figma Update from Tanvi Sharma,3741c167-f0bd-5ad5-a2cc-bf0aae2ea722
Figma,Tanvi Sharma,2025-11-30T19:40:00,Figma Update from Tanvi Sharma,6cd689e5-03ed-568a-a8da-2c8521c85a2e
Figma,Tanvi Sharma,2025-11-18T23:21:00,Figma Update from Tanvi Sharma,f6851935-4133-5456-8175-c61928e09c9d
Figma,Tanvi Sharma,2025-11-15T13:48:00,Figma Update from Tanvi Sharma,4cf6d2be-0a90-56c6-abe1-4982ee94c7b3
Figma,Tanvi Sharma,2025-11-14T15:25:00,Figma Update from Tanvi Sharma,bc2a4dad-d3c8-5193-a3f6-68c93a9e20f2
Figma,Tanvi Sharma,2025-11-03T18:00:00,Figma Update from Tanvi Sharma,3aedd80d-2e55-5f62-9971-7b44929c0094
Figma,Tanvi Sharma,2025-10-31T17:16:00,Figma Update from Tanvi Sharma,fb64952a-956c-5936-97f6-27e92ebf344e
Figma,Tanvi Sharma,2025-10-30T20:58:00,Figma Update from Tanvi Sharma,7644c6ad-0b6b-5198-91f1-8d3b22fd1672
Figma,Tanvi Sharma,2025-10-26T23:02:00,Figma Update from Tanvi Sharma,ebec187a-3320-589d-b6a6-f8828c24ae9e
Figma,Tanvi Sharma,2025-10-26T21:32:00,Figma Update from Tanvi Sharma,8dfd19ed-9a20-52cc-bcdd-787354b70429
Figma,Silas Munro,2025-10-23T22:01:00,Figma Update from Silas Munro,51e9e0ee-1f57-563d-a1c1-7813acf40ae2
Figma,Silas Munro,2025-10-23T19:50:00,Figma Update from Silas Munro,c89babbc-8636-5974-949a-aba33408e7db
Figma,Tanvi Sharma,2025-10-21T20:28:00,Figma Update from Tanvi Sharma,cdb2def2-615c-51f4-8928-0884670b005c
Figma,Tanvi Sharma,2025-10-21T19:09:00,Figma Update from Tanvi Sharma,5d8086d7-e233-5069-b225-15fef0e4b959
Figma,Tanvi Sharma,2025-10-13T16:33:00,Figma Update from Tanvi Sharma,9aa8de5b-5eab-5b45-9796-f04a5fcad929
Figma,Tanvi Sharma,2025-10-03T23:34:00,Figma Update from Tanvi Sharma,b25db68c-5436-5a6a-bbc0-f450555e66d0
Figma,Tanvi Sharma,2025-10-03T21:19:00,Figma Update from Tanvi Sharma,1bb961ac-1070-52ae-9d6e-82483d659fa3
Figma,Tanvi Sharma,2025-10-03T18:31:00,Figma Update from Tanvi Sharma,1d928943-1a84-595b-a0e2-f0be09722db2
Figma,Tanvi Sharma,2025-10-02T18:19:00,Figma Update from Tanvi Sharma,87de14e6-ea83-5429-a7fe-eebf96ee65da
Figma,Tanvi Sharma,2025-09-30T17:55:00,Figma Update from Tanvi Sharma,54a94ea7-c563-543c-8632-b47d8528c8e5
Figma,Tanvi Sharma,2025-09-30T16:18:00,Figma Update from Tanvi Sharma,3e988a20-57d6-50c1-9307-5255ba07a397
Figma,Tanvi Sharma,2025-09-30T15:19:00,Figma Update from Tanvi Sharma,df29e5c2-15a0-51ff-9e75-ccf2eccbc4a2
Figma,Tanvi Sharma,2025-09-22T18:35:00,Figma Update from Tanvi Sharma,c3bf24df-2bb3-57fa-a0eb-97a97c840298
Figma,Tanvi Sharma,2025-09-22T18:27:00,Figma Update from Tanvi Sharma,9387c1d3-3239-52f0-b2d9-4835293c4ef1
Figma,Tanvi Sharma,2025-09-18T17:38:00,Figma Update from Tanvi Sharma,17dfdef5-2c87-53f9-bd03-dc761e5a742a
Figma,Tanvi Sharma,2025-08-28T16:11:00,Figma Update from Tanvi Sharma,4e8da29d-289f-5a34-a63f-57e62046dfc3
Figma,Tanvi Sharma,2025-08-18T17:35:00,Figma Update from Tanvi Sharma,5b379726-20ae-5c19-b66f-50b5556c8c5b
Figma,Tanvi Sharma,2025-08-15T20:10:00,Figma Update from Tanvi Sharma,bc5129d3-8de1-5bb3-a65b-b067db68fa24
Figma,Tanvi Sharma,2025-08-15T16:19:00,Figma Update from Tanvi Sharma,eccba82a-caed-5bc2-a6d3-57d5a9034627
Figma,Tanvi Sharma,2025-08-15T15:42:00,Figma Update from Tanvi Sharma,de7c4bff-2fc3-5fa4-b4b5-93c6815dd2d0
Figma,Tanvi Sharma,2025-08-15T15:11:00,Figma Update from Tanvi Sharma,ea3880ac-0138-53c8-9850-b54eadd893ff
Figma,Tanvi Sharma,2025-08-11T17:37:00,Figma Update from Tanvi Sharma,c77c864a-71c1-5743-b8b6-def2847b261a
Figma,Tanvi Sharma,2025-08-11T17:06:00,Figma Update from Tanvi Sharma,e766bf80-a3c2-5807-9ba7-f142f5446951
Figma,Tanvi Sharma,2025-08-11T16:25:00,Figma Update from Tanvi Sharma,32e04630-9185-53b6-be2d-a4eb54c619a3
Figma,Tanvi Sharma,2025-08-10T16:24:00,Figma Update from Tanvi Sharma,138c1117-0419-554c-9655-82cf304c5fad
Figma,Tanvi Sharma,2025-08-10T16:16:00,Figma Update from Tanvi Sharma,c732c51c-8de1-504f-9209-76c8f085dad3
Figma,Tanvi Sharma,2025-08-08T20:54:00,Figma Update from Tanvi Sharma,22554845-35af-557f-8389-f75b0dba4732
Figma,Tanvi Sharma,2025-08-04T17:56:00,Figma Update from Tanvi Sharma,d8285ced-12de-5c43-ae5f-920dede0a7cd
Figma,Tanvi Sharma,2025-08-04T17:33:00,Figma Update from Tanvi Sharma,0aab9265-5d88-5460-a67c-e43d76d1ec59
Figma,Tanvi Sharma,2025-07-25T17:56:00,Figma Update from Tanvi Sharma,835e6360-abe1-5b4c-809f-aa3e7d8cc41a
Figma,Tanvi Sharma,2025-07-25T17:37:00,Figma Update from Tanvi Sharma,ef0a1b3d-1c5d-596f-b5a9-0e9c8e5ab6a3
Figma,Tanvi Sharma,2025-07-25T17:13:00,Figma Update from Tanvi Sharma,a7bafa2a-cfa7-591f-abee-60394367c9f4
Figma,Tanvi Sharma,2025-07-25T15:51:00,Figma Update from Tanvi Sharma,fb2ed544-a77d-5ebd-b12b-1575135079aa
Figma,Tanvi Sharma,2025-07-25T15:46:00,Figma Update from Tanvi Sharma,1d09e7ac-d68b-5b01-8405-9e2ecc7bbed7
Figma,Tanvi Sharma,2025-07-24T22:07:00,Figma Update from Tanvi Sharma,3436056d-b74b-557a-a8d4-c1f2d2b2e0c7
Figma,Silas Munro,2025-07-24T22:07:00,Figma Update from Silas Munro,16a687fc-02dc-5048-81be-30b24956a7c8
Figma,Silas Munro,2025-07-24T21:52:00,Figma Update from Silas Munro,3788db2c-f148-56ad-a692-1745d7eb4b09
Figma,Tanvi Sharma,2025-07-24T21:52:00,Figma Update from Tanvi Sharma,ed767a87-a051-5305-a456-159eb0c79bb5
Figma,Tanvi Sharma,2025-07-14T18:13:00,Figma Update from Tanvi Sharma,713ce1a6-7d2d-562d-ace3-6ee4aeea8110
Figma,Tanvi Sharma,2025-07-07T17:14:00,Figma Update from Tanvi Sharma,4605ac2b-0de4-586c-ba04-a8c885702fa1
Figma,Jay Varner,2025-06-30T17:28:00,Figma Update from Jay Varner,5ba36911-1a81-5dac-a679-a2e1efe7461b
Figma,Jay Varner,2025-06-30T16:21:00,Figma Update from Jay Varner,7df6493d-02dc-54ad-ba14-79f24545e993
Figma,Jay Varner,2025-06-30T15:40:00,Figma Update from Jay Varner,9b1437c8-b7e3-5c01-812b-c1963ecc4887
Figma,Jay Varner,2025-06-30T14:19:00,Figma Update from Jay Varner,e12cb67c-1e0c-59c1-9858-1e904573235e
Figma,Tanvi Sharma,2025-06-26T21:47:00,Figma Update from Tanvi Sharma,8aec93e6-722a-5fce-a25a-75f6bdef168a
Figma,Jay Varner,2025-06-25T13:48:00,Figma Update from Jay Varner,73e5d459-6074-583c-bbc3-f9d90bbc11e8
Figma,Jay Varner,2025-06-25T00:12:00,Figma Update from Jay Varner,f352d6e7-be49-5337-aa68-e5279d0317a6
Figma,Tanvi Sharma,2025-06-24T23:38:00,Figma Update from Tanvi Sharma,c99857a1-48bc-5a45-9b62-6cc06248f0b1
Figma,Tanvi Sharma,2025-06-24T22:28:00,Figma Update from Tanvi Sharma,c9535869-49b9-579d-8fc5-84f8f97b4843
Figma,Jay Varner,2025-06-24T22:28:00,Figma Update from Jay Varner,b358d646-c946-52a5-bed2-e9ac85ee3f77
Figma,Tanvi Sharma,2025-06-24T18:41:00,Figma Update from Tanvi Sharma,f68adcd0-b70a-5caf-90c0-ca32b49df89c
Figma,Tanvi Sharma,2025-06-24T18:33:00,Figma Update from Tanvi Sharma,368aeb3a-348a-57b2-8216-0b3eed55678d
Figma,Jay Varner,2025-06-24T17:32:00,Figma Update from Jay Varner,e3d5b153-e8b1-5646-87f6-ed09081491dd
Figma,Tanvi Sharma,2025-06-24T16:24:00,Figma Update from Tanvi Sharma,d8cdc6ab-2177-582e-a49a-4507b57628e4
Figma,Tanvi Sharma,2025-06-23T17:16:00,Figma Update from Tanvi Sharma,69869497-5171-5c26-afc6-bc568ea1abc7
Figma,Tanvi Sharma,2025-06-23T15:52:00,Figma Update from Tanvi Sharma,7ffae96b-72ab-5813-a62a-c8c84bf51573
Figma,Tanvi Sharma,2025-06-23T15:16:00,Figma Update from Tanvi Sharma,173cba54-4add-5c63-8fe4-fe2a3c20e953
Figma,Tanvi Sharma,2025-06-21T19:14:00,Figma Update from Tanvi Sharma,5a46513a-9cda-5de0-80b1-74004fd1f435
Figma,Tanvi Sharma,2025-06-17T17:55:00,Figma Update from Tanvi Sharma,6670d219-d127-5020-96f8-6129a9602b58
Figma,Tanvi Sharma,2025-06-16T16:37:00,Figma Update from Tanvi Sharma,f42c5749-2b35-54af-89e3-640903106de3
Figma,Tanvi Sharma,2025-06-12T15:28:00,Figma Update from Tanvi Sharma,4d089a93-0c4c-5acc-a944-aed9a7a11e6f
Figma,Tanvi Sharma,2025-06-10T13:54:00,Figma Update from Tanvi Sharma,588ba0a2-383c-54da-b80e-f9f36d217a38
Figma,Tanvi Sharma,2025-06-09T19:49:00,Figma Update from Tanvi Sharma,7321baa9-3f96-5a35-89fd-11b0216abf03
Figma,Tanvi Sharma,2025-06-09T17:47:00,Figma Update from Tanvi Sharma,1a5b7211-dc24-5813-adcd-1c5ce2f4d7ec
Figma,Tanvi Sharma,2025-06-09T17:20:00,Figma Update from Tanvi Sharma,81001d13-54dc-593d-ade4-35622ab8f9bc
Figma,Tanvi Sharma,2025-06-09T16:30:00,Figma Update from Tanvi Sharma,9979c786-2f36-5986-b1a8-1dc29522f1b7
Figma,Tanvi Sharma,2025-06-09T02:16:00,Figma Update from Tanvi Sharma,40e64b1c-b406-5515-9754-d71a32fd276b
Figma,Tanvi Sharma,2025-06-08T23:01:00,Figma Update from Tanvi Sharma,b532d49d-eafc-5649-ae94-0f201b8bb9ea
Figma,Tanvi Sharma,2025-06-08T22:27:00,Figma Update from Tanvi Sharma,93331e70-2db3-5bc1-ba32-555fe66ef38b
Figma,Tanvi Sharma,2025-06-08T21:51:00,Figma Update from Tanvi Sharma,1d5e6159-e227-580e-b053-5f955e6615f0
Figma,Tanvi Sharma,2025-06-08T21:16:00,Figma Update from Tanvi Sharma,b0a2c4ce-22a7-53c7-b055-b6b160be6347
Figma,Tanvi Sharma,2025-06-05T16:52:00,Figma Update from Tanvi Sharma,570dc8e6-7de6-5f87-bfff-e87f1d9ff024
Figma,Tanvi Sharma,2025-06-05T16:42:00,Figma Update from Tanvi Sharma,8046ab43-46d9-5a83-b57b-68189a42a212
Figma,Tanvi Sharma,2025-06-05T15:53:00,Figma Update from Tanvi Sharma,a6571ad4-34fe-54a0-aaed-b271ffc32042
Figma,Tanvi Sharma,2025-06-02T17:27:00,Figma Update from Tanvi Sharma,ff651a2f-2392-5fc3-8e65-649f431054cf
Figma,Tanvi Sharma,2025-06-02T16:22:00,Figma Update from Tanvi Sharma,4af4e5f3-58bb-5e59-a20e-98857d39116c
Figma,Tanvi Sharma,2025-06-02T14:49:00,Figma Update from Tanvi Sharma,a2de9edc-0e4c-5502-830b-1c4d1b2a7b23
Figma,Tanvi Sharma,2025-05-26T18:42:00,Figma Update from Tanvi Sharma,c4729a9f-8474-533b-a79d-9f2d9736654e
Figma,Tanvi Sharma,2025-05-26T18:37:00,Figma Update from Tanvi Sharma,4224f2c2-42ec-589a-8754-e2d5dfc9f619
Figma,Tanvi Sharma,2025-05-26T12:59:00,Figma Update from Tanvi Sharma,0042a9af-1023-5cd6-8019-9952676a5f83
Figma,Tanvi Sharma,2025-05-23T21:19:00,Figma Update from Tanvi Sharma,bbf188e8-0221-5ecb-8cc6-1e461eb48511
Figma,Tanvi Sharma,2025-05-14T15:32:00,Figma Update from Tanvi Sharma,0ec32b8e-84e0-5a92-b6e2-be63f9e3f463
Figma,Tanvi Sharma,2025-05-14T15:20:00,Figma Update from Tanvi Sharma,58cf69bb-4409-5050-ae65-b1a5d257c668
Figma,Tanvi Sharma,2025-05-14T14:49:00,Figma Update from Tanvi Sharma,6458c186-bc62-54cc-9c6a-75cd7db81206
Figma,Tanvi Sharma,2025-04-19T21:48:00,Figma Update from Tanvi Sharma,1d52d2fc-f33a-5d36-9302-8b9068e72087
Figma,Tanvi Sharma,2025-04-19T21:39:00,Figma Update from Tanvi Sharma,cd12955e-cc4f-5a3f-ba2b-4871da8f1d04
Figma,Tanvi Sharma,2025-04-03T15:41:00,Figma Update from Tanvi Sharma,82ab2237-62a8-5745-9fe0-b40bc07c6f8e
Figma,Tanvi Sharma,2025-03-12T15:29:00,Figma Update from Tanvi Sharma,4df3f943-3573-5fde-9d17-d59b19db1fb0
Figma,Tanvi Sharma,2025-03-12T12:50:00,Figma Update from Tanvi Sharma,77db79d4-b136-5223-bdbe-3f63792c004f
Figma,Tanvi Sharma,2025-03-12T12:24:00,Figma Update from Tanvi Sharma,4e8c9032-0980-5a84-9339-592858608922
Figma,Tanvi Sharma,2025-03-11T17:57:00,Figma Update from Tanvi Sharma,1b6a651f-9980-56ea-99b6-fbbdcfd13eeb
Figma,Tanvi Sharma,2025-03-11T17:14:00,Figma Update from Tanvi Sharma,d34f9bf5-a706-5f4d-ab03-fd1d053a48a8
Figma,Tanvi Sharma,2025-03-11T16:43:00,Figma Update from Tanvi Sharma,8e3c0692-1136-516d-960e-a4b5ecadc041
Figma,Tanvi Sharma,2025-03-11T16:05:00,Figma Update from Tanvi Sharma,51c6c250-a9b9-5232-8841-c4516b17e678
Figma,Tanvi Sharma,2025-03-06T20:05:00,Figma Update from Tanvi Sharma,d7e569a7-6434-52c8-ae74-140f41dd9a78
Figma,Tanvi Sharma,2025-03-06T18:52:00,Figma Update from Tanvi Sharma,db84a96d-a45f-574a-be78-12ba4937a923
Figma,Tanvi Sharma,2025-03-05T22:02:00,Figma Update from Tanvi Sharma,a8521bed-701a-5d92-af17-a656d4e8cd17
Figma,Tanvi Sharma,2025-03-05T21:15:00,Figma Update from Tanvi Sharma,2341e9d4-4b77-5f18-b39e-433c88e66706
Figma,Tanvi Sharma,2025-03-05T19:04:00,Figma Update from Tanvi Sharma,722269e0-e947-5f44-aee3-a4fa364c9343
Figma,Tanvi Sharma,2025-03-05T18:29:00,Figma Update from Tanvi Sharma,a3ddae0c-6a17-5747-8f2f-6baba22f45c4
Figma,Tanvi Sharma,2025-01-30T13:49:00,Figma Update from Tanvi Sharma,cb5a17ed-a63f-52cc-a4c1-c2c55728c840
Figma,Tanvi Sharma,2024-12-19T00:16:00,Figma Update from Tanvi Sharma,dc7f3d0c-8465-5cf7-880a-507826b2ea4a
Figma,Tanvi Sharma,2024-12-17T01:10:00,Figma Update from Tanvi Sharma,f41155bd-a495-57fd-8631-d765f6fdc86d
Figma,Tanvi Sharma,2024-12-15T02:36:00,Figma Update from Tanvi Sharma,5ced3d2c-db91-592f-967c-72173c99ed11
Figma,Tanvi Sharma,2024-12-14T19:01:00,Figma Update from Tanvi Sharma,be1f2362-8767-57ed-b631-d8ac4b2c0a90
Figma,Tanvi Sharma,2024-11-18T00:09:00,Figma Update from Tanvi Sharma,3de604fb-ef8b-5540-b801-960d0498f6fe
Figma,Tanvi Sharma,2024-11-13T22:28:00,Figma Update from Tanvi Sharma,20c79e16-8be0-54d8-b27a-a4fd0dd36377
Figma,Tanvi Sharma,2024-10-31T01:26:00,Figma Update from Tanvi Sharma,752f557e-0fc9-5795-b0b4-bcb8a2c4f8ec
Figma,Tanvi Sharma,2024-09-30T17:28:00,Figma Update from Tanvi Sharma,330ef8eb-6619-5a06-9ffb-04c22f590562
Figma,Tanvi Sharma,2024-09-27T17:11:00,Figma Update from Tanvi Sharma,e5cc60cd-9e9d-54cd-b1c7-f320256418bd
Figma,Tanvi Sharma,2024-09-02T23:14:00,Figma Update from Tanvi Sharma,8e8a25cd-1c46-50bf-9b68-80c2a1d22a55
Figma,Tanvi Sharma,2024-09-01T21:27:00,Figma Update from Tanvi Sharma,396fc345-95f4-5baf-8bd0-9a855aeca69d
Figma,Tanvi Sharma,2024-09-01T21:12:00,Figma Update from Tanvi Sharma,7b37d208-cc34-5681-a5c6-4aa215d3b4b7
Figma,Tanvi Sharma,2024-08-08T12:41:00,Figma Update from Tanvi Sharma,f50f2032-de65-55ca-9193-48160b204870
Figma,Tanvi Sharma,2024-08-08T11:44:00,Figma Update from Tanvi Sharma,a7bcec4b-4cac-522c-9623-ee02e612aa42
Figma,Tanvi Sharma,2024-08-07T17:05:00,Figma Update from Tanvi Sharma,e9b805f5-63e9-5232-85f6-c8339cd9c390
Figma,Tanvi Sharma,2024-08-07T16:55:00,Figma Update from Tanvi Sharma,b9d0d97b-9e54-5f82-81b4-e05879c0dd38
Figma,Tanvi Sharma,2024-08-07T15:44:00,Figma Update from Tanvi Sharma,708b8ab4-8275-5663-a639-bb7b5763a53f
Figma,Jay Varner,2024-08-07T12:50:00,Figma Update from Jay Varner,a04779f2-0fd8-5527-9375-c860501b91b5
Figma,Tanvi Sharma,2024-06-21T17:16:00,Figma Update from Tanvi Sharma,5ec334e7-63e7-5017-9937-308f212c7b7b
Figma,Silas Munro,2024-06-21T17:16:00,Figma Update from Silas Munro,aff1d841-b2e5-5222-ac49-4f9fce994310
Figma,Tanvi Sharma,2024-06-21T16:58:00,Figma Update from Tanvi Sharma,1e21a3c0-caa6-5b21-ac65-e018cde04142
Figma,Silas Munro,2024-06-21T16:58:00,Figma Update from Silas Munro,892b1b91-02df-5c32-aac8-9c67ff7ac94c
Figma,Silas Munro,2024-06-20T21:34:00,Figma Update from Silas Munro,ecb187b2-5012-5560-b034-8da317a99b26
Figma,Silas Munro,2024-06-19T00:09:00,Figma Update from Silas Munro,fa358e73-4b6f-50f2-804a-b902291e919d
Figma,Tanvi Sharma,2024-06-19T00:09:00,Figma Update from Tanvi Sharma,16124604-b073-56df-a967-0d3bf7e260e6
Figma,Silas Munro,2024-06-14T21:00:00,Figma Update from Silas Munro,7c2aa4d1-480a-59df-827d-71187e212098
Figma,Tanvi Sharma,2024-05-19T01:50:00,Figma Update from Tanvi Sharma,a69df7dc-a16c-5b47-a435-2fec7bf4f192
Figma,Tanvi Sharma,2024-05-19T01:34:00,Figma Update from Tanvi Sharma,74c38a56-cacc-53be-a2a4-66646a253951
Figma,Tanvi Sharma,2024-05-19T00:59:00,Figma Update from Tanvi Sharma,8820aea9-a0e8-5af5-8443-ba1a996d3857
Figma,Tanvi Sharma,2024-05-17T22:22:00,Figma Update from Tanvi Sharma,27e47ce9-9987-5b3a-a292-f4209927b411
Figma,Silas Munro,2024-05-17T22:22:00,Figma Update from Silas Munro,f22a925e-d05d-55fd-bdda-22470b9afc92
Figma,Tanvi Sharma,2024-05-17T22:16:00,Figma Update from Tanvi Sharma,fef89847-357b-524e-bfde-4625c73f1a3d
Figma,Silas Munro,2024-05-17T22:16:00,Figma Update from Silas Munro,7fa3e4e8-bc95-584f-9360-1d91dcc0dccd
Figma,Tanvi Sharma,2024-05-17T21:39:00,Figma Update from Tanvi Sharma,514fadbe-7f47-51ca-82a6-b2b59cec4d7a
Figma,Tanvi Sharma,2024-05-17T18:43:00,Figma Update from Tanvi Sharma,8e6c7674-080e-5356-8344-383e124e7b61
Figma,Tanvi Sharma,2024-05-17T18:23:00,Figma Update from Tanvi Sharma,97c7e7fc-7876-5d39-854c-b7fda0fd273d
Figma,Silas Munro,2024-05-17T18:23:00,Figma Update from Silas Munro,de956654-bf87-5955-b480-bcd3db3f5f1c
Figma,Silas Munro,2024-05-17T17:44:00,Figma Update from Silas Munro,18d1a565-5140-5cbd-b5f1-8abd8862cc9b
Figma,Tanvi Sharma,2024-05-17T17:44:00,Figma Update from Tanvi Sharma,8c2dc2e1-1fa2-54a4-923f-d997a2fddb23
Figma,Silas Munro,2024-05-17T17:20:00,Figma Update from Silas Munro,0684df0e-c52b-54b9-9ecd-05defd184553
Figma,Silas Munro,2024-05-17T16:08:00,Figma Update from Silas Munro,ca48d6c1-9c73-546d-b3ef-db686f4c5f51
Figma,Tanvi Sharma,2024-05-17T15:27:00,Figma Update from Tanvi Sharma,7781572b-6f7a-5975-9e23-fdf2c8a2aee1
Figma,Silas Munro,2024-05-17T15:27:00,Figma Update from Silas Munro,2aa294a4-f5ee-54d3-889a-14e59d441d5f
Figma,Tanvi Sharma,2024-05-17T14:54:00,Figma Update from Tanvi Sharma,c491b07c-c87b-5042-8198-48aa339dcaf2
Figma,Silas Munro,2024-05-17T14:54:00,Figma Update from Silas Munro,be3e145b-4da2-5314-bbec-054cd075fcbf
Figma,Silas Munro,2024-05-16T23:15:00,Figma Update from Silas Munro,1c52cb50-b549-55af-94e8-553636270f41
Figma,Silas Munro,2024-05-16T16:28:00,Figma Update from Silas Munro,ed4b53dd-dd71-5091-964a-3d4fe25aa358
Figma,Tanvi Sharma,2024-05-07T18:52:00,Figma Update from Tanvi Sharma,dadc6192-33a1-5503-b554-2795107593c7
Figma,Tanvi Sharma,2024-05-07T18:10:00,Figma Update from Tanvi Sharma,e1e7371a-5695-576e-a8c1-ee3eec790cbd
Figma,Silas Munro,2024-05-07T18:10:00,Figma Update from Silas Munro,19990ec0-e0ba-5444-966a-585c9bf5cd42
Figma,Tanvi Sharma,2024-05-07T17:52:00,Figma Update from Tanvi Sharma,3b84f105-17bb-5e65-82d4-4917e5f5daa6
Figma,Silas Munro,2024-05-07T17:52:00,Figma Update from Silas Munro,16d53954-5d5d-5ecf-8f16-b03ad7a7b527
Figma,Nicholas Yang,2024-05-06T20:59:00,Figma Update from Nicholas Yang,f39d7fec-9ca8-532d-96ae-e915e587b200
Figma,Nicholas Yang,2024-05-06T02:29:00,Figma Update from Nicholas Yang,d95ace83-ffa3-50ae-ad5f-e3291a725090
Figma,Nicholas Yang,2024-05-06T01:48:00,Figma Update from Nicholas Yang,0d680a1d-415c-56ee-8b4b-7d7b2ecbdec9
Figma,Tanvi Sharma,2024-05-04T21:16:00,Figma Update from Tanvi Sharma,88ef8bc6-af28-5c9c-9d2f-8f9bf378667e
Figma,Tanvi Sharma,2024-05-04T21:11:00,Figma Update from Tanvi Sharma,00877e67-b676-59f0-a26f-705e2ae05cfa
Figma,Nicholas Yang,2024-05-04T21:11:00,Figma Update from Nicholas Yang,65c35ccf-82cd-5bce-9039-af1951b5f014
Figma,Tanvi Sharma,2024-05-04T19:54:00,Figma Update from Tanvi Sharma,11a30d31-f150-5192-8c8f-56f675448d99
Figma,Nicholas Yang,2024-05-04T19:54:00,Figma Update from Nicholas Yang,58a4f471-bf8f-5896-80e0-b6ecbd33e47f
Figma,Tanvi Sharma,2024-05-03T23:25:00,Figma Update from Tanvi Sharma,f4b63563-05bd-58aa-9910-bc9bfa7ecfd9
Figma,Tanvi Sharma,2024-05-03T16:38:00,Figma Update from Tanvi Sharma,7bb49ad8-435a-50ae-a24f-9beb1fa12d5f
Figma,Tanvi Sharma,2024-05-03T15:33:00,Figma Update from Tanvi Sharma,ed5bdf9b-dd59-5cd9-a499-b7a0e3084272
Figma,Tanvi Sharma,2024-05-03T15:11:00,Figma Update from Tanvi Sharma,532c0456-4dd4-5878-8bef-8669eb118a11
Figma,Nicholas Yang,2024-05-03T01:58:00,Figma Update from Nicholas Yang,51622959-0609-503e-98f0-5d991d4dbfc2
Figma,Tanvi Sharma,2024-04-29T17:42:00,Figma Update from Tanvi Sharma,4f9d497b-2bd8-5e77-bd90-d05b322982fd
Figma,Tanvi Sharma,2024-04-28T22:09:00,Figma Update from Tanvi Sharma,5ce1c88d-9710-56b7-8cd9-f0e46fb73786
Figma,Tanvi Sharma,2024-04-28T02:11:00,Figma Update from Tanvi Sharma,1fd0163a-3151-57d0-97fc-95d01486f6d2
Figma,Nicholas Yang,2024-04-28T02:11:00,Figma Update from Nicholas Yang,31607f6a-11ca-561a-9cd1-9d37829ff875
Figma,Nicholas Yang,2024-04-27T02:39:00,Figma Update from Nicholas Yang,77cf77f3-640b-571c-925c-00427c107788
Figma,Tanvi Sharma,2024-04-27T02:10:00,Figma Update from Tanvi Sharma,e8705bbe-3bd9-5238-8cb0-584d6ed09a0b
Figma,Tanvi Sharma,2024-04-26T21:36:00,Figma Update from Tanvi Sharma,1ee1d440-482f-5590-9e20-0a8532b73d6f
Figma,Tanvi Sharma,2024-04-26T21:20:00,Figma Update from Tanvi Sharma,991a71ee-4e3d-5c86-9e5b-4b469f2b3956
Figma,Tanvi Sharma,2024-04-26T18:36:00,Figma Update from Tanvi Sharma,919e1e4a-9757-5a34-98fa-ac6e6cfde242
Figma,Tanvi Sharma,2024-04-26T17:05:00,Figma Update from Tanvi Sharma,8c76775c-4a78-544e-8465-ab1b80c3a99e
Figma,Tanvi Sharma,2024-04-26T16:37:00,Figma Update from Tanvi Sharma,83dd88a1-f36c-509b-a462-08ec85844e85
Figma,Tanvi Sharma,2024-04-22T21:11:00,Figma Update from Tanvi Sharma,899fb4db-ded9-5724-aff0-72ec84399560
Figma,Tanvi Sharma,2024-04-22T17:19:00,Figma Update from Tanvi Sharma,45b9203d-1fd1-583b-85aa-bbcaffe9a99c
Figma,Tanvi Sharma,2024-04-21T17:23:00,Figma Update from Tanvi Sharma,42d79ef5-3f81-5088-b332-268f51ac4f25
Figma,Tanvi Sharma,2024-04-21T16:48:00,Figma Update from Tanvi Sharma,1e113e85-5d41-5bed-8a68-684e891be15a
Figma,Tanvi Sharma,2024-04-20T16:22:00,Figma Update from Tanvi Sharma,566531a1-786d-5c9c-9506-0a273a1fb112
Figma,Tanvi Sharma,2024-04-19T14:35:00,Figma Update from Tanvi Sharma,de0c9a25-7719-590c-b079-3632dcca670e
Figma,Jay Varner,2024-04-17T21:00:00,Figma Update from Jay Varner,73108d28-32f3-5693-8f62-e2b6408f921c
Figma,Jay Varner,2024-04-17T18:48:00,Figma Update from Jay Varner,74f6265d-8c97-50ac-8c34-da9a62fd08af
Figma,Jay Varner,2024-04-17T17:42:00,Figma Update from Jay Varner,d684fab5-b288-5e66-8aa0-14b1a2c76b2f
Figma,Tanvi Sharma,2024-04-15T17:23:00,Figma Update from Tanvi Sharma,005baf98-476b-5641-9d75-41e4141cfd5e
Figma,Tanvi Sharma,2024-04-14T01:09:00,Figma Update from Tanvi Sharma,a5f57172-253b-5251-a496-7690d1834fab
Figma,Tanvi Sharma,2024-04-13T23:54:00,Figma Update from Tanvi Sharma,06da27fb-dc07-57d9-8ebf-c4697b2f035b
Figma,Tanvi Sharma,2024-04-13T23:10:00,Figma Update from Tanvi Sharma,1517f90b-833a-5a3b-8712-a58c18c0f744
Figma,Tanvi Sharma,2024-04-13T19:29:00,Figma Update from Tanvi Sharma,7b95ccf1-e4ce-5a09-a0d3-a8735f8210ca
Figma,Tanvi Sharma,2024-04-13T18:52:00,Figma Update from Tanvi Sharma,0fadd003-46e5-559c-a0ab-bb94d1e9ee06
Figma,Tanvi Sharma,2024-04-13T17:58:00,Figma Update from Tanvi Sharma,2fa7259f-d88a-5688-a261-710e58f514f4
Figma,Tanvi Sharma,2024-04-13T17:27:00,Figma Update from Tanvi Sharma,53a115af-0b08-50e4-892e-1fa1ee6c7e3f
Figma,Tanvi Sharma,2024-04-12T18:01:00,Figma Update from Tanvi Sharma,28cd726e-617e-5e4c-a693-9ca8a39e3fde
Figma,Tanvi Sharma,2024-04-12T17:55:00,Figma Update from Tanvi Sharma,2369b2b8-2320-5105-b4ce-aae9e7b7be48
Figma,Tanvi Sharma,2024-04-12T16:26:00,Figma Update from Tanvi Sharma,6df50e20-8bee-5bc1-87ac-34e12dbe64e8
Figma,Jay Varner,2024-04-11T22:45:00,Figma Update from Jay Varner,c4fa7c32-5c22-5898-b1bc-4b5f1f29e2b5
Figma,Tanvi Sharma,2024-04-11T18:25:00,Figma Update from Tanvi Sharma,bce25836-632d-5b24-98a0-2b5988691a20
Figma,Nicholas Yang,2024-04-10T01:52:00,Figma Update from Nicholas Yang,6697dbaf-0ac0-5b1c-92a8-717922598dbc
Figma,Tanvi Sharma,2024-04-07T22:26:00,Figma Update from Tanvi Sharma,51190f25-01b7-5f93-9c43-be8654ef1cb0
Figma,Tanvi Sharma,2024-04-07T19:57:00,Figma Update from Tanvi Sharma,4c5fd08b-ae29-59d4-83c3-4cf621f3147d
Figma,Tanvi Sharma,2024-04-07T19:34:00,Figma Update from Tanvi Sharma,815830d2-161d-5ccd-a900-3e004275eb5d
Figma,Tanvi Sharma,2024-04-07T18:32:00,Figma Update from Tanvi Sharma,2f683ff1-43ce-5b64-a6f1-8ed6437c4b84
Figma,Tanvi Sharma,2024-04-07T17:20:00,Figma Update from Tanvi Sharma,bbc7d0cb-b8dc-5cc0-8674-b8621571f4b0
Figma,Tanvi Sharma,2024-04-07T16:42:00,Figma Update from Tanvi Sharma,4e57fa81-8060-5339-8ef3-da17107198c5
Figma,Tanvi Sharma,2024-04-07T01:31:00,Figma Update from Tanvi Sharma,4cd0bfe7-4416-5932-bcc5-aa06d4a500ef
Figma,Tanvi Sharma,2024-04-07T00:54:00,Figma Update from Tanvi Sharma,b01e08cc-61ff-5dba-8903-e628277f54e9
Figma,Tanvi Sharma,2024-04-07T00:32:00,Figma Update from Tanvi Sharma,82cf6862-cffc-5409-80e5-a4f94eab4b94
Figma,Tanvi Sharma,2024-04-07T00:04:00,Figma Update from Tanvi Sharma,c03b4d84-d463-5b62-beb1-1250f06bfd8f
Figma,Tanvi Sharma,2024-04-05T23:25:00,Figma Update from Tanvi Sharma,5a645845-76bd-5078-b81d-97881ee2198f
Figma,Tanvi Sharma,2024-04-05T16:53:00,Figma Update from Tanvi Sharma,2d2d87ca-1656-56b1-811c-8d0a56630a59
Figma,Tanvi Sharma,2024-04-05T16:21:00,Figma Update from Tanvi Sharma,201cde67-e633-56f5-85c6-115171dea6cd
Figma,Tanvi Sharma,2024-04-05T15:47:00,Figma Update from Tanvi Sharma,5dafb7c7-307c-5ea0-8a3d-aad957fbbc88
Figma,Tanvi Sharma,2024-04-04T16:23:00,Figma Update from Tanvi Sharma,a00b8b1d-4f16-53d7-9d2e-65ab6a8eb7f2
Figma,Tanvi Sharma,2024-04-03T17:39:00,Figma Update from Tanvi Sharma,da9d1323-8678-50a1-a335-4fa2c086a296
Figma,Tanvi Sharma,2024-04-03T14:54:00,Figma Update from Tanvi Sharma,1b388692-f119-59ba-8410-0c6c0081084a
Figma,Tanvi Sharma,2024-04-03T14:11:00,Figma Update from Tanvi Sharma,9586ca85-5682-5f67-bc95-35cc81cafc0d
Figma,Tanvi Sharma,2024-04-02T18:39:00,Figma Update from Tanvi Sharma,40c2e489-047a-54a9-9561-8fd222029e08
Figma,Tanvi Sharma,2024-04-02T16:13:00,Figma Update from Tanvi Sharma,b2939d9f-1416-55c1-ac1c-3367baa8ebc5
Figma,Tanvi Sharma,2024-04-02T16:07:00,Figma Update from Tanvi Sharma,a8c428b7-d93d-5c69-841f-df4a755cfa8a
Figma,Tanvi Sharma,2024-04-02T15:35:00,Figma Update from Tanvi Sharma,5e17832c-3970-545a-a13f-dce22a30ceec
Figma,Tanvi Sharma,2024-04-02T14:57:00,Figma Update from Tanvi Sharma,17a9d9b6-764d-5b82-a858-244d81d97c90
Figma,Tanvi Sharma,2024-04-02T13:17:00,Figma Update from Tanvi Sharma,01ce351a-fab6-5417-8b73-71bcb2092124
Figma,Tanvi Sharma,2024-04-01T18:29:00,Figma Update from Tanvi Sharma,fb8359d6-8f2b-5ed2-8a37-0ac874ce7be6
Figma,Tanvi Sharma,2024-03-29T18:36:00,Figma Update from Tanvi Sharma,41b3c3dc-74ee-56c9-8eb6-50d2a22699f7
Figma,Tanvi Sharma,2024-03-29T17:59:00,Figma Update from Tanvi Sharma,a1f97c28-06ab-5d91-b3d8-d4cfdcc46e21
Figma,Tanvi Sharma,2024-03-29T16:58:00,Figma Update from Tanvi Sharma,ab95bd9a-a71d-51cc-9f70-da9842efde6d
Figma,Tanvi Sharma,2024-03-29T00:21:00,Figma Update from Tanvi Sharma,c3fd2a0c-aba6-5cec-b509-8ae19f7a1423
Figma,Tanvi Sharma,2024-03-28T20:48:00,Figma Update from Tanvi Sharma,2ea0e3fe-c142-55dc-b25f-d28f777edb27
Figma,Tanvi Sharma,2024-03-28T19:07:00,Figma Update from Tanvi Sharma,af0cc4da-e54e-5e00-8619-50d598b6a12e
Figma,Tanvi Sharma,2024-03-28T17:28:00,Figma Update from Tanvi Sharma,b47db80c-85ac-54a3-aff6-9f41176a52e8
Figma,Tanvi Sharma,2024-03-28T16:49:00,Figma Update from Tanvi Sharma,1668c929-8e8d-549e-a89d-2bff9318bda7
Figma,Tanvi Sharma,2024-03-28T15:44:00,Figma Update from Tanvi Sharma,7964075d-927e-5dba-9586-ea873b6abfa0
Figma,Tanvi Sharma,2024-03-28T02:52:00,Figma Update from Tanvi Sharma,b2427701-96fe-514b-bf3c-d0752e276119
Figma,Tanvi Sharma,2024-03-28T02:43:00,Figma Update from Tanvi Sharma,6d637ec4-6f82-5478-b27e-00f776262f6d
Figma,Tanvi Sharma,2024-03-28T00:21:00,Figma Update from Tanvi Sharma,2810417a-ba61-5cbd-9281-2192a4b159b3
Figma,Tanvi Sharma,2024-03-27T22:56:00,Figma Update from Tanvi Sharma,c58be36a-82db-5a02-b547-f3c9eb9b88cd
Figma,Tanvi Sharma,2024-03-27T21:40:00,Figma Update from Tanvi Sharma,9c5fc206-ad91-53e9-9819-6b2dd101052b
Figma,Tanvi Sharma,2024-03-27T21:27:00,Figma Update from Tanvi Sharma,5c75049d-8c54-59c4-8067-9a0b26bcf11c
Figma,Tanvi Sharma,2024-03-27T20:53:00,Figma Update from Tanvi Sharma,7f8a4f8c-7f2d-500a-aa30-75d7268143d2
Figma,Tanvi Sharma,2024-03-27T15:07:00,Figma Update from Tanvi Sharma,70da6f9d-01cd-5c4b-a004-ec269f7f9914
Figma,Lauren Klein,2024-03-27T14:30:00,Figma Update from Lauren Klein,1fff21ea-f9a8-5c4a-83ec-ef7cf5b3f523
Figma,Tanvi Sharma,2024-03-26T23:19:00,Figma Update from Tanvi Sharma,6e65ab8d-c4a6-553d-8580-bbd4c607f4ff
Figma,Tanvi Sharma,2024-03-26T21:00:00,Figma Update from Tanvi Sharma,a88d57f3-72b4-5264-8174-15648747e84d
Figma,Tanvi Sharma,2024-03-26T20:57:00,Figma Update from Tanvi Sharma,f379b6de-29ce-5743-9d39-0adbbf298d12
Figma,Tanvi Sharma,2024-03-26T17:51:00,Figma Update from Tanvi Sharma,eeb6b834-fa35-568a-9f78-c3d9fff3a0e4
Figma,Silas Munro,2024-03-26T17:33:00,Figma Update from Silas Munro,bd1343d6-9f97-5dca-9899-8e316c1fe02e
Figma,Tanvi Sharma,2024-03-26T17:33:00,Figma Update from Tanvi Sharma,1045eb62-9b5c-5360-b4b7-8cb2e0489127
Figma,Tanvi Sharma,2024-03-26T17:04:00,Figma Update from Tanvi Sharma,ccf46f11-5065-5f81-bb98-a4f109cd1242
Figma,Jay Varner,2024-03-26T16:03:00,Figma Update from Jay Varner,57e0916d-a546-5389-97a2-65302327f7ea
Figma,Tanvi Sharma,2024-03-25T17:03:00,Figma Update from Tanvi Sharma,0403ba3b-f3f1-5be7-a450-c48b3cb0f7f1
Figma,Tanvi Sharma,2024-03-25T16:56:00,Figma Update from Tanvi Sharma,fa0025c1-bf9f-53cf-9d6c-d21306fd3deb
Figma,Lauren Klein,2024-03-21T20:21:00,Figma Update from Lauren Klein,d7d7169a-02c2-5b31-a30c-b78b0d28b1ee
Figma,Tanvi Sharma,2024-03-20T20:46:00,Figma Update from Tanvi Sharma,b405a77d-4d5e-5e90-9cbe-c25673374db4
Figma,Tanvi Sharma,2024-03-20T20:22:00,Figma Update from Tanvi Sharma,3ccffe55-0861-51d7-a0da-6d5aad42d9d9
Figma,Tanvi Sharma,2024-03-20T20:02:00,Figma Update from Tanvi Sharma,720618df-d104-5fa5-80b8-69daeb4d6b6e
Figma,Jay Varner,2024-03-20T19:03:00,Figma Update from Jay Varner,e58d6609-f0b0-53bc-9b23-08c9d0d23368
Figma,Jay Varner,2024-03-20T12:52:00,Figma Update from Jay Varner,4fd027e9-91c3-5347-8d56-7c1b8afadc41
Figma,Tanvi Sharma,2024-03-19T19:49:00,Figma Update from Tanvi Sharma,8bf24133-48a5-5876-becb-1ce3fdec12ee
Figma,Jay Varner,2024-03-19T19:49:00,Figma Update from Jay Varner,c061bd3d-97d3-5987-9460-c8dd6c6c1427
Figma,Tanvi Sharma,2024-03-19T19:19:00,Figma Update from Tanvi Sharma,9c1895b2-e098-53a3-a497-1b9b76c350c6
Figma,Tanvi Sharma,2024-03-19T17:02:00,Figma Update from Tanvi Sharma,2c72ebdc-f2a2-5f29-a47c-e435e2cfc75e
Figma,Tanvi Sharma,2024-03-19T16:28:00,Figma Update from Tanvi Sharma,1602a112-97b1-51e8-ad73-141a4900645b
Figma,Tanvi Sharma,2024-03-19T15:56:00,Figma Update from Tanvi Sharma,4e390770-2829-5dc0-9bc5-faf7a2f0afc4
Figma,Tanvi Sharma,2024-03-18T17:20:00,Figma Update from Tanvi Sharma,61484330-41ba-59e5-8a2d-4679b036bd1c
Figma,Tanvi Sharma,2024-03-18T16:29:00,Figma Update from Tanvi Sharma,47dc7c6a-96fd-5fbe-8d55-0533563660c4
Figma,Tanvi Sharma,2024-03-15T19:21:00,Figma Update from Tanvi Sharma,a483fd00-cbc2-5914-b814-663f6cd601f6
Figma,Tanvi Sharma,2024-03-15T19:06:00,Figma Update from Tanvi Sharma,0bbf9f61-c8ef-5192-8b2c-5c57e12683ff
Figma,Tanvi Sharma,2024-03-15T18:37:00,Figma Update from Tanvi Sharma,f3ab079d-03e1-58de-bfeb-5fd911660a69
Figma,Tanvi Sharma,2024-03-15T15:12:00,Figma Update from Tanvi Sharma,c696556b-70c6-5609-a26d-867d2ee80633
Figma,Tanvi Sharma,2024-03-14T16:14:00,Figma Update from Tanvi Sharma,28278018-d260-58e8-a6cb-93b49cc1700a
Figma,Tanvi Sharma,2024-03-13T21:26:00,Figma Update from Tanvi Sharma,331e2a58-24ab-5927-9ddf-848d291d4f0e
Figma,Tanvi Sharma,2024-03-12T23:53:00,Figma Update from Tanvi Sharma,5004a881-4f79-59ef-afc3-ad761e0a91ef
Figma,Tanvi Sharma,2024-03-11T23:58:00,Figma Update from Tanvi Sharma,6ba19fa5-8763-575b-8d37-d8c3b431bcc9
Figma,Tanvi Sharma,2024-03-11T23:54:00,Figma Update from Tanvi Sharma,a84ee953-f16c-5871-bd74-241dd67a41e9
Figma,Tanvi Sharma,2024-03-11T19:01:00,Figma Update from Tanvi Sharma,044d6f97-f985-5cc3-8b97-1dc6f16daca4
Figma,Tanvi Sharma,2024-03-11T18:23:00,Figma Update from Tanvi Sharma,b100805b-0558-5b35-a528-22be99623f13
Figma,Tanvi Sharma,2024-03-11T17:29:00,Figma Update from Tanvi Sharma,f25809d6-a116-5d79-8d35-ea4fb8b61bcb
Figma,Tanvi Sharma,2024-03-11T17:14:00,Figma Update from Tanvi Sharma,2b4dae5e-a4f0-5c44-a163-e2990aafc2f1
Figma,Tanvi Sharma,2024-03-11T16:40:00,Figma Update from Tanvi Sharma,4e2826b4-eb76-582b-a01b-b40545135be6
Figma,Tanvi Sharma,2024-03-11T15:34:00,Figma Update from Tanvi Sharma,ceff648e-7d1f-5dd3-9b2e-7280feea9b20
Figma,Tanvi Sharma,2024-03-11T15:18:00,Figma Update from Tanvi Sharma,eaec2862-02fc-5626-8342-36bf094bef81
Figma,Yang,2024-03-11T15:18:00,Figma Update from Yang,8102f8b0-68ae-5d20-9cfd-8d088b4ee746
Figma,Yang,2024-03-10T21:25:00,Figma Update from Yang,be7e3399-562b-5f05-84fe-97bdd35ab543
Figma,Tanvi Sharma,2024-03-08T19:55:00,Figma Update from Tanvi Sharma,494e4804-0c91-5c30-a839-047217870255
Figma,Tanvi Sharma,2024-03-05T17:35:00,Figma Update from Tanvi Sharma,f0748be2-8c77-5f8f-9fa2-5fd0becb1ca2
Figma,Tanvi Sharma,2024-03-05T17:24:00,Figma Update from Tanvi Sharma,7f678330-b9ba-531d-8401-52a17fb4626c
Figma,Tanvi Sharma,2024-03-05T16:54:00,Figma Update from Tanvi Sharma,08fa68b7-f635-5fe3-9e69-d385b1db9405
Figma,Tanvi Sharma,2024-03-04T18:40:00,Figma Update from Tanvi Sharma,63e0c9f0-0c49-5a6e-964d-7c00c7b79c2f
Figma,Shiyao Li,2024-03-04T18:40:00,Figma Update from Shiyao Li,abee113b-440a-50f1-afc3-8f14c3858b0d
Figma,Tanvi Sharma,2024-03-01T21:48:00,Figma Update from Tanvi Sharma,c85d32af-4aa9-54d1-8d3f-1d17a186e8d2
Figma,Tanvi Sharma,2024-03-01T21:42:00,Figma Update from Tanvi Sharma,f3143c54-699f-58e9-a9aa-1defdbd4ba27
Figma,Tanvi Sharma,2024-02-28T17:17:00,Figma Update from Tanvi Sharma,f2c27517-1239-5dee-a37d-036bb6c46df4
Figma,Tanvi Sharma,2024-02-28T17:00:00,Figma Update from Tanvi Sharma,19dde574-4a50-560d-9588-62fec14ac738
Figma,Tanvi Sharma,2024-02-28T16:24:00,Figma Update from Tanvi Sharma,25e7fd6b-b5e6-58b2-bf77-980f33cbc63c
Figma,Tanvi Sharma,2024-02-26T18:43:00,Figma Update from Tanvi Sharma,fd9eeb79-1343-576c-90e7-be0b05e67f66
Figma,Tanvi Sharma,2024-02-20T20:04:00,Figma Update from Tanvi Sharma,7c8646bc-3888-515d-b512-d74614609a96
Figma,Tanvi Sharma,2024-02-20T16:48:00,Figma Update from Tanvi Sharma,291e3480-9c66-5fc9-a4f0-4306d078ff8d
Figma,Tanvi Sharma,2024-02-16T16:01:00,Figma Update from Tanvi Sharma,5461df75-eed7-5118-8e17-b994fd3d6560
Figma,Tanvi Sharma,2024-02-15T22:30:00,Figma Update from Tanvi Sharma,a02254f3-c911-50bd-b8ec-4876750515b8
Figma,Tanvi Sharma,2024-02-15T20:59:00,Figma Update from Tanvi Sharma,2ac008ec-34a9-5a71-8d4e-2153e5ecc9ff
Figma,Tanvi Sharma,2024-02-15T16:50:00,Figma Update from Tanvi Sharma,181517c5-9d72-5285-92e7-1d474ce2fca1
Figma,Tanvi Sharma,2024-02-14T22:25:00,Figma Update from Tanvi Sharma,284fd09b-b434-5d55-86b8-d203464a7ba3
Figma,Tanvi Sharma,2024-02-14T17:51:00,Figma Update from Tanvi Sharma,97f292da-0f15-5d5e-bdbc-3827b4fc2844
Figma,Tanvi Sharma,2024-02-12T18:51:00,Figma Update from Tanvi Sharma,90015cc4-1d56-5d3d-a881-6500a81f51ea
Figma,Shiyao Li,2024-02-12T18:51:00,Figma Update from Shiyao Li,6e20796b-7e49-55a3-b162-f2098b807a96
Figma,Tanvi Sharma,2024-02-11T16:20:00,Figma Update from Tanvi Sharma,a6475706-7e3d-52f1-81fa-77b3ffe249ef
Figma,Silas Munro,2024-02-08T02:50:00,Figma Update from Silas Munro,facb2176-173d-5ce1-9548-506e64fe8aa3
Figma,Tanvi Sharma,2024-02-05T18:48:00,Figma Update from Tanvi Sharma,2d5f8078-45c8-5324-8120-48efccb09192
Figma,Tanvi Sharma,2024-02-05T18:42:00,Figma Update from Tanvi Sharma,efe0d80d-9949-53e7-8360-86cabb27c898
Figma,Shiyao Li,2024-02-05T18:42:00,Figma Update from Shiyao Li,937c87c9-214d-5c72-8084-1254b7df6a2a
Figma,Yang,2024-02-05T16:09:00,Figma Update from Yang,9a79a6a1-aba1-5eb1-a345-40fd9c353413
Figma,Yang,2024-02-05T15:39:00,Figma Update from Yang,8355502d-dfee-57dd-8e26-dafdfb902d88
Figma,Tanvi Sharma,2024-02-01T21:49:00,Figma Update from Tanvi Sharma,670d1729-68de-5774-bee1-54957643ed6c
Figma,Tanvi Sharma,2024-02-01T21:28:00,Figma Update from Tanvi Sharma,968727a9-2df1-5818-a7ff-12118d6c0405
Figma,Tanvi Sharma,2024-01-31T18:59:00,Figma Update from Tanvi Sharma,d36653c2-9a98-5a6f-b2db-0e9ab0e553a3
Figma,Tanvi Sharma,2024-01-29T18:35:00,Figma Update from Tanvi Sharma,0ae5c04b-414a-5356-81f1-83b8b73c7c64
Figma,Tanvi Sharma,2024-01-25T18:07:00,Figma Update from Tanvi Sharma,54ef3e6f-d9b2-5b98-ba1a-ca168c2abbca
Figma,Tanvi Sharma,2024-01-25T17:36:00,Figma Update from Tanvi Sharma,83e9353d-9c92-5c6f-a86e-6a0dd9098fcd
Figma,Yang,2024-01-25T17:36:00,Figma Update from Yang,9684b108-cd7d-5c71-b8eb-54bc729a4218
Figma,Tanvi Sharma,2024-01-24T20:59:00,Figma Update from Tanvi Sharma,ac108887-3fa9-5453-a5f2-0823ab68564a
Figma,Tanvi Sharma,2024-01-24T20:37:00,Figma Update from Tanvi Sharma,d53310cb-a3f9-50c5-84f8-476956435b76
Figma,Tanvi Sharma,2024-01-24T15:54:00,Figma Update from Tanvi Sharma,6bfb5814-f90e-5299-aed9-21d81f1e8f7a
Figma,Tanvi Sharma,2024-01-22T17:53:00,Figma Update from Tanvi Sharma,f500e5a3-3691-53da-af5e-650cd01a9fc6
Figma,Tanvi Sharma,2024-01-22T17:22:00,Figma Update from Tanvi Sharma,a9a03d24-b08a-5ff0-96f5-6aad3c2143aa
Figma,Tanvi Sharma,2024-01-19T17:38:00,Figma Update from Tanvi Sharma,917b19fd-eb80-5167-909b-ff19c3632e5b
Figma,Tanvi Sharma,2024-01-19T17:19:00,Figma Update from Tanvi Sharma,dbadda1b-44e0-5b47-a629-5461e4c6f3ab
Figma,Tanvi Sharma,2024-01-19T16:48:00,Figma Update from Tanvi Sharma,19ab9f17-020c-5c58-bdad-64a1f198d710
Figma,Tanvi Sharma,2024-01-18T21:02:00,Figma Update from Tanvi Sharma,59b64c54-6e9b-58a8-af93-ea20f968e6e0
Figma,Tanvi Sharma,2024-01-17T22:13:00,Figma Update from Tanvi Sharma,b5a56eba-5b27-5eeb-9d44-ae67cc6150af
Figma,Tanvi Sharma,2024-01-17T21:58:00,Figma Update from Tanvi Sharma,b2393da7-1183-5dd5-9554-d4c682cdb1a6
Figma,Tanvi Sharma,2024-01-17T21:27:00,Figma Update from Tanvi Sharma,f0df664f-591f-576c-8c5e-c9cf648b15ae
Figma,Tanvi Sharma,2024-01-17T18:56:00,Figma Update from Tanvi Sharma,5baa2a17-ee68-54b2-a6ee-e2298e5e9d9e
Figma,Tanvi Sharma,2024-01-16T18:33:00,Figma Update from Tanvi Sharma,324e88b2-fc3e-5046-84a7-9823b3000b0a
Figma,Tanvi Sharma,2024-01-16T17:18:00,Figma Update from Tanvi Sharma,6d189771-d341-508d-b762-0042277d8a85
Figma,Tanvi Sharma,2024-01-16T17:06:00,Figma Update from Tanvi Sharma,74b445bf-5b51-5841-aa07-33372b58af9e
Figma,Tanvi Sharma,2024-01-10T20:31:00,Figma Update from Tanvi Sharma,08bb0191-af92-5f78-82ce-60c162672276
Figma,Yang,2024-01-08T14:20:00,Figma Update from Yang,d9d6dfaf-a1b9-5303-8d82-76733eecd752
Figma,Tanvi Sharma,2023-12-29T22:34:00,Figma Update from Tanvi Sharma,c4db59ef-d76f-58c9-8add-5806403c4acf
Figma,Tanvi Sharma,2023-12-20T19:06:00,Figma Update from Tanvi Sharma,bcfd1cf8-36c8-5712-90d7-c5bc3e6fb604
Figma,Lauren Klein,2023-12-20T19:06:00,Figma Update from Lauren Klein,27c06927-4233-537f-9a38-e87c40de7c09
Figma,Jay Varner,2023-12-20T19:06:00,Figma Update from Jay Varner,228c922e-678f-59bb-be21-c524919efd71
Figma,Tanvi Sharma,2023-12-20T18:44:00,Figma Update from Tanvi Sharma,39cea22a-47a5-53ac-b749-704663caf7cb
Figma,Jay Varner,2023-12-20T18:44:00,Figma Update from Jay Varner,d8f73181-96cf-5ae0-884e-1b1be26d6ae4
Figma,Lauren Klein,2023-12-20T18:44:00,Figma Update from Lauren Klein,ba682a76-0276-5ef1-832e-d4df1c91a236
Figma,Tanvi Sharma,2023-12-18T18:36:00,Figma Update from Tanvi Sharma,8a0297e2-6629-5a4e-adcc-20afdd8a4c9e
Figma,Tanvi Sharma,2023-12-13T17:58:00,Figma Update from Tanvi Sharma,91f69ef1-1097-5316-86e2-9e0b0bb5916b
Figma,Tanvi Sharma,2023-12-12T18:14:00,Figma Update from Tanvi Sharma,f6e7cfea-977a-591a-827b-81602856baaf
Figma,Tanvi Sharma,2023-11-22T14:49:00,Figma Update from Tanvi Sharma,c8d413bc-58ff-5de7-949b-aa0b156d1408
Figma,Tanvi Sharma,2023-11-13T19:01:00,Figma Update from Tanvi Sharma,326e87ff-4ae5-5ac3-a3a9-be24340cc8fa
Figma,Tanvi Sharma,2023-11-10T22:05:00,Figma Update from Tanvi Sharma,5a485798-8846-5eac-8f9d-39cb3b9041e0
Figma,Tanvi Sharma,2023-11-10T21:58:00,Figma Update from Tanvi Sharma,5b3b76b2-b296-5225-948a-cc10a54241f7
Figma,Tanvi Sharma,2023-10-30T21:47:00,Figma Update from Tanvi Sharma,6b99d6f2-0c4d-51e6-99dd-c0c5bcb4541a
Figma,Tanvi Sharma,2023-10-30T16:35:00,Figma Update from Tanvi Sharma,3d90ad09-7e16-5f18-865c-f03b69b384a6
Figma,Jay Varner,2023-10-30T12:53:00,Figma Update from Jay Varner,fe2f7627-b7f0-5a2d-8e1e-34b25d0f458b
Figma,Tanvi Sharma,2023-10-24T22:43:00,Figma Update from Tanvi Sharma,c18dbcb0-c345-5112-bc40-d2361ac06808
Figma,Tanvi Sharma,2023-10-24T18:09:00,Figma Update from Tanvi Sharma,7944fc00-f03b-56b7-a209-d0a960398d5a
Figma,Tanvi Sharma,2023-10-24T17:41:00,Figma Update from Tanvi Sharma,049bcc37-c143-5b4e-bced-ad2995511e7f
Figma,Tanvi Sharma,2023-10-23T22:43:00,Figma Update from Tanvi Sharma,5d92f231-cf70-50e8-b8be-8e1017f1c75f
Figma,Tanvi Sharma,2023-10-22T03:13:00,Figma Update from Tanvi Sharma,15b7a047-6a6b-5a2c-8313-6d2290e85f4a
Figma,Tanvi Sharma,2023-10-22T02:47:00,Figma Update from Tanvi Sharma,ed953539-8b6f-521b-835d-a9f2fdf3a50e
Figma,Tanvi Sharma,2023-10-21T15:07:00,Figma Update from Tanvi Sharma,8e226090-5efc-5f62-8299-d7511586f15d
Figma,Jay Varner,2023-10-19T15:46:00,Figma Update from Jay Varner,3fd65401-be8a-5e94-a5bc-fff051814ac5
Figma,Jay Varner,2023-10-19T11:32:00,Figma Update from Jay Varner,93681a58-6382-5a10-aff0-6796bd1c099f
Figma,Tanvi Sharma,2023-10-06T14:46:00,Figma Update from Tanvi Sharma,2594de0c-061f-557e-bf2b-5afcbd148e09
Figma,Tanvi Sharma,2023-10-06T14:40:00,Figma Update from Tanvi Sharma,da06d527-fd8e-5117-88de-388be86d957b
Figma,Tanvi Sharma,2023-10-06T14:09:00,Figma Update from Tanvi Sharma,7910142d-a609-5e08-a523-3d9a4ce5efe8
Figma,Tanvi Sharma,2023-10-05T21:47:00,Figma Update from Tanvi Sharma,d2eca267-73e2-5783-aa64-0eac4f24b382
Figma,Tanvi Sharma,2023-10-05T19:04:00,Figma Update from Tanvi Sharma,8a1cf014-7c6b-56f8-80d4-debdaf93dcb6
Figma,Tanvi Sharma,2023-10-05T18:29:00,Figma Update from Tanvi Sharma,f3098951-48e6-55c6-a2e0-b9eca6d99685
Figma,Lauren Klein,2023-10-05T18:29:00,Figma Update from Lauren Klein,3a10511d-ab06-537b-9048-78944bf24b9d
Figma,Tanvi Sharma,2023-10-05T18:01:00,Figma Update from Tanvi Sharma,97eb34de-1d9d-5774-a35c-a4067f71fc49
Figma,Jay Varner,2023-10-05T18:01:00,Figma Update from Jay Varner,8bcfe8ad-a769-542b-a4bc-786c3c8bcfea
Figma,Tanvi Sharma,2023-10-05T17:29:00,Figma Update from Tanvi Sharma,a76e9acc-db40-5a90-98d7-10de7dd0f86f
Figma,Tanvi Sharma,2023-10-05T15:54:00,Figma Update from Tanvi Sharma,a452c585-a37f-5adf-8d31-131c75a47f73
Figma,Tanvi Sharma,2023-10-05T15:09:00,Figma Update from Tanvi Sharma,fb7ea821-7096-5505-94c6-75b35e7ddb0a
Figma,Tanvi Sharma,2023-10-05T14:38:00,Figma Update from Tanvi Sharma,87c08088-660f-5bd2-a8ba-5c49572a0d61
Figma,Tanvi Sharma,2023-10-02T17:23:00,Figma Update from Tanvi Sharma,2188a1d7-7e36-50b2-8a8c-f2f95ff35cf3
Figma,Tanvi Sharma,2023-10-02T16:54:00,Figma Update from Tanvi Sharma,57c01996-20cb-539e-9dbf-d30fc48d9f40
Figma,Tanvi Sharma,2023-09-14T17:56:00,Figma Update from Tanvi Sharma,cd5659de-1b87-527d-af33-6be8537d9b80
Figma,Tanvi Sharma,2023-09-14T17:44:00,Figma Update from Tanvi Sharma,b3b8ea95-37f8-5146-a83a-7915ed1130ff
Figma,Lauren Klein,2023-09-14T17:44:00,Figma Update from Lauren Klein,8f12e6d3-229d-5543-8104-21fefc1a0648
Figma,Jay Varner,2023-09-14T17:44:00,Figma Update from Jay Varner,3b4891f3-7ce3-5db4-aa20-a1313d0d6176
Figma,Tanvi Sharma,2023-09-07T15:10:00,Figma Update from Tanvi Sharma,f21fa048-cf07-5645-9a58-059c244e122f
Figma,Tanvi Sharma,2023-08-31T19:08:00,Figma Update from Tanvi Sharma,7a8a8fd7-07c8-51b9-b6c0-111f855df556
Figma,Tanvi Sharma,2023-08-31T17:20:00,Figma Update from Tanvi Sharma,2d0d16a9-c3b4-505b-9236-63318b0730cc
Figma,Jay Varner,2023-08-31T17:20:00,Figma Update from Jay Varner,cbac824a-d850-5b8c-8e36-66f427028e72
Figma,Tanvi Sharma,2023-08-31T16:49:00,Figma Update from Tanvi Sharma,9af48f65-93b2-5da0-b914-b1ec91921b84
Figma,Tanvi Sharma,2023-08-31T15:23:00,Figma Update from Tanvi Sharma,4af7a599-a7b7-5e92-80ab-7e0741eb20d9
Figma,Jay Varner,2023-08-22T13:45:00,Figma Update from Jay Varner,2322abe8-5a6f-55ae-8d15-7555d391d683
Figma,Jay Varner,2023-08-22T12:11:00,Figma Update from Jay Varner,5741b690-f235-5f26-8a84-feb16472f106
Figma,Tanvi Sharma,2023-07-24T17:12:00,Figma Update from Tanvi Sharma,905b7d96-bc73-58e8-aaad-82d66d589cc6
Figma,Jay Varner,2023-07-19T13:32:00,Figma Update from Jay Varner,a0b2527f-1bb9-5fb0-a6e7-2e5f04f02f67
Figma,Tanvi Sharma,2023-06-27T18:26:00,Figma Update from Tanvi Sharma,25091f46-ceb9-55d9-9795-d48bc1d906db
Figma,Tanvi Sharma,2023-06-27T17:58:00,Figma Update from Tanvi Sharma,ed1a3b66-63d3-5ac2-84af-1f76488e813d
Figma,Tanvi Sharma,2023-06-26T17:43:00,Figma Update from Tanvi Sharma,b9f01c3f-0421-5b53-89ba-cad1b8567f72
Figma,Tanvi Sharma,2023-06-26T17:40:00,Figma Update from Tanvi Sharma,90560d37-633a-548d-9776-1c0644271855
Figma,Tanvi Sharma,2023-06-23T16:52:00,Figma Update from Tanvi Sharma,c1129fe0-2184-5b6b-9c1f-e621732b3579
Figma,Tanvi Sharma,2023-06-23T16:20:00,Figma Update from Tanvi Sharma,cf276113-3576-5f46-be30-1e384dfcac34
Figma,Tanvi Sharma,2023-06-21T21:24:00,Figma Update from Tanvi Sharma,e1d44389-f9d2-5251-a3e5-86178672fe81
Figma,Tanvi Sharma,2023-06-21T20:22:00,Figma Update from Tanvi Sharma,43eb9991-ce69-5b53-9800-1ecf252893c8
Figma,Tanvi Sharma,2023-06-21T17:57:00,Figma Update from Tanvi Sharma,471979b5-17fc-5323-b445-7243b01b31cd
Figma,Tanvi Sharma,2023-06-21T17:30:00,Figma Update from Tanvi Sharma,33c85d4f-7222-50fe-a741-3b13ff83a503
Figma,Tanvi Sharma,2023-06-21T17:06:00,Figma Update from Tanvi Sharma,5bbf1695-09bb-5e52-91e3-0af21beea180
Figma,Tanvi Sharma,2023-06-09T16:36:00,Figma Update from Tanvi Sharma,b467d1ed-eab2-5136-ac46-484e8bd7f847
Figma,Tanvi Sharma,2023-06-08T16:44:00,Figma Update from Tanvi Sharma,8d165f8d-2ac4-5923-9e4f-e966e9bbaa9d
Figma,Tanvi Sharma,2023-06-08T16:13:00,Figma Update from Tanvi Sharma,7b68f500-9161-5fb7-9f21-e84d48e0ccdc
Figma,Tanvi Sharma,2023-06-08T15:41:00,Figma Update from Tanvi Sharma,9c77684d-cb5d-558b-895c-550daa00b5a0
Figma,Tanvi Sharma,2023-06-07T19:48:00,Figma Update from Tanvi Sharma,b00f6ef0-105c-5d3a-9752-36c55a5b188d
Figma,Tanvi Sharma,2023-06-07T19:13:00,Figma Update from Tanvi Sharma,f93cf175-dbf5-5362-97c6-e07af791bc5e
Figma,Tanvi Sharma,2023-06-07T16:16:00,Figma Update from Tanvi Sharma,cb06e477-8d18-5be9-92d8-414ae4482541
Figma,Tanvi Sharma,2023-06-07T15:50:00,Figma Update from Tanvi Sharma,4cdeeec4-e239-58f2-bbbb-e41a874ac29c
Figma,Tanvi Sharma,2023-06-07T15:03:00,Figma Update from Tanvi Sharma,f60cbaf0-f682-53b5-b8b8-51ab54d4db71
Figma,Tanvi Sharma,2023-06-06T19:30:00,Figma Update from Tanvi Sharma,4efef5af-ff16-50e8-9be3-4d48d0032ca2
Figma,Tanvi Sharma,2023-06-06T18:05:00,Figma Update from Tanvi Sharma,4aaa3ebf-fba9-53d4-a099-c33eb2aee4bb
Figma,Tanvi Sharma,2023-06-06T16:38:00,Figma Update from Tanvi Sharma,eae04d22-6828-5622-af47-413bb8aaeb5c
Figma,Tanvi Sharma,2023-06-06T15:33:00,Figma Update from Tanvi Sharma,037f8f16-a1bb-5b41-a282-fadd216b0b12
Figma,Tanvi Sharma,2023-06-06T15:26:00,Figma Update from Tanvi Sharma,df63ccf1-54bd-592a-90f7-7ec26f1a9d66
Figma,Tanvi Sharma,2023-06-05T19:28:00,Figma Update from Tanvi Sharma,db8c164a-48ed-5bdb-9e91-34075755baf2
Figma,Tanvi Sharma,2023-06-01T20:57:00,Figma Update from Tanvi Sharma,73092052-188e-58af-88d1-a36129a14dc9
Figma,Tanvi Sharma,2023-05-31T17:52:00,Figma Update from Tanvi Sharma,672e723d-db32-5240-b2be-fdb8b0a26359
Figma,Tanvi Sharma,2023-05-24T16:32:00,Figma Update from Tanvi Sharma,171983b5-08c5-5002-b2e5-eb5ae3fff38f
Figma,Tanvi Sharma,2023-05-19T15:11:00,Figma Update from Tanvi Sharma,4924a857-b5e9-5d84-bb52-f24aea4a3735
Figma,Tanvi Sharma,2023-05-15T19:54:00,Figma Update from Tanvi Sharma,e74238e3-5f72-5550-a820-20a3e3ab10a8
Figma,Tanvi Sharma,2023-05-15T17:50:00,Figma Update from Tanvi Sharma,5888a7d6-3f1d-55c8-b9dd-78f661277b24
Figma,Tanvi Sharma,2023-05-15T02:44:00,Figma Update from Tanvi Sharma,440d02ee-767e-53ef-8ed0-68d4c89b03b2
Figma,Tanvi Sharma,2023-05-08T20:10:00,Figma Update from Tanvi Sharma,41f624b2-171e-55f4-9ea6-03a054d0f7e7
Figma,Tanvi Sharma,2023-05-05T22:51:00,Figma Update from Tanvi Sharma,4d6eb66c-1393-5760-91e0-f1bbb0c1c13b
Figma,Jay Varner,2023-05-02T12:34:00,Figma Update from Jay Varner,0320e277-0c5c-5ab7-a535-7803e848621a
Figma,Tanvi Sharma,2023-05-01T20:31:00,Figma Update from Tanvi Sharma,b53553a6-cf59-5233-a427-ddeb4e3087dc
Figma,Tanvi Sharma,2023-04-28T22:54:00,Figma Update from Tanvi Sharma,1db079f6-130c-5a87-8024-e821d6b87b9b
Figma,Tanvi Sharma,2023-04-28T22:35:00,Figma Update from Tanvi Sharma,326a93bf-cc04-56dd-ba43-5a108aa93666
Figma,Jay Varner,2023-04-28T20:00:00,Figma Update from Jay Varner,9b3e3249-711f-5721-9bfe-338b06ae5a12
Figma,Tanvi Sharma,2023-04-28T19:00:00,Figma Update from Tanvi Sharma,e4cd3cab-24c6-52e8-8d15-071c1f84b9d5
Figma,Jay Varner,2023-04-28T18:07:00,Figma Update from Jay Varner,ce8c5728-333e-5cf0-80df-0f617f492222
Figma,Jay Varner,2023-04-28T13:10:00,Figma Update from Jay Varner,7f17b1e6-aa0c-5b55-b483-4b21564575a1
Figma,Jay Varner,2023-04-28T12:37:00,Figma Update from Jay Varner,5f5a9b81-c6fe-5223-ba70-96726c805375
Figma,Tanvi Sharma,2023-04-27T23:29:00,Figma Update from Tanvi Sharma,3712869c-472a-565f-8f98-052bd52025ad
Figma,Tanvi Sharma,2023-04-27T21:38:00,Figma Update from Tanvi Sharma,1cc5bbc7-b19f-57d8-90df-503f7eaad946
Figma,Tanvi Sharma,2023-04-27T21:20:00,Figma Update from Tanvi Sharma,9544f3a4-b3bc-5dce-82ce-143c8069559b
Figma,Tanvi Sharma,2023-04-27T20:48:00,Figma Update from Tanvi Sharma,3748cf89-adac-5b32-b023-470b87befb22
Figma,Jay Varner,2023-04-27T13:12:00,Figma Update from Jay Varner,1c6acbda-0245-50f8-9b11-1cc1ab5e5dbe
Figma,Tanvi Sharma,2023-04-26T20:50:00,Figma Update from Tanvi Sharma,0d8df261-6817-5834-89fb-77cd066cb788
Figma,Tanvi Sharma,2023-04-26T01:15:00,Figma Update from Tanvi Sharma,c8d10150-681b-5c81-8ae6-429e8bdd3f11
Figma,Tanvi Sharma,2023-04-25T23:56:00,Figma Update from Tanvi Sharma,8da52e43-1c9c-5d53-971b-35730a15e8f8
Figma,Tanvi Sharma,2023-04-25T23:24:00,Figma Update from Tanvi Sharma,1e78c7dd-b55a-55c8-82aa-75eaf0872492
Figma,Tanvi Sharma,2023-04-25T23:14:00,Figma Update from Tanvi Sharma,bbdf1a01-16df-5939-a388-d2852aefebcb
Figma,Tanvi Sharma,2023-04-25T16:40:00,Figma Update from Tanvi Sharma,ddf39aad-0dbf-5ff5-8828-c6a7b24d2d8a
Figma,Tanvi Sharma,2023-04-24T22:41:00,Figma Update from Tanvi Sharma,26daa70a-ffaf-5ea2-b472-01ba186bbd48
Figma,Tanvi Sharma,2023-04-24T16:05:00,Figma Update from Tanvi Sharma,6d2c4ab9-2441-5e0c-9135-363b71b14b4d
Figma,Tanvi Sharma,2023-04-21T18:14:00,Figma Update from Tanvi Sharma,cce98847-9e0d-578b-8d71-714648e51f37
Figma,Tanvi Sharma,2023-04-20T17:59:00,Figma Update from Tanvi Sharma,11da7122-bfe2-5c55-807a-5a6a43318c58
Figma,Jay Varner,2023-04-20T17:59:00,Figma Update from Jay Varner,2faac074-1619-5b65-9b13-e948ad581a71
Figma,Tanvi Sharma,2023-04-20T16:58:00,Figma Update from Tanvi Sharma,2e851784-b9aa-5625-a73f-be402ced7bb6
Figma,Tanvi Sharma,2023-04-20T16:38:00,Figma Update from Tanvi Sharma,f21be5c4-32d4-5543-b089-53e48081789e
Figma,Tanvi Sharma,2023-04-18T18:16:00,Figma Update from Tanvi Sharma,4721d133-11f2-56ba-9ae1-1a368cf37674
Figma,Tanvi Sharma,2023-04-17T20:17:00,Figma Update from Tanvi Sharma,3145f36d-4e64-53c3-af13-06f99c578f60
Figma,Silas Munro,2021-02-22T21:03:00,Figma updates from Silas Munro,101f79f1-73de-538f-a353-3f6de872d4f5
Figma,Tanvi Sharma,2021-02-22T21:03:00,Figma updates from Tanvi Sharma,5c1cf0bf-a7c0-5935-b2e2-c0d0e05c634e
Figma,Silas Munro,2021-02-22T22:18:00,Figma updates from Silas Munro,48920216-e9b4-5ef3-b4e7-26d511e44e56
Figma,Tanvi Sharma,2021-02-24T15:18:00,Figma updates from Tanvi Sharma,8c330a2b-18ec-5097-b0a4-e054adc6dc75
Figma,Tanvi Sharma,2021-02-24T15:32:00,Figma updates from Tanvi Sharma,6749f41c-4df3-5bad-9828-6c61f8a9eb16
Figma,Tanvi Sharma,2021-03-03T21:12:00,Figma updates from Tanvi Sharma,a0c30d98-98a7-5a2f-b595-fa601e31c9d1
Figma,Tanvi Sharma,2021-03-03T22:17:00,Figma updates from Tanvi Sharma,e70a4664-eba5-5155-be4c-c79719795495
Figma,Tanvi Sharma,2021-03-03T22:20:00,Figma updates from Tanvi Sharma,19e3512c-4eb7-5dcb-816f-170ef92877cf
Figma,Silas Munro,2021-03-04T02:34:00,Figma updates from Silas Munro,d89fe615-32da-5ba2-ac3c-4b3eac4d4d3f
Figma,Tanvi Sharma,2021-03-04T02:34:00,Figma updates from Tanvi Sharma,06cf3459-9187-5a54-946b-d8967c00c7d1
Figma,Silas Munro,2021-03-04T03:01:00,Figma updates from Silas Munro,d4e8fac5-69b9-5c99-828b-a391c59e1fba
Figma,Tanvi Sharma,2021-03-04T03:01:00,Figma updates from Tanvi Sharma,f8405414-f931-5f49-ae72-793bffb9f74b
Figma,Silas Munro,2021-03-04T03:35:00,Figma updates from Silas Munro,9e3318aa-bf9a-5ae7-ad3a-1d1d431497e5
Figma,Silas Munro,2021-03-04T08:33:00,Figma updates from Silas Munro,bee761c9-8cda-5e5f-bb10-fc66103cd1d8
Figma,Tanvi Sharma,2021-03-10T19:29:00,Figma updates from Tanvi Sharma,988cb47b-1aa5-5ee6-9bc3-590cbf96fbb7
Figma,Silas Munro,2021-03-11T16:03:00,Figma updates from Silas Munro,72d61e5b-142c-5640-b587-0eebbd3d79aa
Figma,Tanvi Sharma,2021-03-30T20:56:00,Figma updates from Tanvi Sharma,be8d0617-e346-52ee-a72f-5eddd0205a1b
Figma,Tanvi Sharma,2021-03-30T21:17:00,Figma updates from Tanvi Sharma,8c32b4b9-2dd2-5ebc-9b36-3a30c6923434
Figma,Tanvi Sharma,2021-03-30T21:44:00,Figma updates from Tanvi Sharma,c62dde7f-265c-52d4-9c7a-0bd60aea91f4
Figma,Tanvi Sharma,2021-03-31T17:55:00,Figma updates from Tanvi Sharma,3fa34fb3-d43b-51fe-b6fa-171b56ccd082
Figma,Tanvi Sharma,2021-03-31T18:27:00,Figma updates from Tanvi Sharma,80cfa617-8770-58a5-b5c4-9d61895c0b41
Figma,Tanvi Sharma,2021-03-31T18:30:00,Figma updates from Tanvi Sharma,ecde1600-05a9-5f52-8c85-0f0c8890132d
Figma,Silas Munro,2021-03-31T19:32:00,Figma updates from Silas Munro,2d94a4c6-4c7f-53d3-baaa-92683bd5f428
Figma,Tanvi Sharma,2021-03-31T19:32:00,Figma updates from Tanvi Sharma,194e5d6c-f52c-565b-a841-c6790df2665c
Figma,Tanvi Sharma,2021-04-01T20:33:00,Figma updates from Tanvi Sharma,1a1ea5f5-968c-51ab-b008-09fec826169f
Figma,Tanvi Sharma,2021-04-01T20:47:00,Figma updates from Tanvi Sharma,f695445d-35e9-5f47-a030-c7631eb9b5bd
Figma,Tanvi Sharma,2021-04-02T02:06:00,Figma updates from Tanvi Sharma,b19bc332-141e-5b39-ac23-4b397246e4e8
Figma,Tanvi Sharma,2021-04-02T02:35:00,Figma updates from Tanvi Sharma,ed9a66ac-a1fe-5300-ada0-9650fcc3f5e2
Figma,Silas Munro,2021-04-02T04:31:00,Figma updates from Silas Munro,ca461508-321c-5d42-b45a-3fdc06490759
Figma,Tanvi Sharma,2021-04-02T15:03:00,Figma updates from Tanvi Sharma,510e3a09-d795-5191-863e-2bdcf8289835
Figma,Silas Munro,2021-04-02T15:03:00,Figma updates from Silas Munro,533169f9-5eb1-5d9f-8f14-7ad39781c1f1
Figma,Silas Munro,2021-04-02T15:10:00,Figma updates from Silas Munro,0320a856-fed5-5bfe-b709-49e3b3bcb12a
Figma,Tanvi Sharma,2021-04-02T15:54:00,Figma updates from Tanvi Sharma,37f9f331-e9fb-5d22-8e13-c163ddaa3a01
Figma,Tanvi Sharma,2021-04-08T18:21:00,Figma updates from Tanvi Sharma,cfc55503-01e0-5965-b382-7934643aac74
Figma,Tanvi Sharma,2021-04-08T21:29:00,Figma updates from Tanvi Sharma,5d3891fb-2117-58b8-a057-8f973316e7d2
Figma,Tanvi Sharma,2021-04-08T21:55:00,Figma updates from Tanvi Sharma,f91ceb84-e57d-5467-96d2-233f5128d386
Figma,Tanvi Sharma,2021-04-08T22:33:00,Figma updates from Tanvi Sharma,85e77bd9-736a-5995-9169-2d7bb4b7f506
Figma,Tanvi Sharma,2021-04-08T23:38:00,Figma updates from Tanvi Sharma,a273378b-ab32-590d-9fe1-d8e350353c91
Figma,Tanvi Sharma,2021-04-19T21:06:00,Figma updates from Tanvi Sharma,439baea5-f54f-548f-9fdf-e09221474c85
Figma,Tanvi Sharma,2021-04-20T15:29:00,Figma updates from Tanvi Sharma,54c777c6-957b-5a6e-9825-4d87528a6906
Figma,Tanvi Sharma,2021-04-20T16:00:00,Figma updates from Tanvi Sharma,4782eb63-655e-555a-8d50-31a0f0a9b9f3
Figma,Tanvi Sharma,2021-04-20T16:06:00,Figma updates from Tanvi Sharma,3cf23913-1e26-5364-93c7-43f5bcdf55f9
Figma,Tanvi Sharma,2021-04-20T18:18:00,Figma updates from Tanvi Sharma,11265926-d052-567b-ad5a-3736a1b154ae
Figma,Silas Munro,2021-04-20T18:18:00,Figma updates from Silas Munro,5a18405b-43c5-50de-8b3c-c5d96a2a471c
Figma,Tanvi Sharma,2021-04-23T21:25:00,Figma updates from Tanvi Sharma,9ffaca12-8d92-5ff3-965e-1cc63a956636
Figma,Tanvi Sharma,2021-04-23T21:56:00,Figma updates from Tanvi Sharma,3a09fbb5-6a50-516f-9457-593615209ecf
Figma,Tanvi Sharma,2021-04-23T22:13:00,Figma updates from Tanvi Sharma,0be8ca45-d382-5b2c-b4cf-e4c947a9fad7
Figma,Tanvi Sharma,2021-04-23T23:21:00,Figma updates from Tanvi Sharma,5ca9ad3a-4bb3-5e1a-96e7-958a8850c7f6
Figma,Silas Munro,2021-04-23T23:21:00,Figma updates from Silas Munro,01bc9a78-529d-50ca-a489-5a2f07538f48
Figma,Tanvi Sharma,2021-04-23T23:36:00,Figma updates from Tanvi Sharma,94839d6e-7358-5d7f-9c20-a3149a82ff17
Figma,Silas Munro,2021-04-23T23:36:00,Figma updates from Silas Munro,187a8b51-0a93-5a8b-b8b7-bd474303b06b
Figma,Tanvi Sharma,2021-04-26T01:30:00,Figma updates from Tanvi Sharma,276f5662-aadd-5a85-a4a7-5e2559eeb4d2
Figma,Tanvi Sharma,2021-04-26T02:08:00,Figma updates from Tanvi Sharma,fbc18ca0-654c-5f2d-853c-f902f21f8da7
Figma,Tanvi Sharma,2021-04-26T02:15:00,Figma updates from Tanvi Sharma,22b4756e-23a0-5490-8645-06ab01573564
Figma,Tanvi Sharma,2021-04-26T15:05:00,Figma updates from Tanvi Sharma,d6baedbd-8229-5d50-a2da-1378e0e54f6a
Figma,Silas Munro,2021-04-26T15:05:00,Figma updates from Silas Munro,4cf1e72b-ec30-5612-b9c4-bdc7f2488b9b
Figma,Tanvi Sharma,2021-04-26T16:04:00,Figma updates from Tanvi Sharma,6e5860ba-16db-53d4-ad81-ce5a3aff0844
Figma,Tanvi Sharma,2021-05-05T22:21:00,Figma updates from Tanvi Sharma,75951444-6350-5a8a-9d33-c8a80dffd6e0
Figma,Silas Munro,2021-05-05T22:21:00,Figma updates from Silas Munro,b6c6497a-6b23-5e96-ae1f-b44dfeb4cee5
Figma,Tanvi Sharma,2021-05-12T16:43:00,Figma updates from Tanvi Sharma,9f893360-3ab1-55ce-b026-3fc0a1b35efd
Figma,Tanvi Sharma,2021-05-12T17:01:00,Figma updates from Tanvi Sharma,7002b377-ffa3-5327-b85d-0e4ba7c58c4d
Figma,Tanvi Sharma,2021-05-15T16:58:00,Figma updates from Tanvi Sharma,fbf0b67a-e9c6-54a9-bea0-6c4ce64e58e1
Figma,Tanvi Sharma,2021-05-15T17:27:00,Figma updates from Tanvi Sharma,f4480beb-4d7a-5732-b0f9-0ca7d49e7c07
Figma,Tanvi Sharma,2021-05-16T00:18:00,Figma updates from Tanvi Sharma,5058db2d-02a7-5c11-baf5-23e72fa02556
Figma,Tanvi Sharma,2021-05-16T00:50:00,Figma updates from Tanvi Sharma,ca1fa090-2bd2-56dd-a24c-c4f2d7ecefaa
Figma,Tanvi Sharma,2021-05-16T01:12:00,Figma updates from Tanvi Sharma,dac33b80-a72e-5226-a496-d78669844421
Figma,Tanvi Sharma,2021-05-17T16:48:00,Figma updates from Tanvi Sharma,8201f144-bdd8-56ed-9939-47405dbac92b
Figma,Tanvi Sharma,2021-05-17T17:37:00,Figma updates from Tanvi Sharma,490e522c-8581-5fc9-8c14-4ca6028fb494
Figma,Tanvi Sharma,2021-05-17T17:48:00,Figma updates from Tanvi Sharma,8b6b9dc0-1885-5b81-a299-a84312997270
Figma,Tanvi Sharma,2021-05-18T13:38:00,Figma updates from Tanvi Sharma,6e951e3c-5247-5c3e-8fa2-f709a7f8b9bd
Figma,Tanvi Sharma,2021-05-18T14:11:00,Figma updates from Tanvi Sharma,5807062b-edb2-5e8e-8c73-33b090546817
Figma,Tanvi Sharma,2021-05-18T14:42:00,Figma updates from Tanvi Sharma,b5fcffa6-3bdc-5972-b53f-a4d9eb537251
Figma,Tanvi Sharma,2021-05-18T15:07:00,Figma updates from Tanvi Sharma,ed46182e-d1b9-52b2-824e-11daeb461d25
Figma,Tanvi Sharma,2021-05-18T19:51:00,Figma updates from Tanvi Sharma,387415f9-da8a-542d-a22b-3d61a2387d14
Figma,Silas Munro,2021-05-18T19:51:00,Figma updates from Silas Munro,e6864e00-9bc6-5ac2-bbf2-7c5cc089978d
Figma,Tanvi Sharma,2021-05-18T19:54:00,Figma updates from Tanvi Sharma,81d1ec27-bcc1-5967-bcb6-acba90cf23d4
Figma,Tanvi Sharma,2021-05-24T20:02:00,Figma updates from Tanvi Sharma,1d83b7ee-ad92-5da7-a6ce-ef491e15709a
Figma,Tanvi Sharma,2021-05-25T18:44:00,Figma updates from Tanvi Sharma,f2e9a189-d578-585c-83b6-a6e2cd85029e
Figma,Tanvi Sharma,2021-05-25T18:59:00,Figma updates from Tanvi Sharma,a92a13dc-433f-527e-b703-45b70b0e3127
Figma,Tanvi Sharma,2021-05-27T16:53:00,Figma updates from Tanvi Sharma,03a416b6-b475-51e0-9ddf-b79ab4007c34
Figma,Tanvi Sharma,2021-06-01T18:31:00,Figma updates from Tanvi Sharma,20454c7b-9d8d-5596-85a3-d34f9d2d8089
Figma,Tanvi Sharma,2021-06-07T14:44:00,Figma updates from Tanvi Sharma,73701c1d-1bac-5013-92ce-7f8267bf7be4
Figma,Tanvi Sharma,2021-06-07T20:47:00,Figma updates from Tanvi Sharma,e028ce4f-c4a3-5249-b23d-1acedc0d46f8
Figma,Tanvi Sharma,2021-06-07T21:18:00,Figma updates from Tanvi Sharma,d8013a6d-2192-5f98-86f3-a663d00112d1
Figma,Tanvi Sharma,2021-06-07T21:40:00,Figma updates from Tanvi Sharma,e767ec7b-dc02-52cd-a62f-03fff1ded26f
Figma,Tanvi Sharma,2021-06-07T22:15:00,Figma updates from Tanvi Sharma,ae14217c-41ba-587e-8ad6-e3d87dc8efe1
Figma,Tanvi Sharma,2021-06-21T18:28:00,Figma updates from Tanvi Sharma,aa1ea7a3-52cd-5834-b133-cee5fbf87aef
Figma,Tanvi Sharma,2021-06-21T18:59:00,Figma updates from Tanvi Sharma,b252941a-2a5f-5787-8b92-87f55554ed92
Figma,Tanvi Sharma,2021-06-22T16:10:00,Figma updates from Tanvi Sharma,f070edf3-3a3a-59fd-998b-f27d62c10d33
Figma,Tanvi Sharma,2021-06-22T16:41:00,Figma updates from Tanvi Sharma,5ac37298-6d08-5913-9325-a383f104236e
Figma,Tanvi Sharma,2021-06-22T19:34:00,Figma updates from Tanvi Sharma,c429b7fd-85c3-5d2e-a555-e2f5410edbe0
Figma,Edgar Casarin,2021-06-22T19:34:00,Figma updates from Edgar Casarin,542cbaf2-d9b0-5b4e-ba00-6fc8bc3ec196
Figma,Tanvi Sharma,2021-06-22T19:56:00,Figma updates from Tanvi Sharma,ea7f3858-b9f6-501a-89d9-9593db7093c0
Figma,Tanvi Sharma,2021-06-24T17:01:00,Figma updates from Tanvi Sharma,69e743d6-a16d-502e-a7ce-4683509c2782
Figma,Edgar Casarin,2021-06-24T18:51:00,Figma updates from Edgar Casarin,7b146103-90b0-5727-b24d-981ecafc309f
Figma,Tanvi Sharma,2021-06-25T18:24:00,Figma updates from Tanvi Sharma,4af783cd-6b73-5708-a664-4bcbae0ea1e7
Figma,Edgar Casarin,2021-06-28T21:40:00,Figma updates from Edgar Casarin,9e8e9e9d-54cb-5733-967f-553f59fc9a56
Figma,Edgar Casarin,2021-06-28T21:54:00,Figma updates from Edgar Casarin,5966b1de-9eb1-5742-aad4-16541219265b
Figma,Edgar Casarin,2021-06-28T22:41:00,Figma updates from Edgar Casarin,4c39d5bd-891a-5c25-9f41-b11dbaa26243
Figma,Edgar Casarin,2021-06-28T22:45:00,Figma updates from Edgar Casarin,37006962-1756-52bf-b06d-67bf3d930cdf
Figma,Dan Jutan,2021-06-28T23:37:00,Figma updates from Dan Jutan,3d6311d5-eb58-5e3e-9fb3-01498e79ab0e
Figma,Edgar Casarin,2021-06-29T05:21:00,Figma updates from Edgar Casarin,a6bccaa1-5001-5847-aecc-c0b778e1a8b5
Figma,Edgar Casarin,2021-06-29T06:16:00,Figma updates from Edgar Casarin,5d78580d-e55e-5427-b886-05f987c8d45a
Figma,Tanvi Sharma,2021-06-29T13:55:00,Figma updates from Tanvi Sharma,9ad662fb-93a2-5304-8db2-20b68ddd2c51
Figma,Tanvi Sharma,2021-06-29T14:26:00,Figma updates from Tanvi Sharma,1bf73f50-a3b8-5d37-8c29-55611417be08
Figma,Tanvi Sharma,2021-06-29T14:58:00,Figma updates from Tanvi Sharma,427cdd43-d39b-5178-a51b-a8c269e49edf
Figma,Tanvi Sharma,2021-06-29T15:15:00,Figma updates from Tanvi Sharma,e6c09c76-1e53-55e5-a527-9349941e332a
Figma,Edgar Casarin,2021-06-29T15:15:00,Figma updates from Edgar Casarin,b3c94670-f35c-5b50-bd32-b1534444aba8
Figma,Tanvi Sharma,2021-06-29T15:56:00,Figma updates from Tanvi Sharma,0ba7ad12-42d2-5f8a-ac22-777206be85dd
Figma,Edgar Casarin,2021-06-29T15:56:00,Figma updates from Edgar Casarin,47199ed6-64f2-5f51-b76d-e06a5685a9aa
Figma,Edgar Casarin,2021-06-29T21:50:00,Figma updates from Edgar Casarin,3d45b116-15a1-5d66-a4af-60af85ddfd85
Figma,Edgar Casarin,2021-06-29T22:00:00,Figma updates from Edgar Casarin,fe5198df-3b2a-5c4a-9b1e-484dafd4392e
Figma,Dan Jutan,2021-06-30T18:53:00,Figma updates from Dan Jutan,3e464173-b691-5863-80da-b919757f4fe8
Figma,Edgar Casarin,2021-06-30T21:12:00,Figma updates from Edgar Casarin,e98defa8-390c-53d3-86a9-ff0d7c8549f8
Figma,Edgar Casarin,2021-06-30T21:16:00,Figma updates from Edgar Casarin,af9148ec-3458-52ca-afc9-dfc1bf56b443
Figma,Dan Jutan,2021-06-30T23:06:00,Figma updates from Dan Jutan,187659cf-827e-5d3c-a9c3-bdc194c64aab
Figma,Tanvi Sharma,2021-07-01T20:04:00,Figma updates from Tanvi Sharma,c33df059-7fa0-5218-aa94-39d71db52277
Figma,Dan Jutan,2021-07-01T20:04:00,Figma updates from Dan Jutan,43ff52ca-30ba-5869-9b1c-80b7af798b78
Figma,Edgar Casarin,2021-07-02T05:12:00,Figma updates from Edgar Casarin,cd291373-0170-5d9b-8093-ed9b2d7bee59
Figma,Edgar Casarin,2021-07-02T05:23:00,Figma updates from Edgar Casarin,ff919965-7353-5f6b-835d-add7228622dd
Figma,Edgar Casarin,2021-07-03T00:16:00,Figma updates from Edgar Casarin,ed79e3f5-51dc-548b-a3a6-4230480d8d8d
Figma,Tanvi Sharma,2021-07-05T18:07:00,Figma updates from Tanvi Sharma,362cc42c-f6fe-54b8-b1c4-12ea5df421cd
Figma,Dan Jutan,2021-07-05T18:07:00,Figma updates from Dan Jutan,98803e6f-b5d5-58f6-99a3-011032bf45ee
Figma,Tanvi Sharma,2021-07-05T20:44:00,Figma updates from Tanvi Sharma,bcc20218-657c-5bb0-8fb6-cb97da8d47fb
Figma,Edgar Casarin,2021-07-07T15:57:00,Figma updates from Edgar Casarin,234fef24-317c-57c7-afe7-3c73edea5de5
Figma,Dan Jutan,2021-07-11T17:19:00,Figma updates from Dan Jutan,7bd822ca-89aa-5a5a-87e3-5a08d774591d
Figma,Tanvi Sharma,2021-07-12T14:02:00,Figma updates from Tanvi Sharma,590515f7-c477-54ce-8581-82887660c1f3
Figma,Tanvi Sharma,2021-07-12T14:34:00,Figma updates from Tanvi Sharma,9ecef36e-8c61-5a29-999c-c90d3b5eec1d
Figma,Tanvi Sharma,2021-07-12T14:56:00,Figma updates from Tanvi Sharma,df04d5f1-34a4-5e48-b796-1de250a8d4e8
Figma,Dan Jutan,2021-07-12T14:56:00,Figma updates from Dan Jutan,e8b09f32-0f92-5400-97b4-155ccf1f5a82
Figma,Tanvi Sharma,2021-07-12T15:27:00,Figma updates from Tanvi Sharma,8160f7d3-905b-58ac-95b7-dceb8eb7afb8
Figma,Silas Munro,2021-07-12T15:27:00,Figma updates from Silas Munro,c8b0f1df-cee8-5fdb-ad4b-679094ae74b0
Figma,Tanvi Sharma,2021-07-12T16:24:00,Figma updates from Tanvi Sharma,6ed43689-1c97-52eb-91fc-7565c248d0c2
Figma,Silas Munro,2021-07-12T16:24:00,Figma updates from Silas Munro,c2d2e9a0-2b39-5ba6-bb7f-92255e432900
Figma,Silas Munro,2021-07-12T19:12:00,Figma updates from Silas Munro,ad51c886-0d1c-5f71-8a26-59f1fb62f4ad
Figma,Tanvi Sharma,2021-07-13T14:12:00,Figma updates from Tanvi Sharma,69627478-9f37-51a8-9475-b64883b8865c
Figma,Dan Jutan,2021-07-13T16:30:00,Figma updates from Dan Jutan,9147c31b-e05a-58fe-a98d-ee28d821faec
Figma,Tanvi Sharma,2021-07-13T21:09:00,Figma updates from Tanvi Sharma,722f83c8-3e38-5586-8b6c-535675b677a6
Figma,Dan Jutan,2021-07-13T21:09:00,Figma updates from Dan Jutan,4a7dce19-a043-5f08-8036-f7b3b3d3904d
Figma,Tanvi Sharma,2021-07-13T21:41:00,Figma updates from Tanvi Sharma,d68edc1b-485d-56ab-a423-d94b9b3f17f0
Figma,Edgar Casarin,2021-07-13T21:41:00,Figma updates from Edgar Casarin,f456539b-8286-57b0-ba88-fbe56fe3d61a
Figma,Tanvi Sharma,2021-07-13T21:53:00,Figma updates from Tanvi Sharma,8eb4b471-a579-5775-8dfc-1f8ab79c9ee7
Figma,Edgar Casarin,2021-07-13T22:21:00,Figma updates from Edgar Casarin,3cd207f0-9aa4-5f19-94c4-9c1d837df1ee
Figma,Tanvi Sharma,2021-07-14T15:00:00,Figma updates from Tanvi Sharma,73987f07-06f0-5a4a-913d-92647cce617d
Figma,Tanvi Sharma,2021-07-14T15:34:00,Figma updates from Tanvi Sharma,1f378838-80b7-5884-9fcf-b5bf05484136
Figma,Tanvi Sharma,2021-07-14T16:01:00,Figma updates from Tanvi Sharma,dd2e4fcf-a902-5bee-ad1a-1b7c80f6bcfa
Figma,Dan Jutan,2021-07-14T16:01:00,Figma updates from Dan Jutan,62e6ee14-2cb4-5902-9098-72c485ca3b85
Figma,Dan Jutan,2021-07-14T17:27:00,Figma updates from Dan Jutan,550899d3-686c-5bde-9405-47fc7f109188
Figma,Tanvi Sharma,2021-07-14T20:46:00,Figma updates from Tanvi Sharma,9c0454b3-82f6-528a-9816-a0246f2ae549
Figma,Tanvi Sharma,2021-07-14T21:06:00,Figma updates from Tanvi Sharma,bfc8f772-7720-5c3f-9a2c-8880d1bd6955
Figma,Tanvi Sharma,2021-07-15T16:46:00,Figma updates from Tanvi Sharma,e294fc5f-e5f0-56ef-b944-2bf5bfad94e6
Figma,Tanvi Sharma,2021-07-15T17:14:00,Figma updates from Tanvi Sharma,93cd3f21-5a41-5660-8a70-e1033b19eaca
Figma,Tanvi Sharma,2021-07-15T18:55:00,Figma updates from Tanvi Sharma,022a3384-8a2b-5958-b49d-628dcb758c3c
Figma,Dan Jutan,2021-07-18T15:22:00,Figma updates from Dan Jutan,efde1c8a-3c65-5e34-95d3-d5cf4f79ee09
Figma,Silas Munro,2021-07-19T20:54:00,Figma updates from Silas Munro,1d8d131d-c6bf-500b-9e07-5b9ba68aca80
Figma,Edgar Casarin,2021-07-21T21:10:00,Figma updates from Edgar Casarin,9875e150-6f21-53d3-a4cb-eb99454cad16
Figma,Tanvi Sharma,2021-07-23T21:16:00,Figma updates from Tanvi Sharma,7c5f04ea-39d5-500a-9ef1-e35983f9ec2f
Figma,Tanvi Sharma,2021-07-23T21:22:00,Figma updates from Tanvi Sharma,be5714af-f32f-587e-a4dd-40f9128fe165
Figma,Tanvi Sharma,2021-07-27T15:06:00,Figma updates from Tanvi Sharma,2e2ca519-3cb7-518b-9c9c-78fb14f8d336
Figma,Tanvi Sharma,2021-07-27T15:59:00,Figma updates from Tanvi Sharma,c8099a2a-06be-5d9e-84cb-44aa64d88a2f
Figma,Silas Munro,2021-07-27T15:59:00,Figma updates from Silas Munro,da282adb-6636-5d8b-9019-7da7ea60534e
Figma,Tanvi Sharma,2021-07-27T16:16:00,Figma updates from Tanvi Sharma,9fbabd03-90ba-54f6-8dfa-e852e54ba42e
Figma,Silas Munro,2021-07-27T16:16:00,Figma updates from Silas Munro,2b3bc76c-d7f3-5fcd-9b98-4f6ccd5715b7
Figma,Tanvi Sharma,2021-07-28T23:11:00,Figma updates from Tanvi Sharma,1f7e31b7-f35f-5af0-9f44-da65848b480f
Figma,Tanvi Sharma,2021-07-28T23:44:00,Figma updates from Tanvi Sharma,bc8668f4-a943-57a7-86a1-0438ddd2d401
Figma,Tanvi Sharma,2021-07-29T00:15:00,Figma updates from Tanvi Sharma,f1396513-a896-5959-bf64-5b3308816b43
Figma,Silas Munro,2021-07-29T00:15:00,Figma updates from Silas Munro,e1073005-1b28-5ce5-b6d2-5cadbc824a5e
Figma,Tanvi Sharma,2021-07-29T00:47:00,Figma updates from Tanvi Sharma,339a4b28-0973-5ac8-867b-52b431e4f12b
Figma,Tanvi Sharma,2021-07-29T01:08:00,Figma updates from Tanvi Sharma,cf738fd5-9b72-5b64-aebe-32e38d1ec483
Figma,Tanvi Sharma,2021-07-29T01:52:00,Figma updates from Tanvi Sharma,5f1c2187-bc84-5a1d-aaf7-b8cf4cb522b4
Figma,Tanvi Sharma,2021-08-04T17:51:00,Figma updates from Tanvi Sharma,dbf48d9d-a153-5e90-984b-953d1ff2a750
Figma,Dan Jutan,2021-08-04T17:51:00,Figma updates from Dan Jutan,806bbffe-0303-53b0-be3f-f2096914bffd
Figma,Tanvi Sharma,2021-08-04T17:58:00,Figma updates from Tanvi Sharma,6bd2b344-7e8d-5bf4-ae08-ef751b8bd323
Figma,Dan Jutan,2021-08-04T17:58:00,Figma updates from Dan Jutan,6d821068-96af-5be4-bd34-f88e8468762f
Figma,Tanvi Sharma,2021-08-05T20:41:00,Figma updates from Tanvi Sharma,c6836f42-6452-560f-9e16-439b30ecd886
Figma,Dan Jutan,2021-08-12T17:02:00,Figma updates from Dan Jutan,939cf0af-b1fa-504e-8772-841fd5f95a68
Figma,Tanvi Sharma,2021-09-13T18:35:00,Figma updates from Tanvi Sharma,c3075d09-d5f2-5ace-994d-af69d358812d
Figma,Tanvi Sharma,2021-09-13T19:05:00,Figma updates from Tanvi Sharma,20b0dd4f-08b7-5341-9053-0f453880a21f
Figma,Silas Munro,2021-09-17T20:35:00,Figma updates from Silas Munro,e94cfbda-79e9-57b8-b2e2-67c0fb1981bd
Figma,Tanvi Sharma,2021-09-20T18:36:00,Figma updates from Tanvi Sharma,af4a78a2-1215-53ca-9758-f119d07327fa
Figma,Tanvi Sharma,2021-09-20T19:13:00,Figma updates from Tanvi Sharma,9217b69c-d190-5ae9-bb05-9c52bfb30feb
Figma,Silas Munro,2021-09-20T19:13:00,Figma updates from Silas Munro,b17ee265-d778-573f-98b0-1c4fc903587a
Figma,Tanvi Sharma,2021-09-20T19:26:00,Figma updates from Tanvi Sharma,bc0686c0-9a94-5ea6-b607-99850e7287a8
Figma,Silas Munro,2021-09-20T19:26:00,Figma updates from Silas Munro,da6c00e3-e68e-5f90-ac08-4fe8db6a829f
Figma,Dan Jutan,2021-09-23T21:08:00,Figma updates from Dan Jutan,ba39ded5-620c-50f1-82d9-890c5b452450
Figma,Tanvi Sharma,2021-10-07T20:43:00,Figma updates from Tanvi Sharma,928bdd19-5eb7-559d-a0a1-2349af895b51
Figma,Lauren Klein,2021-10-07T20:43:00,Figma updates from Lauren Klein,b623d5fe-d199-5a88-90b5-28c555cd2f1c
Figma,Tanvi Sharma,2021-10-07T21:14:00,Figma updates from Tanvi Sharma,5c87f0d2-6f3e-56b8-96d8-0634f6080c10
Figma,Tanvi Sharma,2021-10-07T21:24:00,Figma updates from Tanvi Sharma,4562e7f3-908e-5536-886c-9dc3f0d7080c
Figma,Jianing Fu,2021-10-07T23:06:00,Figma updates from Jianing Fu,2454920c-48e7-5344-aa63-550e2574a6bb
Figma,Tanvi Sharma,2021-10-18T00:47:00,Figma updates from Tanvi Sharma,4d6bdf1a-3366-5fa1-b36b-df0e545d5e9e
Figma,Dan Jutan,2021-10-18T00:47:00,Figma updates from Dan Jutan,4f7dbdff-ac0b-50db-978e-db30ff88ad50
Figma,Tanvi Sharma,2021-10-18T01:23:00,Figma updates from Tanvi Sharma,902b1ec8-73eb-5f69-b08f-3f609219a215
Figma,Dan Jutan,2021-10-18T01:23:00,Figma updates from Dan Jutan,a7c9a22b-669b-5b56-98cc-a346cae994e8
Figma,Tanvi Sharma,2021-10-18T01:32:00,Figma updates from Tanvi Sharma,7be05cf9-9399-5107-ba98-a868b4504c7b
Figma,Dan Jutan,2021-10-19T16:19:00,Figma updates from Dan Jutan,dfa75c72-2be4-548f-ade8-0759f471c332
Figma,Jianing Fu,2021-10-22T00:34:00,Figma updates from Jianing Fu,b30e9ca9-b105-5741-8c48-830368be1685
Figma,Tanvi Sharma,2021-10-31T20:47:00,Figma updates from Tanvi Sharma,b293e9d1-adf0-53f7-bd66-feff684894c4
Figma,Tanvi Sharma,2021-11-01T01:31:00,Figma updates from Tanvi Sharma,15171d03-5508-5af8-80b3-88333fd96b45
Figma,Tanvi Sharma,2021-11-02T21:23:00,Figma updates from Tanvi Sharma,f639d719-8eee-5a51-9f31-0a09f46268ca
Figma,Silas Munro,2021-11-02T21:23:00,Figma updates from Silas Munro,fb11e5bf-102d-5e89-b823-f0cc65ca6a03
Figma,Tanvi Sharma,2021-11-06T18:30:00,Figma updates from Tanvi Sharma,a1f9a148-1434-5eb9-ab66-c17fd206d4c3
Figma,Tanvi Sharma,2021-11-12T17:29:00,Figma updates from Tanvi Sharma,f6d7fdc5-944f-5769-9fc6-076d9a451669
Figma,Tanvi Sharma,2021-11-24T18:45:00,Figma updates from Tanvi Sharma,57a161a5-4b8f-5d58-b3bc-18c0dbef60f9
Figma,Tanvi Sharma,2021-11-24T22:38:00,Figma updates from Tanvi Sharma,65fdd67e-0182-5b67-9fa4-8bd219a51255
Figma,Silas Munro,2021-12-09T05:02:00,Figma updates from Silas Munro,503d2865-6773-5218-9c9e-65878973a584
Figma,Tanvi Sharma,2021-12-29T18:19:00,Figma updates from Tanvi Sharma,4d18b7e0-1b3c-5b4a-9089-1abc0ce99927
Figma,Tanvi Sharma,2021-12-29T18:49:00,Figma updates from Tanvi Sharma,86d75de9-4f85-5f22-a12f-725ca1038c7a
Figma,Tanvi Sharma,2022-01-07T22:21:00,Figma updates from Tanvi Sharma,c801c404-99f5-59c0-bb22-d2b96e6789b9
Figma,Tanvi Sharma,2022-01-07T22:34:00,Figma updates from Tanvi Sharma,de3476da-834c-5a80-98ed-e4ae38465250
Figma,Tanvi Sharma,2022-01-08T00:09:00,Figma updates from Tanvi Sharma,d78e415e-2bd5-5eea-8686-bcbc6d4f9b18
Figma,Tanvi Sharma,2022-01-08T00:23:00,Figma updates from Tanvi Sharma,7d5bedba-6598-5004-947c-b0a534e964bf
Figma,Tanvi Sharma,2022-01-08T04:29:00,Figma updates from Tanvi Sharma,aa68e5cd-9ef7-5473-aa4c-5a0b35c831ef
Figma,Tanvi Sharma,2022-01-10T20:14:00,Figma updates from Tanvi Sharma,5f8f9435-8dcf-51e6-9981-4b790f0abe68
Figma,Silas Munro,2022-01-10T20:14:00,Figma updates from Silas Munro,9446ec1b-a8d9-5e10-9855-1d736d6ae5ae
Figma,Tanvi Sharma,2022-01-24T19:54:00,Figma updates from Tanvi Sharma,0aa39bc2-698a-5979-858c-94c9579ddadb
Figma,Tanvi Sharma,2022-01-24T20:15:00,Figma updates from Tanvi Sharma,8bbc3f16-7a96-57b4-85a3-6f160c6cb072
Figma,Tanvi Sharma,2022-01-24T20:53:00,Figma updates from Tanvi Sharma,2ca77bf6-2514-5f54-9a58-3fd787ca2f73
Figma,Tanvi Sharma,2022-01-25T19:40:00,Figma updates from Tanvi Sharma,09c195a8-e3eb-5b49-8e38-40ad15ff9028
Figma,Tanvi Sharma,2022-02-07T13:31:00,Figma updates from Tanvi Sharma,ea4d7c81-6c7a-5b8f-903d-f2005e3c8f22
Figma,Tanvi Sharma,2022-02-07T13:50:00,Figma updates from Tanvi Sharma,b29a1cbe-be39-5ed7-a074-2ade953a9f90
Figma,Tanvi Sharma,2022-02-07T15:09:00,Figma updates from Tanvi Sharma,73fedc47-d6c7-5e09-bd0c-47b3108f0e59
Figma,Dan Jutan,2022-02-07T15:09:00,Figma updates from Dan Jutan,5d5b321b-de53-57b1-a19e-699291584f2a
Figma,Dan Jutan,2022-02-07T16:26:00,Figma updates from Dan Jutan,634b6f90-30a0-54fb-9872-c18faf15c8a8
Figma,Tanvi Sharma,2022-02-10T18:27:00,Figma updates from Tanvi Sharma,497bb667-36c7-559b-b4a8-25f414004de8
Figma,Tanvi Sharma,2022-02-11T19:18:00,Figma updates from Tanvi Sharma,1dbe6db6-0c5d-5e51-bbe9-47080aea6cf5
Figma,Dan Jutan,2022-02-14T03:33:00,Figma updates from Dan Jutan,a4a10748-108e-5882-bce7-d0fa7578eba1
Figma,Tanvi Sharma,2022-02-14T20:24:00,Figma updates from Tanvi Sharma,ac33d47e-3ffb-50a1-a280-93b976e7ef27
Figma,Dan Jutan,2022-02-14T20:24:00,Figma updates from Dan Jutan,3bfd0709-6f48-59c9-8d87-80bf5459b23b
Figma,Tanvi Sharma,2022-02-14T20:32:00,Figma updates from Tanvi Sharma,54dba106-3c9b-57fe-9a0a-03792dd5b0f9
Figma,Jianing Fu,2022-02-18T06:18:00,Figma updates from Jianing Fu,7d2c5c39-8fe3-50c6-bbfa-fa2959f1da6c
Figma,Dan Jutan,2022-02-28T14:24:00,Figma updates from Dan Jutan,74ff6c76-582c-59db-9358-49c706b7b8f4
Figma,Zhou Fang,2022-02-28T19:08:00,Figma updates from Zhou Fang,bdacc28d-3422-54c0-a912-023646e767d6
Figma,Zhou Fang,2022-03-14T17:14:00,Figma updates from Zhou Fang,e8406376-f30e-55fc-badf-960320f1c44f
Figma,Zhou Fang,2022-03-14T17:45:00,Figma updates from Zhou Fang,fa369356-c14d-5850-8b3e-76d4c97d419a
Figma,Tanvi Sharma,2022-03-14T19:13:00,Figma updates from Tanvi Sharma,e9990ac5-ffc8-5fd7-9446-16c2ef4339a9
Figma,Jianing Fu,2022-03-24T02:49:00,Figma updates from Jianing Fu,a842992b-f068-5fec-8a0a-c7fc7cf86e80
Figma,Tanvi Sharma,2022-03-28T18:01:00,Figma updates from Tanvi Sharma,11f8a71d-7221-5f9a-8b74-aef878f24a8b
Figma,Tanvi Sharma,2022-03-28T18:45:00,Figma updates from Tanvi Sharma,9be064e4-7b07-54bd-b21e-e6e7e6862b44
Figma,Silas Munro,2022-04-01T16:42:00,Figma updates from Silas Munro,a9cddc62-ef17-59ab-a9a4-dcf506d81341
Figma,Tanvi Sharma,2022-04-01T16:42:00,Figma updates from Tanvi Sharma,357ddf22-e629-5d72-8463-c87973754460
Figma,Tanvi Sharma,2022-04-01T17:04:00,Figma updates from Tanvi Sharma,68a21943-6bb1-52e3-bb3f-34d4fec20df8
Figma,Silas Munro,2022-04-01T17:04:00,Figma updates from Silas Munro,e7e3ab51-ce18-54f7-aa54-03bbfd23f434
Figma,Zhou Fang,2022-04-11T17:45:00,Figma updates from Zhou Fang,c75a6643-d137-50db-aa92-62ed136cbc56
Figma,Anna Mola,2022-04-12T16:15:00,Figma updates from Anna Mola,07ad71b3-6765-5e8e-9753-d3111498e1ed
Figma,Anna Mola,2022-04-14T18:04:00,Figma updates from Anna Mola,03f71bc7-7960-5f38-a7b8-0a20f9966ab5
Figma,Anna Mola,2022-04-14T18:14:00,Figma updates from Anna Mola,07257b42-6cbc-53fc-8b6a-c85c21578d36
Figma,Anna Mola,2022-04-14T18:52:00,Figma updates from Anna Mola,e1b4d946-52eb-51d2-9583-58103bc1eb26
Figma,Anna Mola,2022-04-14T19:37:00,Figma updates from Anna Mola,d9bde65e-abda-5f80-beb9-4e18972ac2c8
Figma,Tanvi Sharma,2022-04-18T19:05:00,Figma updates from Tanvi Sharma,434a0e3c-7417-50da-b1dd-db7b38360436
Figma,Anna Mola,2022-04-18T19:05:00,Figma updates from Anna Mola,91e05900-d7e4-5612-bd0f-f15ce044380c
Figma,Tanvi Sharma,2022-04-18T19:11:00,Figma updates from Tanvi Sharma,f835e467-af65-5c33-bb21-c17b0d27b9e0
Figma,Tanvi Sharma,2022-04-24T22:09:00,Figma updates from Tanvi Sharma,f487d154-9d97-52d0-8562-c955031a853d
Figma,Tanvi Sharma,2022-04-24T22:37:00,Figma updates from Tanvi Sharma,4ef9f1c3-87f5-5148-877c-87c68b2a891a
Figma,Tanvi Sharma,2022-04-25T16:00:00,Figma updates from Tanvi Sharma,5d472d4a-dcbe-51a1-9d5b-d5e86e332690
Figma,Dan Jutan,2022-04-28T18:48:00,Figma updates from Dan Jutan,5becdada-a555-557a-8de6-75ef40a09261
Figma,Tanvi Sharma,2022-05-16T16:17:00,Figma updates from Tanvi Sharma,dbb71d1a-689c-5c43-824f-3fb4fc1139e6
Figma,Tanvi Sharma,2022-05-18T14:43:00,Figma updates from Tanvi Sharma,c98ba846-d8b0-5458-8386-1d34abd114e8
Figma,Tanvi Sharma,2022-06-06T18:15:00,Figma updates from Tanvi Sharma,6abb5896-a3af-513a-9526-b068a871d20c
Figma,Tanvi Sharma,2022-06-06T18:29:00,Figma updates from Tanvi Sharma,8e722dc5-f52e-574c-a183-1c7a6600779d
Figma,Anna Mola,2022-06-07T15:39:00,Figma updates from Anna Mola,9b0c9016-6b49-5fa9-92ea-8bc8ee6e269c
Figma,Anna Mola,2022-06-08T16:49:00,Figma updates from Anna Mola,4703def5-b833-5116-8947-688c66ccea25
Figma,Tanvi Sharma,2022-06-13T18:18:00,Figma updates from Tanvi Sharma,a05ca120-348a-5f10-b4f2-06a19e12493e
Figma,Anna Mola,2022-06-13T18:33:00,Figma updates from Anna Mola,1a68dafe-3c92-5270-b5bd-93333b520740
Figma,Tanvi Sharma,2022-06-13T18:33:00,Figma updates from Tanvi Sharma,069b04f4-4601-51d8-876c-4a7dc6ee1530
Figma,Anna Mola,2022-06-14T14:59:00,Figma updates from Anna Mola,7cc3b23d-6b61-5cc9-bdde-645dd0bb172b
Figma,Anna Mola,2022-06-15T23:07:00,Figma updates from Anna Mola,31fa9392-170e-53ea-9cd2-5ce2bda1b1c7
Figma,Anna Mola,2022-06-16T19:28:00,Figma updates from Anna Mola,d997a2d0-7535-5922-9164-a444f060be39
Figma,Tanvi Sharma,2022-06-20T18:37:00,Figma updates from Tanvi Sharma,2ac2ec6a-f0a2-5c11-929e-8a333862fd3f
Figma,Tanvi Sharma,2022-06-20T18:46:00,Figma updates from Tanvi Sharma,5f689365-5069-50f3-9f60-6ccbe65006a2
Figma,Jianing Fu,2022-06-21T21:33:00,Figma updates from Jianing Fu,cce0a554-16a5-586d-88d7-0d29f00e6adc
Figma,Anna Mola,2022-06-22T17:25:00,Figma updates from Anna Mola,2ec1a1c2-0ac6-5000-b1d7-48df68f56c9c
Figma,Anna Mola,2022-06-23T15:36:00,Figma updates from Anna Mola,8b28e805-7c19-545a-9120-53d3f312fc87
Figma,Tanvi Sharma,2022-06-23T19:54:00,Figma updates from Tanvi Sharma,04d8fe96-3a3a-581b-b50f-8da4515e49a1
Figma,Tanvi Sharma,2022-06-23T20:30:00,Figma updates from Tanvi Sharma,9a57b811-5cea-564c-9a9a-0e479006a008
Figma,Tanvi Sharma,2022-06-23T20:58:00,Figma updates from Tanvi Sharma,5ef675a7-38dd-525f-af92-ff96e1d834ac
Figma,Lauren Klein,2022-06-23T22:06:00,Figma updates from Lauren Klein,86038d1e-9975-59f1-9269-7d88212f36c1
Figma,Zhou Fang,2022-06-29T20:11:00,Figma updates from Zhou Fang,a2214217-bbc3-5740-ae7f-5d9277fb75e1
Figma,Tanvi Sharma,2022-06-30T19:14:00,Figma updates from Tanvi Sharma,b9048c9d-9cbf-5776-997a-105a1c80cd0d
Figma,Tanvi Sharma,2022-06-30T19:20:00,Figma updates from Tanvi Sharma,a62ebe03-04dd-5b2a-925d-f7b84cda7c93
Figma,Zhou Fang,2022-06-30T20:20:00,Figma updates from Zhou Fang,e6d3ab67-a002-575a-9b31-99f7b2061e48
Figma,Anna Mola,2022-07-05T21:37:00,Figma updates from Anna Mola,f93c8041-fa3e-5e6d-8376-654b4c07fe7d
Figma,Tanvi Sharma,2022-07-06T16:17:00,Figma updates from Tanvi Sharma,7e885156-3a8c-5449-99c2-723e517920b7
Figma,Tanvi Sharma,2022-07-06T16:40:00,Figma updates from Tanvi Sharma,49d03f19-1c70-576c-8a9f-d8e8d26f9062
Figma,Tanvi Sharma,2022-07-06T18:15:00,Figma updates from Tanvi Sharma,7ddb72f6-48c9-5196-aebb-f6fe2ad78593
Figma,Anna Mola,2022-07-06T18:15:00,Figma updates from Anna Mola,1df75f87-70d5-54ec-8a6a-df9d7a8724f5
Figma,Tanvi Sharma,2022-07-06T18:45:00,Figma updates from Tanvi Sharma,198dbe75-a5c9-534e-b90c-1f95eefc1afd
Figma,Tanvi Sharma,2022-07-06T19:18:00,Figma updates from Tanvi Sharma,95882cdf-9426-5935-a23b-1b696820bff5
Figma,Anna Mola,2022-07-06T19:18:00,Figma updates from Anna Mola,06f6748f-0cfb-5482-a64c-fcabd544b85b
Figma,Anna Mola,2022-07-07T15:23:00,Figma updates from Anna Mola,1bf809d9-c5b8-5d82-a801-bc2dfc11e397
Figma,Jianing Fu,2022-07-07T15:23:00,Figma updates from Jianing Fu,e8bf6e73-5727-592c-b405-6eb50ae5e844
Figma,Tanvi Sharma,2022-07-08T15:04:00,Figma updates from Tanvi Sharma,bc888e53-7880-5e99-bb2d-f0a51511414e
Figma,Tanvi Sharma,2022-07-20T14:26:00,Figma updates from Tanvi Sharma,17779caf-93ac-56a0-9610-1e636977897f
Figma,Tanvi Sharma,2022-07-20T14:47:00,Figma updates from Tanvi Sharma,069e0580-8f39-514d-9ad6-48b65e614986
Figma,Tanvi Sharma,2022-07-20T16:30:00,Figma updates from Tanvi Sharma,7684f03e-9137-52a9-94fd-06c5ac280d6c
Figma,Tanvi Sharma,2022-07-20T17:02:00,Figma updates from Tanvi Sharma,6073e7ce-aeab-522e-b876-4061f5fd811a
Figma,Tanvi Sharma,2022-07-20T17:30:00,Figma updates from Tanvi Sharma,8428adab-fd6a-5d51-a8c5-092a128ad14d
Figma,Tanvi Sharma,2022-07-20T17:39:00,Figma updates from Tanvi Sharma,004e33e5-f11f-54ba-9438-93fdf76c75d6
Figma,Tanvi Sharma,2022-07-20T19:10:00,Figma updates from Tanvi Sharma,f54fba65-d37f-566a-93a6-d751c31853ba
Figma,Tanvi Sharma,2022-07-20T19:36:00,Figma updates from Tanvi Sharma,e24f6132-eae9-5144-8ae0-eb749bacd58a
Figma,Tanvi Sharma,2022-07-20T21:04:00,Figma updates from Tanvi Sharma,6cf78464-a955-596e-b09b-71c6d2ee893a
Figma,Tanvi Sharma,2022-07-20T21:29:00,Figma updates from Tanvi Sharma,31241267-ce46-5726-af41-103064a97bbe
Figma,Tanvi Sharma,2022-07-21T15:17:00,Figma updates from Tanvi Sharma,d05d7357-1bdb-5832-9b76-3b5ea174f1a7
Figma,Tanvi Sharma,2022-07-21T20:03:00,Figma updates from Tanvi Sharma,225ae27f-3f2d-5ee5-a826-4139ca298019
Figma,Tanvi Sharma,2022-07-21T20:27:00,Figma updates from Tanvi Sharma,23941108-d9fc-50f2-acfb-d43f420bbe4c
Figma,Tanvi Sharma,2022-07-22T20:47:00,Figma updates from Tanvi Sharma,df0f9be3-3cab-5192-bba8-c22d37855e08
Figma,Tanvi Sharma,2022-07-22T21:07:00,Figma updates from Tanvi Sharma,e28a0483-6d5e-5529-a2ba-941943bcf60b
Figma,Nicholas Yang,2022-07-23T19:22:00,Figma updates from Nicholas Yang,dca62792-9718-5a04-a845-b67c6a43073c
Figma,Tanvi Sharma,2022-07-24T18:00:00,Figma updates from Tanvi Sharma,c760f6ad-6674-5acc-8125-a43bbd4b2ddc
Figma,Tanvi Sharma,2022-07-31T21:57:00,Figma updates from Tanvi Sharma,bf1f1854-a719-5bc3-8966-91c308edd5f1
Figma,Tanvi Sharma,2022-07-31T22:14:00,Figma updates from Tanvi Sharma,6b317b23-6e87-57c9-b84c-b6d0233f6782
Figma,Tanvi Sharma,2022-07-31T23:02:00,Figma updates from Tanvi Sharma,1e51a0b5-eefe-5c42-8fa6-80a721fe3179
Figma,Nicholas Yang,2022-08-01T01:15:00,Figma updates from Nicholas Yang,f1b48c77-f16b-587b-bf73-a0e3017901ca
Figma,Tanvi Sharma,2022-08-01T14:21:00,Figma updates from Tanvi Sharma,d2adc1c0-1d62-51f4-81fd-a035215e3075
Figma,Tanvi Sharma,2022-08-02T14:35:00,Figma updates from Tanvi Sharma,80ff6467-152a-5f80-9657-9510377795a5
Figma,Tanvi Sharma,2022-08-06T23:04:00,Figma updates from Tanvi Sharma,ff74627d-bc64-50f9-86e6-7c25ceaf86b2
Figma,Nicholas Yang,2022-08-06T23:04:00,Figma updates from Nicholas Yang,c0419b14-d93d-5c28-98be-510be25b545c
Figma,Tanvi Sharma,2022-08-06T23:15:00,Figma updates from Tanvi Sharma,e6b97038-e2cd-5339-8b2f-398ae72279b0
Figma,Tanvi Sharma,2022-08-08T16:36:00,Figma updates from Tanvi Sharma,1666958e-20de-53af-89aa-2fcadf8bc8f8
Figma,Tanvi Sharma,2022-08-08T17:31:00,Figma updates from Tanvi Sharma,135eea86-b988-5fa8-b4de-c97d9fa26468
Figma,Nicholas Yang,2022-08-08T22:58:00,Figma updates from Nicholas Yang,df614767-b199-52c8-abbf-f1caad7df393
Figma,Tanvi Sharma,2022-08-10T16:31:00,Figma updates from Tanvi Sharma,363c54b1-934f-5bde-a829-0c7fa93463b3
Figma,Tanvi Sharma,2022-08-11T16:32:00,Figma updates from Tanvi Sharma,14d2c99e-dea4-554f-b42e-f0f213f2ffe2
Figma,Tanvi Sharma,2022-08-12T21:14:00,Figma updates from Tanvi Sharma,e09466b6-b463-559d-adaf-294644783200
Figma,Tanvi Sharma,2022-08-16T23:35:00,Figma updates from Tanvi Sharma,55be8172-86c5-5699-939e-e6c0b560d75c
Figma,Tanvi Sharma,2022-08-18T14:28:00,Figma updates from Tanvi Sharma,1dbb0d54-57a7-5a2c-9a3e-51b308b10ef6
Figma,Jay Varner,2022-08-18T18:16:00,Figma updates from Jay Varner,541b03d2-9c44-5962-b229-087c5dbab97a
Figma,Nicholas Yang,2022-08-22T03:31:00,Figma updates from Nicholas Yang,7acab75e-97e7-5e87-ac45-fba6d7d3c811
Figma,Tanvi Sharma,2022-08-23T19:15:00,Figma updates from Tanvi Sharma,04e61a94-2fcc-5f05-a9b9-c23e4a5f4811
Figma,Tanvi Sharma,2022-09-01T20:26:00,Figma updates from Tanvi Sharma,f7ef606e-5ebb-5e4a-baec-760ff4770df6
Figma,Tanvi Sharma,2022-09-01T20:48:00,Figma updates from Tanvi Sharma,c02717d0-12cc-5f24-b851-4d9e46e07775
Figma,Tanvi Sharma,2022-09-01T21:07:00,Figma updates from Tanvi Sharma,8ea7c419-e742-55f2-8cdb-411bd2222665
Figma,Tanvi Sharma,2022-09-02T21:11:00,Figma updates from Tanvi Sharma,4894c08a-8124-56da-b8d8-d1eaffbb4bc4
Figma,Tanvi Sharma,2022-09-02T21:24:00,Figma updates from Tanvi Sharma,7ea09067-a141-5ac3-948e-d17c147730ce
Figma,Tanvi Sharma,2022-09-06T15:27:00,Figma updates from Tanvi Sharma,7554d8e4-285e-5515-89b2-9b1856a96c80
Figma,Tanvi Sharma,2022-09-06T16:15:00,Figma updates from Tanvi Sharma,781667b5-7667-551e-b8d0-ad52deb9998d
Figma,Tanvi Sharma,2022-09-18T19:56:00,Figma updates from Tanvi Sharma,fbcfe6a6-d672-5e85-b996-7342d8d7a2db
Figma,Tanvi Sharma,2022-09-20T20:08:00,Figma updates from Tanvi Sharma,4d67cc21-5868-5d16-bff1-b9dc06839871
Figma,Nicholas Yang,2022-10-02T18:01:00,Figma updates from Nicholas Yang,a61f7847-7156-5470-93d4-a920afaa3214
Figma,Tanvi Sharma,2022-10-03T22:20:00,Figma updates from Tanvi Sharma,ecd2c82c-ea4d-55ee-863c-f5589711571b
Figma,Tanvi Sharma,2022-10-04T01:14:00,Figma updates from Tanvi Sharma,0c678ab0-94f0-5398-b1e4-32342d60ab5a
Figma,Tanvi Sharma,2022-10-04T01:25:00,Figma updates from Tanvi Sharma,15a74760-66a2-5655-94cc-97daa165f0ae
Figma,Tanvi Sharma,2022-10-04T03:13:00,Figma updates from Tanvi Sharma,67072b0f-83d1-5e86-abc4-66d1257cb297
Figma,Tanvi Sharma,2022-10-06T16:37:00,Figma updates from Tanvi Sharma,42625169-599b-536b-a36b-e7b4f8cf96f9
Figma,Tanvi Sharma,2022-10-06T17:08:00,Figma updates from Tanvi Sharma,d5824804-b81f-502e-897a-b60960dfc39d
Figma,Tanvi Sharma,2022-10-06T17:29:00,Figma updates from Tanvi Sharma,6bb38bac-180c-5389-9d4e-939aae282806
Figma,Tanvi Sharma,2022-10-10T14:15:00,Figma updates from Tanvi Sharma,ab786ab6-e77f-51fd-bf92-69df776bc0b9
Figma,Tanvi Sharma,2022-10-10T14:31:00,Figma updates from Tanvi Sharma,6266e75d-b65c-5a14-984c-b7b7f9532fa5
Figma,Tanvi Sharma,2022-10-10T15:36:00,Figma updates from Tanvi Sharma,6198bc06-4309-5697-b1a3-a0193d994e6a
Figma,Tanvi Sharma,2022-10-10T15:52:00,Figma updates from Tanvi Sharma,aad7ad6b-1d7c-5623-9153-132fdca3febf
Figma,Tanvi Sharma,2022-10-15T20:21:00,Figma updates from Tanvi Sharma,b757bae0-9ae7-5587-8377-b617a8a8401c
Figma,Tanvi Sharma,2022-11-12T21:47:00,Figma updates from Tanvi Sharma,37771dbe-dad0-5e3b-a6e1-0243e4f3a489
Figma,Tanvi Sharma,2022-11-12T23:32:00,Figma updates from Tanvi Sharma,e7846800-ce9c-506c-a8cb-d77a81b36ffa
Figma,Tanvi Sharma,2022-11-13T00:05:00,Figma updates from Tanvi Sharma,0c99230f-44f1-5ef2-99bd-5f42a4d0673b
Figma,Tanvi Sharma,2022-11-13T00:37:00,Figma updates from Tanvi Sharma,4c7302f5-8338-5e2c-a7f2-bb3d3e76f5a8
Figma,Tanvi Sharma,2022-11-13T16:39:00,Figma updates from Tanvi Sharma,40c4d667-5dbf-567b-911e-aebe9bee339b
Figma,Tanvi Sharma,2022-11-13T17:08:00,Figma updates from Tanvi Sharma,45b4221a-48f2-5dd7-8bf6-d602bd047537
Figma,Tanvi Sharma,2022-11-13T19:51:00,Figma updates from Tanvi Sharma,50de977b-93b8-5395-a533-911f3f374803
Figma,Tanvi Sharma,2022-11-13T20:22:00,Figma updates from Tanvi Sharma,04044d76-be97-5b09-b906-c6dcf99597ad
Figma,Tanvi Sharma,2022-11-13T20:25:00,Figma updates from Tanvi Sharma,4ca8ab3f-a809-55dd-9992-1b4ffae34bbf
Figma,Nicholas Yang,2022-11-13T22:52:00,Figma updates from Nicholas Yang,28defd62-06e4-5f38-ad18-ce4445717c35
Figma,Tanvi Sharma,2022-11-14T01:08:00,Figma updates from Tanvi Sharma,696db38e-90fb-5d6a-9a92-0d5ada69de51
Figma,Tanvi Sharma,2022-11-14T01:32:00,Figma updates from Tanvi Sharma,efd79775-f137-5a73-b081-6ee210dad84f
Figma,Nicholas Yang,2022-11-14T03:30:00,Figma updates from Nicholas Yang,1e3712b6-8fa3-5d17-afcc-3b1993f39aea
Figma,Tanvi Sharma,2022-11-14T20:52:00,Figma updates from Tanvi Sharma,678a12a9-b8fb-5914-9d57-3f783a829cfd
Figma,Nicholas Yang,2022-11-17T03:52:00,Figma updates from Nicholas Yang,149b47ff-08bb-57c1-b309-3eafe063cc24
Figma,Tanvi Sharma,2022-11-25T20:25:00,Figma updates from Tanvi Sharma,e8a4ee5c-209b-5549-b365-f6c12bcef9b8
Figma,Tanvi Sharma,2022-11-25T20:50:00,Figma updates from Tanvi Sharma,9e9caf98-b568-558d-b607-918f785929b1
Figma,Nicholas Yang,2022-11-27T03:39:00,Figma updates from Nicholas Yang,e0f81a55-6c4e-5a20-a257-9841b650d701
Figma,Tanvi Sharma,2022-12-03T00:29:00,Figma updates from Tanvi Sharma,b12d16e3-c37c-5a7b-ab83-37292a21d0ac
Figma,Tanvi Sharma,2022-12-03T01:12:00,Figma updates from Tanvi Sharma,28c5074a-13d8-59a9-8bb7-b79dc5ff7670
Figma,Tanvi Sharma,2022-12-03T17:44:00,Figma updates from Tanvi Sharma,1abf04f3-5ffa-5fb4-8aae-7488e407cdfc
Figma,Tanvi Sharma,2022-12-03T21:05:00,Figma updates from Tanvi Sharma,dc346a3a-b691-5df3-8d2a-dac7a4a2e16e
Figma,Tanvi Sharma,2022-12-04T01:56:00,Figma updates from Tanvi Sharma,58126ea6-c44b-5857-9989-0d14bff35522
Figma,Tanvi Sharma,2022-12-04T02:14:00,Figma updates from Tanvi Sharma,2e534615-cdb0-552d-89d9-edba47989377
Figma,Tanvi Sharma,2022-12-05T21:12:00,Figma updates from Tanvi Sharma,91fc8cb8-b7db-5aad-a98a-68708dbd1fc8
Figma,Tanvi Sharma,2023-01-03T22:59:00,Figma updates from Tanvi Sharma,d87840dc-99b9-5721-b97e-df901dc71393
Figma,Tanvi Sharma,2023-01-08T21:12:00,Figma updates from Tanvi Sharma,8b2fdf05-88ad-57ad-8e4b-a7b62a526d82
Figma,Tanvi Sharma,2023-01-08T21:43:00,Figma updates from Tanvi Sharma,e89385c2-fc3a-524c-991d-0962af49f6a3
Figma,Tanvi Sharma,2023-01-08T21:47:00,Figma updates from Tanvi Sharma,519b8e57-7446-56a3-b150-ac366b5cdb63
Figma,Tanvi Sharma,2023-01-08T22:30:00,Figma updates from Tanvi Sharma,b66530c7-e653-5e10-a471-d8bad47eafb6
Figma,Tanvi Sharma,2023-01-09T16:14:00,Figma updates from Tanvi Sharma,026f5e12-5004-560c-9bb6-f6c24f097ff0
Figma,Tanvi Sharma,2023-01-09T16:45:00,Figma updates from Tanvi Sharma,ba808c13-9730-5065-b0e0-5a5070fe42a0
Figma,Tanvi Sharma,2023-01-09T16:55:00,Figma updates from Tanvi Sharma,a690826a-6d5d-57d7-bbba-b249c8623e17
Figma,Tanvi Sharma,2023-01-09T21:21:00,Figma updates from Tanvi Sharma,541b8399-a982-51db-ade9-c6e47f3d5a8e
Figma,Tanvi Sharma,2023-01-10T15:05:00,Figma updates from Tanvi Sharma,83df19dc-1649-5256-8cb7-6dc31ccc8f5c
Figma,Nicholas Yang,2023-01-10T15:05:00,Figma updates from Nicholas Yang,d05302e5-b456-5668-9345-ca84dd9a1d1a
Figma,Tanvi Sharma,2023-01-10T15:49:00,Figma updates from Tanvi Sharma,9d307246-4a97-5e58-b907-0aa527f6cdb6
Figma,Tanvi Sharma,2023-01-10T16:20:00,Figma updates from Tanvi Sharma,c9f8e0e4-5d19-5a9e-a16a-739771fb59d9
Figma,Tanvi Sharma,2023-01-10T16:54:00,Figma updates from Tanvi Sharma,0227bb91-e5ed-5849-8f94-ea44aee458c6
Figma,Tanvi Sharma,2023-01-11T18:15:00,Figma updates from Tanvi Sharma,f2202495-c74e-5065-9094-2b6f8c8bbaa6
Figma,Tanvi Sharma,2023-01-11T19:00:00,Figma updates from Tanvi Sharma,45bdad18-208c-5fe7-8e52-0d2bb4b8498e
Figma,Tanvi Sharma,2023-01-11T19:50:00,Figma updates from Tanvi Sharma,e4f8baf0-157f-50a2-8439-0eddacb1ff2f
Figma,Tanvi Sharma,2023-01-12T17:26:00,Figma updates from Tanvi Sharma,669c47cc-6e3a-58aa-af56-3548aeb548ef
Figma,Nicholas Yang,2023-01-12T17:26:00,Figma updates from Nicholas Yang,65742f77-744e-59be-b97c-c13d558caff4
Figma,Tanvi Sharma,2023-01-12T20:30:00,Figma updates from Tanvi Sharma,233bc614-89cd-5f68-9508-a5930c797f7a
Figma,Tanvi Sharma,2023-01-13T15:38:00,Figma updates from Tanvi Sharma,f6330b4c-8b61-51b1-ab24-08a771732025
Figma,Tanvi Sharma,2023-01-13T16:12:00,Figma updates from Tanvi Sharma,d37ba978-f412-5977-812c-d002213862f6
Figma,Tanvi Sharma,2023-01-13T20:03:00,Figma updates from Tanvi Sharma,fd56216b-bf74-5509-9a44-cf15651cc482
Figma,Tanvi Sharma,2023-01-17T14:51:00,Figma updates from Tanvi Sharma,8c14faae-926f-5f88-a4ed-6c4168f8f627
Figma,Shiyao Li,2023-01-18T18:04:00,Figma updates from Shiyao Li,538149ff-2df9-5e9c-8c2d-10739bd49536
Figma,Tanvi Sharma,2023-01-19T16:45:00,Figma updates from Tanvi Sharma,68876cc3-f39f-5950-afd6-f7fedf59d5f9
Figma,Tanvi Sharma,2023-01-19T16:56:00,Figma updates from Tanvi Sharma,67d5b7aa-8b7b-5ee4-98dc-f78ee2ca2338
Figma,Tanvi Sharma,2023-01-23T16:36:00,Figma updates from Tanvi Sharma,b8a39c4a-22ef-50fd-89d8-48f95b95088c
Figma,Tanvi Sharma,2023-01-23T16:59:00,Figma updates from Tanvi Sharma,e1ab8ca0-a9f3-5def-a018-923efdcd812e
Figma,Tanvi Sharma,2023-01-23T18:00:00,Figma updates from Tanvi Sharma,52e43bad-fc6f-51c8-8031-571b48ee8f02
Figma,Tanvi Sharma,2023-01-23T18:19:00,Figma updates from Tanvi Sharma,e59f9808-c774-5ee5-8ecf-12d0834da72b
Figma,Tanvi Sharma,2023-01-23T19:25:00,Figma updates from Tanvi Sharma,d344a124-e0e3-5855-9475-725201541dfa
Figma,Tanvi Sharma,2023-01-23T20:44:00,Figma updates from Tanvi Sharma,8abef328-befa-5bcc-996b-323f7fc91341
Figma,Tanvi Sharma,2023-01-30T21:03:00,Figma updates from Tanvi Sharma,68cbb92f-2608-5d77-a8d9-58214a954e66
Figma,Tanvi Sharma,2023-01-30T21:32:00,Figma updates from Tanvi Sharma,b203f1df-0ccc-5309-acd1-c4c6a36d9303
Figma,Tanvi Sharma,2023-01-30T21:44:00,Figma updates from Tanvi Sharma,2acefca4-73b7-5745-b183-bbf6c5527378
Figma,Tanvi Sharma,2023-01-30T22:48:00,Figma updates from Tanvi Sharma,d414e4f9-11fe-5f75-9891-ef1b657caa8e
Figma,Jay Varner,2023-02-03T15:15:00,Figma updates from Jay Varner,6d6324f5-07c6-506e-9692-6535a6ad798f
Figma,Tanvi Sharma,2023-02-03T16:06:00,Figma updates from Tanvi Sharma,8e69f35b-5329-515b-970e-1296b1b63dcc
Figma,Tanvi Sharma,2023-02-03T17:12:00,Figma updates from Tanvi Sharma,dffd8d74-48b6-5667-abdb-63db73849c54
Figma,Tanvi Sharma,2023-02-03T22:42:00,Figma updates from Tanvi Sharma,d785e5bb-6488-5f73-b601-2600ffb1891c
Figma,Tanvi Sharma,2023-02-03T23:57:00,Figma updates from Tanvi Sharma,e259e527-01c0-5dec-a3f1-d289db15390d
Figma,Tanvi Sharma,2023-02-04T00:22:00,Figma updates from Tanvi Sharma,066474ab-289b-5980-84af-0297f787446c
Figma,Tanvi Sharma,2023-02-04T01:07:00,Figma updates from Tanvi Sharma,3a1cdb2f-ebac-5122-8a92-bb6a38444883
Figma,Tanvi Sharma,2023-02-04T21:56:00,Figma updates from Tanvi Sharma,3b6b1f09-54ac-5c48-9056-6b0e5f03aca3
Figma,Tanvi Sharma,2023-02-06T20:12:00,Figma updates from Tanvi Sharma,25df0eac-a9bb-5b45-b57e-928a1a6aa53e
Figma,Tanvi Sharma,2023-02-06T20:36:00,Figma updates from Tanvi Sharma,2ce74421-9689-591f-b5b6-7b7b32ca5ede
Figma,Tanvi Sharma,2023-02-06T21:29:00,Figma updates from Tanvi Sharma,cf5a1dea-c9c5-5966-bd7c-7b0ee8390a6e
Figma,Tanvi Sharma,2023-02-06T23:43:00,Figma updates from Tanvi Sharma,54185904-b0db-59e4-a0ed-5ec8a63c386e
Figma,Tanvi Sharma,2023-02-07T20:12:00,Figma updates from Tanvi Sharma,ae250195-66df-584d-8ae6-4f93733c81c2
Figma,Tanvi Sharma,2023-02-07T21:02:00,Figma updates from Tanvi Sharma,1bd49520-ae78-513d-8d7b-5ee2f2af2477
Figma,Tanvi Sharma,2023-02-07T22:37:00,Figma updates from Tanvi Sharma,0cff6b07-4e71-5f8d-a4d9-979836f81c13
Figma,Tanvi Sharma,2023-02-07T22:39:00,Figma updates from Tanvi Sharma,3162f294-a4fb-51c1-9375-10e8766aa2c0
Figma,Tanvi Sharma,2023-02-08T19:27:00,Figma updates from Tanvi Sharma,cc952305-8928-5d9e-a9f1-2f9ae5609070
Figma,Tanvi Sharma,2023-02-08T19:29:00,Figma updates from Tanvi Sharma,c6238c08-4612-527c-84db-b1660775662f
Figma,Tanvi Sharma,2023-02-09T18:30:00,Figma updates from Tanvi Sharma,5f1a8a38-846a-5520-93b5-3e4d395b05d7
Figma,Tanvi Sharma,2023-02-09T19:46:00,Figma updates from Tanvi Sharma,cc619926-1f3f-5da9-833e-f3c08199b148
Figma,Tanvi Sharma,2023-02-10T16:45:00,Figma updates from Tanvi Sharma,1c6d79da-53ac-5400-a8fc-b3bae5cf86bc
Figma,Tanvi Sharma,2023-02-13T20:50:00,Figma updates from Tanvi Sharma,fa5915b7-9265-5242-ac32-db2beae623d7
Figma,Tanvi Sharma,2023-02-16T18:41:00,Figma updates from Tanvi Sharma,ed7ff744-792d-53d8-afd6-0d773d0a3527
Figma,Lauren Klein,2023-02-16T18:41:00,Figma updates from Lauren Klein,cfea55b2-e0f1-5151-9797-b42ccf14ed4c
Figma,Tanvi Sharma,2023-02-16T19:01:00,Figma updates from Tanvi Sharma,17a1e243-01cc-5d01-a8ca-b7b785dc0ea7
Figma,Tanvi Sharma,2023-02-18T17:27:00,Figma updates from Tanvi Sharma,20af705b-877c-5998-a7ba-01127fe9f106
Figma,Jay Varner,2023-02-18T17:27:00,Figma updates from Jay Varner,90d19e00-85e2-5472-985f-256a2052d1da
Figma,Tanvi Sharma,2023-02-23T18:58:00,Figma updates from Tanvi Sharma,7e53e5a5-8d13-54c7-8320-34eedd5b0935
Figma,Tanvi Sharma,2023-02-23T19:33:00,Figma updates from Tanvi Sharma,8ff39d8f-13bf-5620-85d5-fd364c24e583
Figma,Tanvi Sharma,2023-02-23T20:04:00,Figma updates from Tanvi Sharma,06add6c9-b992-5e9c-a3d9-93d2577aed2f
Figma,Tanvi Sharma,2023-02-23T21:20:00,Figma updates from Tanvi Sharma,a026d3af-19a0-5cef-9747-b1f39d398316
Figma,Tanvi Sharma,2023-02-26T21:05:00,Figma updates from Tanvi Sharma,82a3eea5-33dd-5a75-bccd-f7554614384e
Figma,Tanvi Sharma,2023-02-27T17:15:00,Figma updates from Tanvi Sharma,f1cfcfdd-9092-5e3e-a98b-4703683106b0
Figma,Tanvi Sharma,2023-02-27T17:53:00,Figma updates from Tanvi Sharma,c4b8dd94-deec-5d5c-8637-d2889023c64a
Figma,Tanvi Sharma,2023-02-27T18:00:00,Figma updates from Tanvi Sharma,ec8cdeeb-541c-54bc-8223-9399da3005d4
Figma,Tanvi Sharma,2023-02-27T19:49:00,Figma updates from Tanvi Sharma,884bc734-4a51-5cab-bf8e-08f6a55428bb
Figma,Tanvi Sharma,2023-02-27T20:53:00,Figma updates from Tanvi Sharma,4168a2df-1854-50fa-86e2-6d163b62e4f2
Figma,Jay Varner,2023-02-27T20:53:00,Figma updates from Jay Varner,3b5fb429-a1e7-57c1-b321-121a07e297b0
Figma,Tanvi Sharma,2023-02-27T22:20:00,Figma updates from Tanvi Sharma,dc975e11-dd9e-5931-81c6-90f40f086db2
Figma,Tanvi Sharma,2023-03-02T18:45:00,Figma updates from Tanvi Sharma,b8856ebc-a10b-5d3f-abdd-fe7e2a273f05
Figma,Tanvi Sharma,2023-03-02T19:26:00,Figma updates from Tanvi Sharma,554e2fb0-e221-53da-af5f-5746d8e20b5e
Figma,Tanvi Sharma,2023-03-03T21:58:00,Figma updates from Tanvi Sharma,d590b533-c2a2-551c-a75e-186e627e74af
Figma,Tanvi Sharma,2023-03-06T18:22:00,Figma updates from Tanvi Sharma,6770cf66-d3aa-55a4-9794-13b8c32b0f73
Figma,Tanvi Sharma,2023-03-07T18:36:00,Figma updates from Tanvi Sharma,6d97482a-353e-5e99-8035-7a9355ffc5d5
Figma,Tanvi Sharma,2023-03-07T19:10:00,Figma updates from Tanvi Sharma,5ab2741b-34a5-5e92-87e4-ea76852c9abe
Figma,Tanvi Sharma,2023-03-07T19:15:00,Figma updates from Tanvi Sharma,cdfbb7fe-6218-5f01-8f09-a633b37734b6
Figma,Tanvi Sharma,2023-03-08T16:03:00,Figma updates from Tanvi Sharma,70a854e9-27bf-5048-af63-fb25347a18fb
Figma,Tanvi Sharma,2023-03-08T20:14:00,Figma updates from Tanvi Sharma,0b081a99-aa77-53da-8851-74a715d36667
Figma,Tanvi Sharma,2023-03-08T20:52:00,Figma updates from Tanvi Sharma,c3403a33-c170-59db-b14c-03e10506d323
Figma,Tanvi Sharma,2023-03-09T19:46:00,Figma updates from Tanvi Sharma,32a5d764-840e-50df-882a-914e7e93605b
Figma,Jay Varner,2023-03-09T21:30:00,Figma updates from Jay Varner,adb5e218-be79-55ec-a6ff-4f91d4a372a6
Figma,Tanvi Sharma,2023-03-10T20:02:00,Figma updates from Tanvi Sharma,311c29a9-d6f5-5fe9-8bfe-3a9377fe262a
Figma,Tanvi Sharma,2023-03-10T20:28:00,Figma updates from Tanvi Sharma,ab664d72-f3ac-5fbf-aa5a-4f474acd9900
Figma,Nicholas Yang,2023-03-13T01:34:00,Figma updates from Nicholas Yang,ff321fbf-c500-5623-b504-efb66435e748
Figma,Tanvi Sharma,2023-03-13T19:52:00,Figma updates from Tanvi Sharma,34467613-45f4-5461-8368-3590820b62b8
Figma,Tanvi Sharma,2023-03-13T20:18:00,Figma updates from Tanvi Sharma,94e01df4-32ce-5a80-9422-5be61126aea7
Figma,Tanvi Sharma,2023-03-13T20:58:00,Figma updates from Tanvi Sharma,140d6ce4-637e-5102-97c7-9f390c3e89dd
Figma,Tanvi Sharma,2023-03-13T21:13:00,Figma updates from Tanvi Sharma,1299be51-4f42-5831-8083-ebf278da6221
Figma,Tanvi Sharma,2023-03-13T22:08:00,Figma updates from Tanvi Sharma,0d6b60e3-8e0d-58d2-b805-213bde70a26b
Figma,Tanvi Sharma,2023-03-16T15:22:00,Figma updates from Tanvi Sharma,e4393cd3-5840-5791-b39b-fcf15164b51b
Figma,Jay Varner,2023-03-16T15:22:00,Figma updates from Jay Varner,56887cc7-3dc5-558a-a273-3f5c04e67e43
Figma,Tanvi Sharma,2023-03-16T16:05:00,Figma updates from Tanvi Sharma,9740c61c-e99d-5f9b-981a-e3d685aa33f6
Figma,Tanvi Sharma,2023-03-16T16:20:00,Figma updates from Tanvi Sharma,9b83a23f-77ed-576c-a479-e7dabb38c3f9
Figma,Tanvi Sharma,2023-03-16T17:25:00,Figma updates from Tanvi Sharma,4530d27e-cdfb-53d6-bced-6a33fbb50add
Figma,Tanvi Sharma,2023-03-16T17:47:00,Figma updates from Tanvi Sharma,eaad0a68-bff4-560c-aba9-2fd43d70c0a4
Figma,Tanvi Sharma,2023-03-16T19:01:00,Figma updates from Tanvi Sharma,5da9a3ca-6450-51fd-8e08-5d7f09040d2f
Figma,Tanvi Sharma,2023-03-20T14:04:00,Figma updates from Tanvi Sharma,ee208239-1e3a-57e0-8984-7e14c3083138
Figma,Tanvi Sharma,2023-03-20T18:10:00,Figma updates from Tanvi Sharma,2cf8b365-03ff-5994-a08f-679ef3b185ec
Figma,Tanvi Sharma,2023-03-20T18:43:00,Figma updates from Tanvi Sharma,71f36bee-4f25-54c6-b446-b84ecbda221c
Figma,Tanvi Sharma,2023-03-20T18:57:00,Figma updates from Tanvi Sharma,efd3ae97-0724-5de8-9289-7fbdbd62e470
Figma,Tanvi Sharma,2023-03-20T19:47:00,Figma updates from Tanvi Sharma,74b9c6f2-249c-5029-a182-73b59fd3e1a4
Figma,Tanvi Sharma,2023-03-20T20:12:00,Figma updates from Tanvi Sharma,1450e3d3-2ceb-5baa-ab68-72221c867cf4
Figma,Tanvi Sharma,2023-03-21T16:48:00,Figma updates from Tanvi Sharma,a9258be3-f6d4-5b38-90f8-d9b051f47c64
Figma,Tanvi Sharma,2023-03-22T16:02:00,Figma updates from Tanvi Sharma,cb032d98-b552-547f-9887-03bc033803a9
Figma,Tanvi Sharma,2023-03-23T18:19:00,Figma updates from Tanvi Sharma,2c9211d5-fc40-5d45-9ab9-838233d0ab7f
Figma,Tanvi Sharma,2023-03-24T13:24:00,Figma updates from Tanvi Sharma,0a74e99f-f3a3-51e8-afc5-15457b972fd0
Figma,Tanvi Sharma,2023-03-24T16:50:00,Figma updates from Tanvi Sharma,eaf55d7c-db82-53d4-be93-c0d27e0af6dd
Figma,Tanvi Sharma,2023-03-26T01:44:00,Figma updates from Tanvi Sharma,c8259b33-33e9-5e78-a763-9f41a59bef35
Figma,Tanvi Sharma,2023-03-26T02:15:00,Figma updates from Tanvi Sharma,5e26346f-31e7-55fd-ac42-6d6192264302
Figma,Tanvi Sharma,2023-03-26T02:17:00,Figma updates from Tanvi Sharma,bb93c597-2efc-54a1-9b3e-282e0c3e12e1
Figma,Tanvi Sharma,2023-03-26T15:42:00,Figma updates from Tanvi Sharma,4abf7105-c49b-5a87-84de-f0621c13d196
Figma,Tanvi Sharma,2023-03-28T16:10:00,Figma updates from Tanvi Sharma,846ee685-d2dd-5802-b764-6c600327c4bf
Figma,Tanvi Sharma,2023-03-28T17:45:00,Figma updates from Tanvi Sharma,f4a5df9a-8be9-5467-b6de-45fc3aeda18b
Figma,Tanvi Sharma,2023-03-28T18:38:00,Figma updates from Tanvi Sharma,643d3798-c95b-5619-9473-e79953c02a8c
Figma,Tanvi Sharma,2023-03-28T18:50:00,Figma updates from Tanvi Sharma,f56dcdd8-39fb-5ab6-8251-dd3757cfb9bf
Figma,Tanvi Sharma,2023-03-28T19:42:00,Figma updates from Tanvi Sharma,8b475fac-7be9-5bc1-a5f5-65a2a0eda991
Figma,Tanvi Sharma,2023-03-29T00:52:00,Figma updates from Tanvi Sharma,5173873a-ef33-5477-8892-f65a94174305
Figma,Tanvi Sharma,2023-03-29T19:06:00,Figma updates from Tanvi Sharma,14f86b72-0e32-561c-8a73-17e2cca8889b
Figma,Tanvi Sharma,2023-03-31T15:16:00,Figma updates from Tanvi Sharma,040ad4f4-deae-5b86-8d07-b27c9fb4738a
Figma,Tanvi Sharma,2023-04-03T19:39:00,Figma updates from Tanvi Sharma,73144378-7503-5c38-b83d-60c70100377b
Figma,Tanvi Sharma,2023-04-04T19:17:00,Figma updates from Tanvi Sharma,9299237d-ae4b-5dc1-bc92-3a1e8d679317
Figma,Jay Varner,2023-04-04T22:21:00,Figma updates from Jay Varner,886c61a4-686c-5a59-b666-666e7fce0139
Figma,Tanvi Sharma,2023-04-05T21:33:00,Figma updates from Tanvi Sharma,435ea369-8d91-5db8-9264-afda7bf486ff
Figma,Tanvi Sharma,2023-04-17T16:51:00,Figma updates from Tanvi Sharma,20370a69-c691-5ccb-a2f7-7561b39147e5
Figma,Tanvi Sharma,2023-04-17T19:30:00,Figma updates from Tanvi Sharma,55d1e3f0-0233-5622-ab6c-1f6e37e2d2fd
Figma,Tanvi Sharma,2023-04-17T20:17:00,Figma updates from Tanvi Sharma,47d973a8-c54d-5fc5-b23b-6ea634eaa5e2
Figma,Tanvi Sharma,2023-04-18T18:16:00,Figma updates from Tanvi Sharma,e98b3dbc-8bc6-5d18-85e6-f65f2d90542e
Figma,Tanvi Sharma,2023-04-20T16:38:00,Figma updates from Tanvi Sharma,f3c73d1a-ff8f-53ff-9b7c-d94dda12ea08
Figma,Tanvi Sharma,2023-04-20T16:58:00,Figma updates from Tanvi Sharma,efcb2e23-99ac-506b-bb78-f44fb41fa070
Figma,Tanvi Sharma,2023-04-20T17:59:00,Figma updates from Tanvi Sharma,3daff397-43ff-5eac-bdfc-5a6e03a9adce
Figma,Jay Varner,2023-04-20T17:59:00,Figma updates from Jay Varner,e499e05c-0bde-572c-8e63-42db7a64c6cb
Figma,Tanvi Sharma,2023-04-21T18:14:00,Figma updates from Tanvi Sharma,469675a8-d4fa-58f0-8d69-8febc1b3347c
Figma,Tanvi Sharma,2023-04-24T16:05:00,Figma updates from Tanvi Sharma,e47fa084-4d84-5607-93dd-31376926b7aa
Figma,Tanvi Sharma,2023-04-24T22:41:00,Figma updates from Tanvi Sharma,4d763648-f72c-52b8-9eaa-ed5b311e4ee8
Figma,Tanvi Sharma,2023-04-25T16:40:00,Figma updates from Tanvi Sharma,bf46faae-a556-53fa-aa85-9c92c9adf8fd
Figma,Tanvi Sharma,2023-04-25T23:14:00,Figma updates from Tanvi Sharma,881ec080-99bb-50ba-87f1-d212641edfe9
Figma,Tanvi Sharma,2023-04-25T23:24:00,Figma updates from Tanvi Sharma,78d40120-77dc-59bc-a761-3d12fec1714b
Figma,Tanvi Sharma,2023-04-25T23:56:00,Figma updates from Tanvi Sharma,502b0fc8-0a72-5853-9a3f-8d6a577c396f
Figma,Tanvi Sharma,2023-04-26T01:15:00,Figma updates from Tanvi Sharma,bb0c5bab-c984-5444-b55f-3552fabce274
Figma,Tanvi Sharma,2023-04-26T20:50:00,Figma updates from Tanvi Sharma,e3acfe98-bea6-5298-91f4-21962769126c
Figma,Jay Varner,2023-04-27T13:12:00,Figma updates from Jay Varner,a2f7baca-f893-5a75-9dc9-b355bb41fbba
Figma,Tanvi Sharma,2023-04-27T20:48:00,Figma updates from Tanvi Sharma,19d13487-bba4-54a5-8d8f-9c46a887b14c
Figma,Tanvi Sharma,2023-04-27T21:20:00,Figma updates from Tanvi Sharma,bd6c0a45-f761-5518-9d35-82866ba12cd5
Figma,Tanvi Sharma,2023-04-27T21:38:00,Figma updates from Tanvi Sharma,0004b63d-6248-502c-9e33-fce6b5bcee27
Figma,Tanvi Sharma,2023-04-27T23:29:00,Figma updates from Tanvi Sharma,80301f51-b054-5da3-9d68-c87643de06fa
Figma,Jay Varner,2023-04-28T12:37:00,Figma updates from Jay Varner,11978542-e5c7-5522-8d3a-87c37254c966
Figma,Jay Varner,2023-04-28T13:10:00,Figma updates from Jay Varner,180425c1-9bf1-54ea-8631-3d35b0dfc87b
Figma,Jay Varner,2023-04-28T18:07:00,Figma updates from Jay Varner,fbff06a5-1d81-54a3-bf88-1f639b77dc2a
Figma,Tanvi Sharma,2023-04-28T19:00:00,Figma updates from Tanvi Sharma,6d87312a-32bb-57e2-940b-cc81a0cb24e9
Figma,Jay Varner,2023-04-28T20:00:00,Figma updates from Jay Varner,971bb686-d284-5d83-a69d-c66c30081da7
Figma,Tanvi Sharma,2023-04-28T22:35:00,Figma updates from Tanvi Sharma,aeda8f35-708e-597d-9cf3-841c5d1eee58
Figma,Tanvi Sharma,2023-04-28T22:54:00,Figma updates from Tanvi Sharma,c98b513d-2901-5935-963a-4f2dfd7682f9
Figma,Tanvi Sharma,2023-05-01T20:31:00,Figma updates from Tanvi Sharma,390805af-3096-5165-82fd-12ec83cebf7a
Figma,Jay Varner,2023-05-02T12:34:00,Figma updates from Jay Varner,8180cb36-d89f-5680-a7c0-a70a150badaa
Figma,Tanvi Sharma,2023-05-05T22:51:00,Figma updates from Tanvi Sharma,6f6ee47a-7b87-5ab0-8c31-278f2452e3ae
Figma,Tanvi Sharma,2023-05-08T20:10:00,Figma updates from Tanvi Sharma,6e4641ab-530d-5fb6-9698-99cbd478e8eb
Figma,Tanvi Sharma,2023-05-15T02:44:00,Figma updates from Tanvi Sharma,54faa5a2-c614-5018-b408-6dd95a8e8daa
Figma,Tanvi Sharma,2023-05-15T17:50:00,Figma updates from Tanvi Sharma,d360c0eb-53ef-5b14-83e1-9e3a95591a2d
Figma,Tanvi Sharma,2023-05-15T19:54:00,Figma updates from Tanvi Sharma,9f91f438-684b-5ac8-a2dc-ec6604806576
Figma,Tanvi Sharma,2023-05-19T15:11:00,Figma updates from Tanvi Sharma,ade060d5-b2af-53cd-bb37-36c931d77067
Figma,Tanvi Sharma,2023-05-24T16:32:00,Figma updates from Tanvi Sharma,cdc5f18d-3e9b-5ea9-91f5-156c23660377
Figma,Tanvi Sharma,2023-05-31T17:52:00,Figma updates from Tanvi Sharma,5b03f804-5503-521a-92f0-d6d2f1902585
Figma,Tanvi Sharma,2023-06-01T20:57:00,Figma updates from Tanvi Sharma,881f904b-b86a-5acf-a190-beb83cb03ff7
Figma,Tanvi Sharma,2023-06-05T19:28:00,Figma updates from Tanvi Sharma,c0dfe555-d6c9-5199-85d5-0f9275df8286
Figma,Tanvi Sharma,2023-06-06T15:26:00,Figma updates from Tanvi Sharma,6e0057d9-7f36-5d1a-8f75-fad662d9842f
Figma,Tanvi Sharma,2023-06-06T15:33:00,Figma updates from Tanvi Sharma,65d3dd5e-4b71-5947-bef4-e16c0239718e
Figma,Tanvi Sharma,2023-06-06T16:38:00,Figma updates from Tanvi Sharma,99b67b5a-e5f1-5c5b-90f3-5cdbb8a3e9d7
Figma,Tanvi Sharma,2023-06-06T18:05:00,Figma updates from Tanvi Sharma,e6926955-fc79-5b5a-9ff0-cc693e9b1254
Figma,Tanvi Sharma,2023-06-06T19:30:00,Figma updates from Tanvi Sharma,680e2973-e2d7-50a6-8f90-fd341a432e63
Figma,Tanvi Sharma,2023-06-07T15:03:00,Figma updates from Tanvi Sharma,5345039b-89a8-5668-8898-12ee4b073bc3
Figma,Tanvi Sharma,2023-06-07T15:50:00,Figma updates from Tanvi Sharma,c7f999ec-0e78-5c21-a683-765effb005d7
Figma,Tanvi Sharma,2023-06-07T16:16:00,Figma updates from Tanvi Sharma,667cfe82-1f02-5ef9-a7ee-0fbaa5036b4d
Figma,Tanvi Sharma,2023-06-07T19:13:00,Figma updates from Tanvi Sharma,bbb7c2cc-19ed-53a8-88a3-890abea0b9c9
Figma,Tanvi Sharma,2023-06-07T19:48:00,Figma updates from Tanvi Sharma,79ace1f5-5d8b-5ef3-86f4-7d0773a33911
Figma,Tanvi Sharma,2023-06-08T15:41:00,Figma updates from Tanvi Sharma,c9a14e53-0fa5-5e8c-a69c-eaf6cd2d3777
Figma,Tanvi Sharma,2023-06-08T16:13:00,Figma updates from Tanvi Sharma,ec31e2fe-138f-5da2-9feb-71b7fcb9c302
Figma,Tanvi Sharma,2023-06-08T16:44:00,Figma updates from Tanvi Sharma,2dbde75e-b504-52d2-99f8-b340b2afa475
Figma,Tanvi Sharma,2023-06-09T16:36:00,Figma updates from Tanvi Sharma,9886c791-cf87-5e1d-94ce-d22e74e32539
Figma,Tanvi Sharma,2023-06-21T17:06:00,Figma updates from Tanvi Sharma,d885996f-e7c5-5eae-a693-45e93f3d9290
Figma,Tanvi Sharma,2023-06-21T17:30:00,Figma updates from Tanvi Sharma,637f1a6f-ffe7-5ccf-9080-baa170930762
Figma,Tanvi Sharma,2023-06-21T17:57:00,Figma updates from Tanvi Sharma,e9d0c65f-33c5-501f-9231-4790b36cffbf
Figma,Tanvi Sharma,2023-06-21T20:22:00,Figma updates from Tanvi Sharma,05ff4e2f-bbcd-58da-89dd-aa73cd05f53c
Figma,Tanvi Sharma,2023-06-21T21:24:00,Figma updates from Tanvi Sharma,211d9e66-057c-5d29-b916-2561ceb621ac
Figma,Tanvi Sharma,2023-06-23T16:20:00,Figma updates from Tanvi Sharma,bbe3b220-57ce-5711-aaee-6994e31d24d5
Figma,Tanvi Sharma,2023-06-23T16:52:00,Figma updates from Tanvi Sharma,07d2226f-8197-5b8f-b449-218974161dea
Figma,Tanvi Sharma,2023-06-26T17:40:00,Figma updates from Tanvi Sharma,435908d7-6436-5850-a246-61d6370f921b
Figma,Tanvi Sharma,2023-06-26T17:43:00,Figma updates from Tanvi Sharma,35ba676b-7c3c-543b-9d65-96045b26c507
Figma,Tanvi Sharma,2023-06-27T17:58:00,Figma updates from Tanvi Sharma,c999bbe1-15e9-5b3b-84cc-d2eae7a9793d
Figma,Tanvi Sharma,2023-06-27T18:26:00,Figma updates from Tanvi Sharma,ffef162d-bb44-5cf3-9a47-a761eb78e224
Figma,Jay Varner,2023-07-19T13:32:00,Figma updates from Jay Varner,c67dcd2d-ad44-51ed-b235-dc5ad336927a
Figma,Tanvi Sharma,2023-07-24T17:12:00,Figma updates from Tanvi Sharma,6357b9d7-dc65-5bfd-b1b4-d37aa25370c9
Figma,Jay Varner,2023-08-22T12:11:00,Figma updates from Jay Varner,3dcaa1d3-c928-55aa-a46e-d0348af88d6c
Figma,Jay Varner,2023-08-22T13:45:00,Figma updates from Jay Varner,66a10607-d030-50ec-b277-7cc455cbe953
Figma,Tanvi Sharma,2023-08-31T15:23:00,Figma updates from Tanvi Sharma,67975943-c68b-5969-b311-e4f7c6313db3
Figma,Tanvi Sharma,2023-08-31T16:49:00,Figma updates from Tanvi Sharma,26a08c9d-3beb-50e7-a561-861d6054b732
Figma,Tanvi Sharma,2023-08-31T17:20:00,Figma updates from Tanvi Sharma,cea4481a-bc34-5fdb-9c7a-dd2416184a23
Figma,Jay Varner,2023-08-31T17:20:00,Figma updates from Jay Varner,31af885a-f4e2-5895-8275-3bab1667b8cb
Figma,Tanvi Sharma,2023-08-31T19:08:00,Figma updates from Tanvi Sharma,ce4c369c-0de7-5996-b0aa-2903cf2aacec
Figma,Tanvi Sharma,2023-09-07T15:10:00,Figma updates from Tanvi Sharma,03afab51-1ccc-58e5-a9b3-c2087c81376c
Figma,Tanvi Sharma,2023-09-14T17:44:00,Figma updates from Tanvi Sharma,3a29c97f-c9ce-589a-b70e-67aed00bdae0
Figma,Lauren Klein,2023-09-14T17:44:00,Figma updates from Lauren Klein,0ccc2b28-804b-54a6-8b2c-005619911a51
Figma,Tanvi Sharma,2023-09-14T17:56:00,Figma updates from Tanvi Sharma,74f2106b-d171-5921-ac63-ce9a000d04a4
Figma,Tanvi Sharma,2023-10-02T16:54:00,Figma updates from Tanvi Sharma,bbbfb4d5-d0c0-5ed8-91e7-ff35aed874e7
Figma,Tanvi Sharma,2023-10-02T17:23:00,Figma updates from Tanvi Sharma,608652e5-09ae-5533-971d-f31ce0256cf0
Figma,Tanvi Sharma,2023-10-05T14:38:00,Figma updates from Tanvi Sharma,bf9c21eb-ab59-540f-8bd9-98f44b9e0538
Figma,Tanvi Sharma,2023-10-05T15:09:00,Figma updates from Tanvi Sharma,036f5f90-e27f-56cd-b923-26a3b78a327c
Figma,Tanvi Sharma,2023-10-05T15:54:00,Figma updates from Tanvi Sharma,fa2b9791-001f-5e6d-9103-fa3c9b664e1f
Figma,Tanvi Sharma,2023-10-05T17:29:00,Figma updates from Tanvi Sharma,4e56e202-ac57-51b0-91ca-965c24a22b49
Figma,Tanvi Sharma,2023-10-05T18:01:00,Figma updates from Tanvi Sharma,7c7ef857-c648-5d5c-9531-83d483243a25
Figma,Jay Varner,2023-10-05T18:01:00,Figma updates from Jay Varner,b520128c-d739-5806-a5c6-25fcbeee167f
Figma,Tanvi Sharma,2023-10-05T18:29:00,Figma updates from Tanvi Sharma,1a8bb22b-65b8-5957-bbf5-81e550f3ea3b
Figma,Lauren Klein,2023-10-05T18:29:00,Figma updates from Lauren Klein,f9087e01-5c6e-5a9e-8c93-3366bd29b522
Figma,Tanvi Sharma,2023-10-05T19:04:00,Figma updates from Tanvi Sharma,c71350e7-a656-5400-b556-20e8b386d45d
Figma,Tanvi Sharma,2023-10-05T21:47:00,Figma updates from Tanvi Sharma,336d4462-cd6f-5c0c-b13f-0730cefe62a8
Figma,Tanvi Sharma,2023-10-06T14:09:00,Figma updates from Tanvi Sharma,a887137f-7c5e-5856-8622-bea5569dce1c
Figma,Tanvi Sharma,2023-10-06T14:40:00,Figma updates from Tanvi Sharma,e306687b-2be7-5f05-8725-d0f3497581fc
Figma,Tanvi Sharma,2023-10-06T14:46:00,Figma updates from Tanvi Sharma,f741960d-7338-5c3d-9abd-f4718fe0431e
Figma,Jay Varner,2023-10-19T11:32:00,Figma updates from Jay Varner,58af7272-6c8c-5a42-bdc3-ef3bd2605062
Figma,Jay Varner,2023-10-19T15:46:00,Figma updates from Jay Varner,aec0c41b-bda0-5ee7-b928-d13a0eb612e8
Figma,Tanvi Sharma,2023-10-21T15:07:00,Figma updates from Tanvi Sharma,ce4c8ad1-6c61-5b15-8417-5bb82a3f9312
Figma,Tanvi Sharma,2023-10-22T02:47:00,Figma updates from Tanvi Sharma,0a499cb3-d702-536d-8548-5aaba7d55d67
Figma,Tanvi Sharma,2023-10-22T03:13:00,Figma updates from Tanvi Sharma,df447c52-8c0b-576f-9d05-b94eea260036
Figma,Tanvi Sharma,2023-10-23T22:43:00,Figma updates from Tanvi Sharma,ac375b30-6450-50ae-8a9a-54258218fac6
Figma,Tanvi Sharma,2023-10-24T17:41:00,Figma updates from Tanvi Sharma,57a080f3-3187-560e-aaf2-7be5217253a6
Figma,Tanvi Sharma,2023-10-24T18:09:00,Figma updates from Tanvi Sharma,42e2c839-d542-5d72-b162-c8ad2965b4f9
Figma,Tanvi Sharma,2023-10-24T22:43:00,Figma updates from Tanvi Sharma,2bf056fb-f0f7-543b-81c4-3ed8debe7694
Figma,Jay Varner,2023-10-30T12:53:00,Figma updates from Jay Varner,6f52870c-0a64-52f9-87db-f48cdb086f5b
Figma,Tanvi Sharma,2023-10-30T16:35:00,Figma updates from Tanvi Sharma,dae46689-1d6f-5de7-8684-dafcdae91a8d
Figma,Tanvi Sharma,2023-10-30T21:47:00,Figma updates from Tanvi Sharma,4dc81b9a-4e31-55e8-8c8d-fa4d26f716f5
Figma,Tanvi Sharma,2023-11-10T21:58:00,Figma updates from Tanvi Sharma,d5b77627-b9d1-56a6-8b06-e173e784a564
Figma,Tanvi Sharma,2023-11-10T22:05:00,Figma updates from Tanvi Sharma,e67c4c13-2bb9-5443-b82d-b56bda9e7b4a
Figma,Tanvi Sharma,2023-11-13T19:01:00,Figma updates from Tanvi Sharma,b878b987-8317-5f41-816e-ce9125e1f841
Figma,Tanvi Sharma,2023-11-22T14:49:00,Figma updates from Tanvi Sharma,f484696f-8319-5a76-870c-57d02d8200e7
Figma,Tanvi Sharma,2023-12-12T18:14:00,Figma updates from Tanvi Sharma,d2b5e924-6519-5b05-9e57-d1e91a4769b6
Figma,Tanvi Sharma,2023-12-13T17:58:00,Figma updates from Tanvi Sharma,ea06f779-7e6a-586b-abd8-6d9632212fbf
Figma,Tanvi Sharma,2023-12-18T18:36:00,Figma updates from Tanvi Sharma,d59cc4d8-734a-5b77-8cd5-abe55e9e4ef2
Figma,Tanvi Sharma,2023-12-20T18:44:00,Figma updates from Tanvi Sharma,446d3042-7fc9-5f31-9e0f-9f91e004220e
Figma,Jay Varner,2023-12-20T18:44:00,Figma updates from Jay Varner,efb43083-44b7-571e-8d64-5b80cc8e94fd
Figma,Tanvi Sharma,2023-12-20T19:06:00,Figma updates from Tanvi Sharma,80a721f1-7820-5297-a38c-7fe65f3edf7b
Figma,Lauren Klein,2023-12-20T19:06:00,Figma updates from Lauren Klein,bdbdeb7b-9f63-54e3-8641-2235130b9107
Figma,Tanvi Sharma,2023-12-29T22:34:00,Figma updates from Tanvi Sharma,9eeef671-8021-5c48-a97c-7bbc8799bd8a
Google Drive,Margy Adams,2023-11-06T18:17:18,Margy Adams edited alt-text.,3faa2249-a8ce-5704-a0fb-7d33d67b22f4
Google Drive,Margy Adams,2023-11-10T00:57:09,Margy Adams edited alt-text.,2880306a-e4c2-571f-80a8-619b63046386
Google Drive,Margy Adams,2023-11-10T19:45:34,Margy Adams edited alt-text.,11240e97-3684-51d0-a5d1-fa0c2e57257f
Google Drive,Margy Adams,2023-11-30T16:44:52,Margy Adams edited alt-text.,e2f997bb-afe7-5ba0-872b-fb45d5fba6d4
Google Drive,Margy Adams,2023-12-04T17:52:40,Margy Adams edited alt-text.,b124ffc5-6eb5-5483-91b1-ec8bb2e6236c
Google Drive,Margy Adams,2024-01-04T19:27:38,Margy Adams edited alt-text.,8c0cefca-5e78-5679-a69e-fe5967cd2ad0
Google Drive,Margy Adams,2024-01-08T18:17:22,Margy Adams edited alt-text.,ca4bdec6-f095-5740-877e-52d279118e54
Google Drive,Margy Adams,2024-01-12T16:31:14,Margy Adams edited alt-text.,ebb5bc29-d7af-5fe6-a944-36dc901e73a9
Google Drive,Margy Adams,2024-01-12T18:18:11,Margy Adams edited alt-text.,f3871d6a-498b-5ef1-b186-e74e5900e758
Google Drive,Margy Adams,2024-01-22T16:27:26,Margy Adams edited alt-text.,4dc5b44e-ef1d-5af0-bb3f-c3550b21f7e5
Google Drive,Margy Adams,2024-01-22T17:30:55,Margy Adams edited alt-text.,4e633ed0-5eae-53b5-8a31-98160dde23ba
Google Drive,Margy Adams,2024-01-22T18:45:24,Margy Adams edited alt-text.,6fd4809a-fc01-542c-83cc-84e615b483f9
Google Drive,Margy Adams,2024-01-29T18:33:45,Margy Adams edited alt-text.,b85c75ba-bfb8-5f0a-b36e-0246f31dac31
Google Drive,Margy Adams,2024-01-29T19:36:57,Margy Adams edited alt-text.,18b9ec69-fc85-5d35-95d6-3ca4c1d3aa30
Google Drive,Margy Adams,2024-02-12T16:35:43,Margy Adams edited alt-text.,0e1dcbca-b9df-5e3d-8973-6d7517d66131
Google Drive,Margy Adams,2024-02-12T18:12:56,Margy Adams edited alt-text.,e9b96f9e-48d3-593b-bcde-5056cf9b1215
Google Drive,Margy Adams,2024-02-12T20:00:04,Margy Adams edited alt-text.,9e72ddc3-703a-5525-8dc6-e061f06e7b8e
Google Drive,Margy Adams,2024-02-13T22:08:09,Margy Adams edited alt-text.,a24e32fa-3058-53eb-a877-44ddf3cfd8b0
Google Drive,Margy Adams,2024-02-19T21:58:22,Margy Adams edited alt-text.,1314608e-1e31-5335-8639-b253aad5ffec
Google Drive,Margy Adams,2024-03-13T22:13:15,Margy Adams edited alt-text.,bdadcd68-39cc-5549-a87e-e1484fb1495a
Google Drive,Margy Adams,2024-03-18T15:12:02,Margy Adams edited alt-text.,979b5c9b-54af-5666-bc23-1830c3aae6ca
Google Drive,Margy Adams,2024-03-18T16:59:16,Margy Adams edited alt-text.,b9ed585e-c06f-598a-9a12-ab5ee865f203
Google Drive,Margy Adams,2024-03-24T22:23:13,Margy Adams edited alt-text.,a0ce2316-12c8-5862-b69c-48c8d26ea35c
Google Drive,Margy Adams,2024-03-25T15:56:48,Margy Adams edited alt-text.,3bd67993-0364-563f-a716-a5b3505b87d8
Google Drive,Margy Adams,2024-03-31T17:42:57,Margy Adams edited alt-text.,43a5004c-98fb-5e0e-8b28-706cbbc2d1ab
Google Drive,Margy Adams,2024-03-31T22:49:47,Margy Adams edited alt-text.,76233784-fa7f-5cd3-a9be-fb11044b497e
Google Drive,Margy Adams,2024-04-17T16:48:34,Margy Adams edited alt-text.,b3a06bce-9a12-5bad-80c2-607865087489
Google Drive,Margy Adams,2024-04-24T18:59:49,Margy Adams edited alt-text.,13eb2b64-c581-5667-9f4b-37b0654b813c
Google Drive,Margy Adams,2025-09-05T20:12:00,Margy Adams edited alt-text.,ad1604c9-e89d-583d-8bc4-a80740bf4ad0
Google Drive,Margy Adams,2023-03-13T21:27:58,Margy Adams edited alt-text.,6a4983ef-bf49-5722-bc41-9fee1089459f
Google Drive,Tanvi Sharma,2023-03-13T22:35:31,Tanvi Sharma edited alt-text.,acb8b55a-bfba-526f-8989-313678b110fa
Google Drive,Tanvi Sharma,2023-03-14T01:08:21,Tanvi Sharma edited alt-text.,94ebb51b-bfe2-52c8-b532-eeb4f9d1f11f
Google Drive,Margy Adams,2023-03-14T17:12:12,Margy Adams edited alt-text.,95c8463d-bfb6-59b9-b014-09778b7e5398
Google Drive,Margy Adams,2023-03-14T17:56:43,Margy Adams edited alt-text.,f2587804-628e-517a-8106-19081528a092
Google Drive,Margy Adams,2023-03-14T19:53:09,Margy Adams edited alt-text.,a7a03b79-ce88-5378-9882-576d4607bdfe
Google Drive,Margy Adams,2023-03-14T21:18:34,Margy Adams edited alt-text.,eb20b18a-4a77-537b-96e9-eda8461d9c02
Google Drive,Margy Adams,2023-03-21T18:53:53,Margy Adams edited alt-text.,48c32d99-78f0-5a3d-985c-dd4a2faf80b8
Google Drive,Margy Adams,2023-03-21T21:02:41,Margy Adams edited alt-text.,e0c04c38-c173-5fff-8c71-1a75d3591fed
Google Drive,Margy Adams,2023-03-22T20:56:12,Margy Adams edited alt-text.,b7c975d4-4afa-5858-966c-2d4460354079
Google Drive,Tanvi Sharma,2023-03-26T15:26:02,Tanvi Sharma edited alt-text.,27108bef-582a-5dab-bb85-7c27185f3d72
Google Drive,Margy Adams,2023-03-27T19:40:29,Margy Adams edited alt-text.,49e03a0a-c8df-53e2-820d-a5d26896fab1
Google Drive,Margy Adams,2023-04-04T18:54:54,Margy Adams edited alt-text.,1b6b7b5b-b260-5d5a-a677-8faf6619396c
Google Drive,Margy Adams,2023-04-10T18:26:57,Margy Adams edited alt-text.,4b74ea63-486f-5283-b814-cc4565aaa677
Google Drive,Margy Adams,2023-04-10T20:50:48,Margy Adams edited alt-text.,bf38d73b-d881-59b3-a898-72b57919b7ef
Google Drive,Margy Adams,2023-04-11T17:35:36,Margy Adams edited alt-text.,ccc71e2a-ba9c-5bd2-ab5c-5771e15a20e3
Google Drive,Margy Adams,2023-04-11T19:15:41,Margy Adams edited alt-text.,0f98d21b-324d-59de-977a-25a1a512022d
Google Drive,Margy Adams,2023-04-11T20:02:43,Margy Adams edited alt-text.,e0c9e2ba-1aba-5e0f-a485-2bfa33790568
Google Drive,Margy Adams,2023-04-11T21:12:52,Margy Adams edited alt-text.,0d234de2-e520-5a5f-b15c-6e2fc2a18765
Google Drive,Margy Adams,2023-04-12T18:49:03,Margy Adams edited alt-text.,b29fc764-34cb-5b9e-b42e-8a1488749d24
Google Drive,Margy Adams,2023-04-12T20:44:43,Margy Adams edited alt-text.,6490bea3-046c-5a09-87d4-bc66e08c74ab
Google Drive,Margy Adams,2023-04-17T18:56:49,Margy Adams edited alt-text.,b9fa205e-0bd1-5184-8afd-ff2768631dad
Google Drive,Margy Adams,2023-04-18T21:39:33,Margy Adams edited alt-text.,29552097-d02c-5ffd-993f-ad0e3cb274f2
Google Drive,Tanvi Sharma,2023-04-20T16:26:01,Tanvi Sharma edited alt-text.,5111ca59-f7b5-53c2-881d-7e982fe0c018
Google Drive,Margy Adams,2023-04-24T17:28:10,Margy Adams edited alt-text.,d1ab24b1-3f8b-5e83-90e1-e31f352c2518
Google Drive,Jay Varner,2023-04-27T12:56:08,Jay Varner edited alt-text.,b4d4e530-39ee-5561-b51f-16da7c7407e3
Google Drive,Margy Adams,2023-05-01T17:18:06,Margy Adams edited alt-text.,54994a19-2f6a-560f-a00b-2f46fc3a5fe9
Google Drive,Tanvi Sharma,2023-05-01T20:18:38,Tanvi Sharma edited alt-text.,26eb9703-67ce-5646-ae7c-d806655ec711
Google Drive,Jay Varner,2023-05-12T18:29:35,Jay Varner edited alt-text.,6823ae90-836c-51d5-9366-ccc4447b8541
Google Drive,Lauren Klein,2023-05-18T14:24:10,Lauren Klein edited alt-text.,d8c2f978-44db-519e-b370-87fbc7bc9fa7
Google Drive,Jay Varner,2023-05-19T14:13:36,Jay Varner edited alt-text.,3842bfae-373e-5aae-b48b-533e69311d23
Google Drive,Margy Adams,2023-06-06T15:27:58,Margy Adams edited alt-text.,896b9af9-c99a-5833-a0b0-3240a5365255
Google Drive,Margy Adams,2023-06-06T19:32:22,Margy Adams edited alt-text.,cb767f18-0390-5bf9-b890-d88c74d5bec1
Google Drive,Margy Adams,2023-06-07T16:18:04,Margy Adams edited alt-text.,59fba736-74d2-54f9-a2de-467622d64045
Google Drive,Margy Adams,2023-06-07T19:42:00,Margy Adams edited alt-text.,de454b9b-516d-50e1-bc85-9c45d56a07f2
Google Drive,Jay Varner,2023-06-08T15:02:09,Jay Varner edited alt-text.,42a34bfd-3a7f-52b1-8d81-367dba13f90f
Google Drive,Jay Varner,2023-06-08T20:47:03,Jay Varner edited alt-text.,7866a5b1-ede9-5e2c-8013-e61cf4e3d5b7
Google Drive,Margy Adams,2023-07-08T17:59:19,Margy Adams edited alt-text.,5bd1b6cd-569b-5c60-831f-dfc03b8b2c22
Google Drive,Jay Varner,2023-07-19T14:09:33,Jay Varner edited alt-text.,78f5d048-35a0-5caf-b864-dae22cbd8374
Google Drive,Jay Varner,2023-07-20T18:38:26,Jay Varner edited alt-text.,5228a0c6-0d2f-5e1c-b038-41609e0f0eec
Google Drive,Margy Adams,2023-08-21T18:53:06,Margy Adams edited alt-text.,d0e9011b-aab1-5826-9b3e-0c7ffdada493
Google Drive,Jay Varner,2023-08-22T13:35:31,Jay Varner edited alt-text.,06f99cc7-ea89-5387-8443-f48c464d64ec
Google Drive,Jay Varner,2023-08-22T16:01:17,Jay Varner edited alt-text.,cc95835a-d014-5a62-9542-87e1a0e4ef58
Google Drive,Margy Adams,2023-08-22T18:56:55,Margy Adams edited alt-text.,6dea58ea-6295-5b40-b9cd-8d07b9567452
Google Drive,Margy Adams,2023-08-22T19:28:05,Margy Adams edited alt-text.,d483e806-6d6c-5ada-8e10-4ac9c24c48a8
Google Drive,Margy Adams,2023-09-05T15:29:28,Margy Adams edited alt-text.,cea7ad89-d83a-585a-b4b7-b56c10003a28
Google Drive,Margy Adams,2023-09-05T16:38:09,Margy Adams edited alt-text.,dc4fd3ae-b998-5f34-82b7-23cc5c634445
Google Drive,Margy Adams,2023-09-05T17:53:50,Margy Adams edited alt-text.,27d6e1a7-2165-5355-a9ee-67e79b305afb
Google Drive,Margy Adams,2023-09-07T19:27:45,Margy Adams edited alt-text.,f7db7f6f-6300-539f-b19f-33d152955c9a
Google Drive,Margy Adams,2023-09-07T20:49:31,Margy Adams edited alt-text.,67ba9966-914e-5dad-a3d8-18e4ddae06db
Google Drive,Lauren Klein,2023-09-26T13:19:55,Lauren Klein edited alt-text.,edc7a7c6-32eb-5cb5-8a76-1ec4b5b88be4
Google Drive,Jay Varner,2023-10-04T13:08:22,Jay Varner edited alt-text.,5fa2669c-fddf-5a45-8b5e-0adf1b1e327b
Google Drive,Jay Varner,2023-10-19T12:18:40,Jay Varner edited alt-text.,d41f4efb-ae0e-59ef-a4b4-f43c0b3012de
Google Drive,Jay Varner,2023-10-25T14:42:50,Jay Varner edited alt-text.,46fab77d-21f7-51f6-b43f-5a07e225889c
Google Drive,Margy Adams,2023-11-06T16:08:56,Margy Adams edited alt-text.,c3a21970-1850-5361-aa9b-b3462c0dcbf2
Google Drive,Margy Adams,2023-11-06T17:01:43,Margy Adams edited alt-text.,581996e1-a75e-5c7e-9f03-cbb63afa1404
Google Drive,Margy Adams,2023-11-06T18:16:21,Margy Adams edited alt-text.,3f8addb3-4455-5984-b942-f7e9a91ffaea
Google Drive,Margy Adams,2023-11-10T01:05:43,Margy Adams edited alt-text.,4966ad7a-7cd0-5a96-933e-ff65966a72d3
Google Drive,Margy Adams,2023-11-10T19:45:08,Margy Adams edited alt-text.,5e44d413-c3ca-5bc5-9d3f-5998a75559fc
Google Drive,Margy Adams,2023-12-04T17:53:46,Margy Adams edited alt-text.,eb73c725-fe86-5575-b867-d96aa50dea7b
Google Drive,Margy Adams,2023-12-08T00:20:47,Margy Adams edited alt-text.,54f23235-62ed-5891-96d2-f7aff236881b
Google Drive,Margy Adams,2024-01-04T19:27:33,Margy Adams edited alt-text.,e3e5e7d6-8dd8-5074-90ef-f88d8a709b8f
Google Drive,Margy Adams,2024-01-08T17:29:49,Margy Adams edited alt-text.,2d3df79c-7ab4-51a9-8b8b-4494923ce6e6
Google Drive,Margy Adams,2024-01-08T18:17:31,Margy Adams edited alt-text.,4ce22d2c-3a97-5be6-af16-c602605eb541
Google Drive,Margy Adams,2024-01-12T16:31:26,Margy Adams edited alt-text.,65443185-620a-5bf5-b3a5-9fd029983ac4
Google Drive,Margy Adams,2024-01-12T17:57:21,Margy Adams edited alt-text.,4407ebfc-49ce-59d2-9467-878457a15dcb
Google Drive,Margy Adams,2024-01-22T16:27:21,Margy Adams edited alt-text.,ef06389e-edda-58a9-964f-ea69e03fe495
Google Drive,Margy Adams,2024-01-22T17:31:52,Margy Adams edited alt-text.,d01f647e-a475-5ce1-b002-112d248e33fd
Google Drive,Margy Adams,2024-01-22T18:45:41,Margy Adams edited alt-text.,a3184424-25d0-5e39-ba33-3190c8d0b4b1
Google Drive,Margy Adams,2024-01-26T15:40:13,Margy Adams edited alt-text.,18ee44f8-060d-5e1e-967a-52d942880593
Google Drive,Margy Adams,2024-02-12T19:20:27,Margy Adams edited alt-text.,c0bff929-965f-5ba4-b9f9-e95f948949bc
Google Drive,Margy Adams,2024-02-12T20:01:05,Margy Adams edited alt-text.,b58629ff-e2a9-59f9-9d59-c8d62cb8bb3e
Google Drive,Margy Adams,2024-02-13T22:19:45,Margy Adams edited alt-text.,130cc8c7-2b51-5954-9264-5a2b8a907a50
Google Drive,Margy Adams,2024-02-19T21:03:28,Margy Adams edited alt-text.,c81bcb9d-b3fe-594a-b9f5-3ec1c904c98c
Google Drive,Margy Adams,2024-02-19T22:03:48,Margy Adams edited alt-text.,8ce56d49-bd01-527c-acaf-65dc4aa76c63
Google Drive,Margy Adams,2024-02-26T17:26:32,Margy Adams edited alt-text.,4c3f4bfd-6008-5f98-82d6-33f3765b2adb
Google Drive,Margy Adams,2024-03-13T22:12:54,Margy Adams edited alt-text.,823cc7b4-a60d-530d-ab9b-6d5d96b94052
Google Drive,Margy Adams,2024-03-18T15:05:59,Margy Adams edited alt-text.,bf7863a8-290a-5b73-b12d-799dfa3874bb
Google Drive,Margy Adams,2024-03-18T16:59:29,Margy Adams edited alt-text.,f9108cd3-fe6f-5c52-8026-d9757e9c068d
Google Drive,Margy Adams,2024-03-24T22:23:48,Margy Adams edited alt-text.,46251892-4ec3-52ec-9f7f-df046f48934c
Google Drive,Margy Adams,2024-03-25T15:56:41,Margy Adams edited alt-text.,132bddb6-60d5-5875-9ca6-1901b6cfb296
Google Drive,Jay Varner,2024-03-26T19:01:28,Jay Varner edited alt-text.,1304763e-a54c-55a5-bb4d-b2d9fec56bf7
Google Drive,Margy Adams,2024-03-31T16:26:25,Margy Adams edited alt-text.,b0f84387-0c9b-5b85-bac1-e9bba1ec5654
Google Drive,Margy Adams,2024-03-31T17:43:17,Margy Adams edited alt-text.,88a5d9c9-ed42-5ba5-a233-9c64c35d8bb4
Google Drive,Margy Adams,2024-03-31T22:50:14,Margy Adams edited alt-text.,fa0c6a6e-98b9-57dd-926c-93a4bf3fed52
Google Drive,Margy Adams,2024-04-17T16:47:49,Margy Adams edited alt-text.,272199eb-3815-5781-b1aa-a6788a607bd1
Google Drive,Margy Adams,2024-04-19T14:23:50,Margy Adams edited alt-text.,10199b14-5f95-55bd-b650-425982a33ad5
Google Drive,Margy Adams,2024-04-24T15:40:34,Margy Adams edited alt-text.,0e43b993-38ec-5ffd-bef0-137d70f0e060
Google Drive,Margy Adams,2024-04-24T19:10:06,Margy Adams edited alt-text.,beda2dc5-8b7b-5c4e-9d32-9bdab9e1c4fe
Google Drive,Jay Varner,2024-04-25T13:59:54,Jay Varner edited alt-text.,d45fdcba-2c18-549d-8f21-14000575cfee
Google Drive,Jay Varner,2024-04-25T15:15:06,Jay Varner edited alt-text.,3f8c2c28-72dd-5183-8348-1d255bf677f8
Google Drive,Jay Varner,2024-04-26T18:41:03,Jay Varner edited alt-text.,b361a114-661a-5e52-9b89-2109ac7057f1
Google Drive,Jay Varner,2024-04-26T21:48:48,Jay Varner edited alt-text.,2354a5c4-c235-5195-a497-1a7b6370a6c6
Google Drive,Jay Varner,2024-04-29T20:21:57,Jay Varner edited alt-text.,997c2911-de24-5015-8ff4-152715024d1b
Google Drive,Lauren Klein,2024-04-29T23:56:13,Lauren Klein edited alt-text.,2a6e0de4-6e08-5300-855d-76e66abf529e
Google Drive,Lauren Klein,2024-04-30T00:30:20,Lauren Klein edited alt-text.,b7839a63-b63d-5bdc-8d60-67e6bee60dc6
Google Drive,Lauren Klein,2024-04-30T23:14:11,Lauren Klein edited alt-text.,6ca48d37-c0f9-53d6-b4d0-6c61359a0e03
Google Drive,Lauren Klein,2024-05-01T00:26:45,Lauren Klein edited alt-text.,aa08f3f5-6292-52a2-a9ed-aa534297de83
Google Drive,Lauren Klein,2024-05-01T02:02:45,Lauren Klein edited alt-text.,9e431a44-803c-5217-8fa2-e2678e2d21d7
Google Drive,Jay Varner,2024-05-02T12:28:50,Jay Varner edited alt-text.,834f6115-2022-5dad-b90c-b6f5e87fb7d6
Google Drive,Jay Varner,2024-05-02T23:27:50,Jay Varner edited alt-text.,aa29aee6-9026-54a3-8e36-657e2748a488
Google Drive,Jay Varner,2024-05-03T15:54:08,Jay Varner edited alt-text.,fbcc726f-2bb8-5f08-b3a0-3e929168ca41
Google Drive,Lauren Klein,2024-05-04T21:10:08,Lauren Klein edited alt-text.,2d47d1d2-eacf-519f-9347-f106afe7d9ca
Google Drive,Jay Varner,2024-05-06T12:24:09,Jay Varner edited alt-text.,a945366e-bff9-5218-86c9-670ebe634d4e
Google Drive,Jay Varner,2024-05-06T14:26:20,Jay Varner edited alt-text.,17444297-1a36-53e2-bc19-89fcfc8ba897
Google Drive,Lauren Klein,2024-05-06T21:57:09,Lauren Klein edited alt-text.,15810a22-f7cc-5a18-b9a7-2b387080c33f
Google Drive,Jay Varner,2024-05-10T13:07:18,Jay Varner edited alt-text.,0855a687-fa7d-5157-830a-da50f3b67281
Google Drive,Margy Adams,2024-08-03T00:53:38,Margy Adams edited alt-text.,18ed950c-cc14-54ac-8759-4bf1dde80b33
Google Drive,Jay Varner,2024-11-05T14:56:09,Jay Varner edited alt-text.,6b07a868-7552-5cfb-b3a5-8d5102e00adb
Google Drive,Jay Varner,2024-11-05T15:28:55,Jay Varner edited alt-text.,300b5e85-8f77-5721-88f2-7c8714408f64
Google Drive,Jay Varner,2024-11-05T16:32:11,Jay Varner edited alt-text.,565e68d1-89cd-597b-b1bf-837c8af9c772
Google Drive,Jay Varner,2025-06-10T20:18:46,Jay Varner edited alt-text.,87fc62b6-f072-5af5-aa01-7b933452e132
Google Drive,Jay Varner,2025-06-10T21:49:50,Jay Varner edited alt-text.,afa7516a-1847-5888-b136-dd9d186daf5f
Google Drive,Jay Varner,2025-08-11T22:13:37,Jay Varner edited alt-text.,ddff42c2-14ac-5c0e-a948-4b57f5601341
Google Drive,Margy Adams,2025-09-08T00:12:05,Margy Adams edited alt-text.,fa588cab-d999-52f7-9ae0-dc59f8b71747
Google Drive,Margy Adams,2025-09-08T00:49:12,Margy Adams edited alt-text.,396a6199-965a-524e-b0cc-96ea24756bb2
Google Drive,Tanvi Sharma,2025-09-08T16:31:27,Tanvi Sharma edited alt-text.,e5f17f4d-92a9-5a5f-9b33-f1fdd1836345
Github,Jay Varner,2025-06-10T17:59:00,Remove React Router files,23cdf3e1-38dc-5204-9d30-33553bdf661b
Github,Jay Varner,2025-06-10T17:44:00,Merge new deploy.,056eaf7a-6db5-5f68-a51c-5d8cd1f61245
Github,Tanvi Sharma,2025-06-09T23:45:00,intro pointer to dev site,8c4598ae-024f-5780-9e15-053fa04796f2
Github,Lauren Klein,2025-05-28T19:03:00,Adding in a few new intro images,72d91238-ecb2-51cf-b656-5f2279b52b64
Github,Jay Varner,2025-03-12T21:32:00,Fix background color,f0a72419-600e-59f2-91e7-d017c8cf064a
Github,Jay Varner,2025-03-12T20:57:00,Add image credit,f2d7b609-99c3-5003-b903-e17cdec6e8a5
Github,Jay Varner,2024-05-20T00:59:00,Further fix scrollytell states for real.,626e54b0-eb12-5677-a545-99f663c0d9af
Github,Jay Varner,2024-05-19T19:54:00,Minor fixes to blurs and masks.,580017c2-7f08-5b0e-8366-fb924abe66e9
Github,Jay Varner,2024-05-11T05:25:00,Hiding hypothesis highlights,fb23b1dd-06e9-5f58-b9fd-a0877024bffb
Github,Jay Varner,2024-05-11T02:14:00,Improve homepage timeline,7e6db0ff-9028-5a71-9287-ac0aac01a7d3
Github,Lauren Klein,2024-05-11T00:25:00,FInal image swap,47532bf9-8622-596a-8128-9f673561944a
Github,Lauren Klein,2024-05-10T23:38:00,Attempting to resort image names,d24e1a14-44ba-5e19-bcec-3aad0835dd66
Github,Lauren Klein,2024-05-10T23:31:00,Adding webps,dba109de-e7a6-5a1f-ad39-89261ff2835a
Github,Lauren Klein,2024-05-10T22:34:00,Fixing illustration images links,b90ba27d-41b6-577e-b6c7-eb884625c50b
Github,Lauren Klein,2024-05-10T22:33:00,Correcting image order,678f8c1d-921a-5763-bec5-73e17ba1ec72
Github,Jay Varner,2024-05-10T21:07:00,Add z-index to chapter nav icons.,b40b6833-20e0-59f9-8c4f-454c73509be4
Github,Jay Varner,2024-05-10T18:39:00,Adjust left margin,cc3f2d7f-c5ef-5bc5-8f19-2c94567fdaf2
Github,Jay Varner,2024-05-10T18:23:00,Make images side by side,212b3e4c-42c0-59b9-b512-8f1e52b19e6d
Github,Jay Varner,2024-05-10T17:21:00,A number of small fixes.,2dea3b96-65cf-535d-9073-b1b080da80de
Github,Lauren Klein,2024-05-10T08:50:00,Updated intro with correct text,fafd75f9-3e03-586d-9f42-4a16d398315c
Github,Jay Varner,2024-05-10T03:10:00,Replace span tag with p,73c41815-f925-5c10-9d09-e663f5f541ac
Github,Jay Varner,2024-05-10T00:03:00,Merge branch 'dev',c4e617d9-0c8f-5281-8022-98ce964cfbfc
Github,Jay Varner,2024-05-10T00:02:00,Add images to Du Bois chapter,736ce96a-1cc7-5605-919a-49476b735c02
Github,Nicholas Yang,2024-05-09T05:46:00,Some Footer tweaks,8659212b-3ffd-532f-818c-2e9cefa01599
Github,Jay Varner,2024-05-09T01:14:00,Block robots on dev,03f9e3b8-591f-523f-bdbe-f99ac60cdccc
Github,Nicholas Yang,2024-05-09T05:46:00,Some Footer tweaks,45aaf898-7aca-5cfb-bd2a-a019977e4d7d
Github,Jay Varner,2024-05-09T01:14:00,Block robots on dev,7570264d-a7c5-5a61-8ba6-993cccf0c839
Github,Jay Varner,2024-05-09T00:49:00,Fix links for homepage grid,44def33b-66b9-5082-9825-5a9bf1cd0882
Github,Jay Varner,2024-05-09T00:46:00,Fix sitemap config,db9091f2-3941-5e07-88ea-e771d4f74a25
Github,Jay Varner,2024-05-09T00:42:00,Fix links,0d1c257d-095e-5786-920e-b5cac98175aa
Github,Jay Varner,2024-05-08T23:06:00,Forgot to include update to CardGrid,990c9d10-b63e-5667-b725-2f017ee00722
Github,Nicholas Yang,2024-05-08T06:03:00,Fixing Tanvi's mistake,7f7ca491-dba7-55b2-a113-ad36ff7f3042
Github,Jay Varner,2024-05-09T00:49:00,Fix links for homepage grid,b1340807-e92c-5872-aaca-0b264cafbaf4
Github,Jay Varner,2024-05-09T00:46:00,Fix sitemap config,20f5d6dd-26d5-5b79-a845-3a89dcdc7c27
Github,Jay Varner,2024-05-09T00:42:00,Fix links,92694e39-3138-523d-b26a-b17a5230fb66
Github,Jay Varner,2024-05-08T23:06:00,Forgot to include update to CardGrid,bb4cd9a2-de7f-5611-9fe0-d53509495e72
Github,Jay Varner,2024-05-08T22:47:00,Add sitemap and rename some images.,964eccd4-c522-5c95-af6c-ba7a0406a663
Github,Jay Varner,2024-05-08T22:47:00,Add sitemap and rename some images.,a1ce56be-c391-5615-898a-216318c23779
Github,Nicholas Yang,2024-05-08T06:03:00,Fixing Tanvi's mistake,f55da64b-ecf7-50cc-91bd-5bd01e0bf1f7
Github,Jay Varner,2024-05-08T00:22:00,Add referrer policy for tracking.,145417b7-5890-51f5-a30f-476c945dbcbf
Github,Jay Varner,2024-05-07T22:25:00,Add analytics update deploy,fface6d7-9bbc-53a0-9db3-1606ca93412b
Github,Jay Varner,2024-05-06T19:04:00,Remove debug,a3e89564-4972-580b-9719-2eef477f6a85
Github,Nicholas Yang,2024-05-07T19:03:00,"Intro scrollytell 2 (#46),7e6b14e7-d7fe-5989-8e56-e168c00380a9
,892de73d-06bb-50d7-9bc4-758518dc9629
More work on intro scrollytell",f4be0ec3-b89f-5968-8e92-08af3d82256b
Github,Lauren Klein,2024-05-07T16:45:00,Fixed typo,366c43d6-9c04-5b97-bff0-81b6cdb83651
Github,Lauren Klein,2024-05-07T02:06:00,Removing some images for now,7d18223f-f7de-5788-8eaf-a9eed7e004a1
Github,Lauren Klein,2024-05-07T02:04:00,Now with webp!,c5845632-6210-5340-b5eb-86cca96aa170
Github,Lauren Klein,2024-05-07T01:51:00,Updating Du Bois text,6204c6dc-a633-5dd9-8137-4bf75d635375
Github,Lauren Klein,2024-05-07T01:44:00,Re-adding expo image,6c0aaf7a-ab36-5f06-ba4a-7cfa70f11fc7
Github,Lauren Klein,2024-05-07T01:38:00,Swapping out Callaway image,cd9fc647-fc78-51d2-8cc7-44142d70fe9a
Github,Jay Varner,2024-05-06T19:01:00,Improve blur,376c8e7b-e871-5fc2-b569-bc274935c903
Github,Jay Varner,2024-05-06T18:42:00,Missing image,f9b441bf-12f0-505f-8833-acb4f1645680
Github,Jay Varner,2024-05-06T18:27:00,Update figure data.,926a0966-8692-5f82-8a49-5348122f3cec
Github,Jay Varner,2024-05-06T18:01:00,Intro footnotes,ee88a3aa-d764-52fd-aa5c-a658d4333364
Github,Jay Varner,2024-05-06T17:00:00,More missing images.,d2773b2b-87dc-565f-95c4-8342fac0f8e9
Github,Jay Varner,2024-05-06T16:48:00,Fix image name and move last paragraph into main body,fb7cc5ec-1d94-5e56-994d-e4385b6e3eb9
Github,Jay Varner,2024-05-06T16:25:00,"Fix images, add chapter nav, general cleanup",1db5accc-2466-5065-ae1f-b4218e0945d4
Github,Jay Varner,2024-05-05T18:47:00,Small fix to make sure selected image is always in shuffle,ab51aeaa-9044-5bba-aac3-b3bca9daa9b7
Github,Jay Varner,2024-05-05T01:22:00,Update figure data.,95ea25e5-29b4-5da6-85e1-5386d6c210e5
Github,Jay Varner,2024-05-04T23:59:00,Enable Hypothesis,8ddc1d22-e519-50af-881c-49f01d69b67d
Github,Jay Varner,2024-05-04T23:52:00,Add missing webp files,4d6c66ed-112b-5fb6-a149-f58340ec5850
Github,Jay Varner,2024-05-04T23:09:00,Replace file,1d1b6eb6-76f1-5b31-ab82-7fe128138110
Github,Jay Varner,2024-05-04T23:08:00,Remove of image to force file name change,412f9e78-0a89-5eb2-afa8-45cb4487d87a
Github,Jay Varner,2024-05-04T22:45:00,Update Images,eff10673-eb38-58bf-a0d9-d6c2b798be49
Github,Jay Varner,2024-05-04T20:08:00,Reduce number of Du Bois charts on home page,0b1630d2-da63-54d7-a008-ec725419238f
Github,Jay Varner,2024-05-04T20:07:00,Save helper function for later,e0809221-4a0b-5939-bb24-6cf1ced272ee
Github,Jay Varner,2024-05-04T20:07:00,Add public beta banner,736d8733-936c-562f-ac0f-7caf45aeaebd
Github,Jay Varner,2024-05-04T19:56:00,Fix formatting,4a199ec5-14ac-53fe-ab34-49de42eb3886
Github,Tanvi Sharma,2024-05-04T17:47:00,About page edits,b7f93cbc-c0f0-52d5-b984-b664ed4d8216
Github,Tanvi Sharma,2024-05-04T04:59:00,cropped an image,2d2867bb-21c5-5cd6-964d-a53ae7b4dc65
Github,Tanvi Sharma,2024-05-04T04:56:00,Updating intro images as webp,24ca76ef-9175-5137-919c-3218256b8943
Github,Tanvi Sharma,2024-05-04T04:20:00,Design tweaks!,47d5c2ea-0827-528b-8421-599d1531273b
Github,Tanvi Sharma,2024-05-04T03:48:00,Design tweaks,ddca4ae6-f4c7-5813-b87b-030430f6bee4
Github,Tanvi Sharma,2024-05-04T02:51:00,adding shanawdithit illustrations,9dbbb868-5495-5707-ba0b-3dce791ba3cb
Github,Tanvi Sharma,2024-05-04T02:31:00,Adding illustrations,709bf4d8-5851-54b0-9398-16643776b30c
Github,Tanvi Sharma,2024-05-04T02:27:00,"Intro scrollytell 2 (#45),1c1f620a-9561-507b-a8b2-20b94128e794
,288521cc-5912-5f0b-9e84-3c274c5e3cbe
@jayvarner,57d95d7a-d441-54a1-bcaa-cd7047d5204d
,22a2e1fd-0f6e-5991-a396-b855e3c0ee3f
---------,a7803ead-8463-5c09-9be0-79902ee797d2
,2f4aabe3-daf1-547b-8d33-3972445a68b6
Co-authored-by: Nicholas Yang <nick@nicholasyang.com>",a6ebe221-c818-5279-bb77-57a5d2c20fec
Github,Nicholas Yang,2024-05-04T02:15:00,Fixed bug in intro,c3d4e233-2fc5-5b31-92aa-7650b3be37b3
Github,Tanvi Sharma,2024-05-03T18:14:00,"Revert ""Intro scrollytell 2 Nick's updates (#44)"",646af2ac-0d6f-5153-9adb-8c39edcf5266
,9195f9f3-fe79-57b0-a399-fe92da995ed8
This reverts commit 921ef7d222346359fe9922ec3d386cfe68457fcf.",c45d3c27-2ccd-5d73-9449-1011911dd49b
Github,Tanvi Sharma,2024-05-03T18:11:00,"Intro scrollytell 2 Nick's updates (#44),59091079-f7ad-5aa8-ac01-6d982ad74905
,bd625770-8ac7-5600-886e-423fc632fa66
Co-authored-by: Nicholas Yang <nick@nicholasyang.com>",3de1ebb5-8a07-57b7-bb94-566f1079f820
Github,Tanvi Sharma,2024-05-03T18:06:00,"Reapply ""Update chapters.intro.tsx"",20d6abf7-af00-5557-858f-ea0cb9468abd
,d7307a9e-160c-51b3-89bf-2b48f2242e26
This reverts commit b89372f6fe9efa04d415cae9a7c3a67c90b7116d.",005cf91e-4029-5210-b2d2-349b2fdca459
Github,Tanvi Sharma,2024-05-03T17:56:00,"Revert ""Update chapters.intro.tsx"",b310c70e-e945-50ef-8d1e-b9fc47ed7d3c
,4a6f4bd5-f442-5ba4-bb41-844ca2d3e802
This reverts commit ba97003ba8f5a1a85d2deb8981b4bd58011cef74.",dd0d6260-6109-54ab-9b94-18e0dcd34b4d
Github,Tanvi Sharma,2024-05-03T17:54:00,Update chapters.intro.tsx,474cd28b-d215-594f-b5b4-3b0eb2e5fb72
Github,Lauren Klein,2024-05-03T16:21:00,Tweaks to review text,ee52d59f-fd4e-5e2e-bd2b-ea7419336d13
Github,Jay Varner,2024-05-03T07:33:00,Adjust top spacing,4063f94b-79e5-5a2a-b01d-a79b77590fa2
Github,Jay Varner,2024-05-03T06:07:00,Fix id for first scrollytell,70d3da92-0329-5320-afa3-d6e6b0b401ef
Github,Jay Varner,2024-05-03T05:53:00,Add scrollytells to chapter nav,14a3efdc-8de2-5966-a443-29c6cee97a82
Github,Jay Varner,2024-05-03T05:49:00,Incorporate Du Bois scrollytells.,79385f03-c63c-5e56-ac80-e624d3461d3f
Github,Lauren Klein,2024-05-03T01:37:00,Adding peer review info,8f97ee8d-2071-5abb-8f9f-a546a091f1cd
Github,Lauren Klein,2024-05-02T23:24:00,Minor Du Bois text update,082935b6-8e9d-544e-a8a6-ad5f7e5ce5b2
Github,Lauren Klein,2024-05-02T19:19:00,Updating front page image,4a6e96d6-5256-5ea1-997f-67230ffe943e
Github,Lauren Klein,2024-05-02T19:13:00,Merge branch 'main' of https://github.com/EmoryDHLab/data-by-design,8e6eabf0-d273-554e-91b2-e1dd627a924c
Github,Lauren Klein,2024-05-02T19:13:00,New front page text!,0c7e5194-f9f9-56d8-b6c2-423b72860768
Github,Jay Varner,2024-05-02T17:01:00,Add missing images,a2f3450b-576d-5a51-815b-e03bc1051d4d
Github,Jay Varner,2024-05-02T16:41:00,Remove unused images,8f0b8d2e-5b3c-582f-8bfa-5030d2fe6200
Github,Jay Varner,2024-05-02T16:31:00,Update images,b92718d7-2aed-58d0-8728-b9ada4fd4b85
Github,Lauren Klein,2024-05-02T07:20:00,Merge branch 'main' of https://github.com/EmoryDHLab/data-by-design,7cb53cdb-19b2-5b29-866e-1385529e9c8c
Github,Lauren Klein,2024-05-02T07:20:00,Adding takeaways,ef7382cd-94fa-5f0d-8590-c2e225fd1ffd
Github,Jay Varner,2024-05-02T01:33:00,Add meta to home page,bec1563c-c37d-5ffe-9881-46be13e2606d
Github,Jay Varner,2024-05-02T01:00:00,Minor adjustments to footnote toggle.,e08d65ed-71b6-584f-aad2-a9c28aa81727
Github,Jay Varner,2024-05-02T00:39:00,Increase margin above takeaways,b27df716-2b82-50a1-8337-2bea7b0cd81c
Github,Jay Varner,2024-05-01T23:03:00,Add footnote toggle and fix blur for Safari,3f0ea754-126e-5691-a77e-8f02caca5b98
Github,Jay Varner,2024-05-01T23:02:00,Fix footnotes,1d811367-5f66-525b-a1f2-2dbcd1933338
Github,Lauren Klein,2024-05-01T21:04:00,Updated Du Bois footnotes,78953100-5ccf-52b3-b637-7a0e5aaaaf07
Github,Lauren Klein,2024-05-01T20:38:00,Update Peabody footnotes,e28d05e2-9a18-5c65-9bdf-fd50b5ae396d
Github,Lauren Klein,2024-05-01T19:57:00,Update Shanawdithit footnotes,d4c3fa72-f9b8-51af-a04b-a98d31dbb9c4
Github,Lauren Klein,2024-05-01T19:40:00,Update Playfair footnotes,42ebbab1-7c34-58e8-bfc1-faaf03779617
Github,Lauren Klein,2024-05-01T19:23:00,Merge branch 'main' of https://github.com/EmoryDHLab/data-by-design,b1a380c8-9f1e-5ed1-ac6b-43bbdeedfbd2
Github,Lauren Klein,2024-05-01T19:23:00,"Updating ""Description"" footnotes",c1bfc119-00d4-5aec-934c-e1c09fc2972f
Github,Jay Varner,2024-05-01T19:19:00,Dark mode for Labor chapter,9ab3d423-9bca-5d8d-b760-52778c9f88a3
Github,Lauren Klein,2024-05-01T19:04:00,Merge branch 'main' of https://github.com/EmoryDHLab/data-by-design,84ed5b67-8193-5529-b64d-ca3d3b0c3c4d
Github,Lauren Klein,2024-05-01T19:04:00,Now with intro footnotes!,e8aaf346-1835-56fd-9215-6458e5bda5da
Github,Jay Varner,2024-05-01T18:34:00,Fix background images on home page,f36db827-6fb4-5a0a-ad5c-929321d5143a
Github,Lauren Klein,2024-05-01T18:29:00,Quick update to credits,796d5543-5aab-57ae-8509-996d67fcf4a6
Github,Lauren Klein,2024-05-01T18:08:00,Correct chapter order,0bedeed6-e685-597f-81b7-a1b15c736131
Github,Lauren Klein,2024-05-01T17:45:00,Tweak to footnotes header,dfdaee0d-a832-5a6d-a295-7b369802b123
Github,Jay Varner,2024-05-01T17:05:00,Fix formatting,b550c253-6a15-5dd7-9d98-90cca5108dd0
Github,Lauren Klein,2024-05-01T16:46:00,Update labor chapter text,f2b94617-13fd-5b3c-bfc9-1fc4f5772ca4
Github,Lauren Klein,2024-05-01T04:28:00,Update Peabody images,36aaea69-b542-52ec-8c24-d7d18a3c9489
Github,Lauren Klein,2024-05-01T04:08:00,Adding high-res quipu image from NMAI,d2618132-4a0b-507b-b181-ac00cf0fd05b
Github,Lauren Klein,2024-05-01T04:08:00,Updating Shanawdithit images,d58a614f-2901-5850-bb48-f8589d75924e
Github,Lauren Klein,2024-05-01T03:18:00,Merge branch 'main' of https://github.com/EmoryDHLab/data-by-design,69939297-3871-563f-ad8f-decf5c2ac434
Github,Lauren Klein,2024-05-01T03:18:00,Update Playfair images,87574ec1-d701-50f5-a306-bbabfc3d2a19
Github,Jay Varner,2024-05-01T00:02:00,Dynamically tag container,52ccc844-38cd-57ba-89a3-5642c8daeb48
Github,Jay Varner,2024-04-30T23:46:00,Set branch name,c253e446-bbb6-542a-a4ab-3a208825fa87
Github,Jay Varner,2024-04-30T23:38:00,Add dev branch,f4648477-ec1d-53e2-a429-6d550489503d
Github,Jay Varner,2024-04-30T22:13:00,Chapter meta and more random shuffle on homepage,60038c05-5022-54bf-b263-4f92c713b7be
Github,Jay Varner,2024-04-30T19:18:00,More deploy fixes,6a68b4ad-243a-5cca-bfe0-92ace17a8a0f
Github,Jay Varner,2024-04-30T19:09:00,Fix repo url,3e73e851-2474-5838-8f74-2765520c473a
Github,Jay Varner,2024-04-30T18:59:00,Force deploy for now.,4b483e64-7213-52a4-8b6c-577500568c0f
Github,Jay Varner,2024-04-30T18:55:00,Better way to set tag,cd86a19d-50db-5cef-ba33-eb8d8029bc3e
Github,Jay Varner,2024-04-30T18:52:00,Debug deploy script,c4ad08c9-62c2-53d7-98db-25a48a4fdac4
Github,Jay Varner,2024-04-30T18:50:00,Debug deploy script,57047a9f-ce48-52b8-a006-43739207d507
Github,Jay Varner,2024-04-30T18:25:00,Use Vite and deploy to AWS,1810a4ef-5f08-5df1-8b5a-cbd2425490af
Github,Jay Varner,2024-04-30T16:11:00,Small improvements to chart three,0896d55d-88ab-5ffd-bda1-540fb50d6298
Github,Jay Varner,2024-04-30T06:04:00,Fix images missing from chapter nav,5e3d25f8-ef4f-5765-b19f-d5c5adf20cad
Github,Jay Varner,2024-04-30T05:48:00,Pull wide image out of CenterLayout,b6ff3005-25d0-59f0-831b-a65d94100b24
Github,Jay Varner,2024-04-30T05:47:00,Put images in CenteredLayout,140c4741-34a6-58c2-8d65-c4913309e79c
Github,Jay Varner,2024-04-30T05:30:00,Fix chart 3,bee2010f-e1e2-526e-afd1-a37f67fd4cb7
Github,Jay Varner,2024-04-30T04:40:00,Add chart 3 scrollytell,f3767dca-f637-5e10-b06a-edeb38abb1de
Github,Jay Varner,2024-04-30T04:37:00,Image updates,f2cb4538-4f0a-5db3-92b4-eae350b1f167
Github,Jay Varner,2024-04-29T18:20:00,More scrollytell updates,dffe0756-7f13-5304-9ae4-f8d933e547e2
Github,Lauren Klein,2024-04-30T04:31:00,Update Description images,7e334850-c853-578d-8fb8-2d080371fe93
Github,Lauren Klein,2024-04-30T03:49:00,Updated intro images,b75b8f29-1937-57a9-ac8f-6f1f0b9a60a8
Github,Lauren Klein,2024-04-29T22:52:00,Remove repeated Willard text,2947c46c-c755-54a4-a366-de6e13232e38
Github,Lauren Klein,2024-04-29T22:23:00,Small footer tweaks,2d9d3a1e-9aa8-5a2a-b71b-476dadfafb9c
Github,Lauren Klein,2024-04-29T22:19:00,"Update chapter titles, front page images",b20b6b74-2395-592c-8bee-04a680bd1902
Github,Lauren Klein,2024-04-29T21:56:00,Update dropdown,4ba0868b-8ed1-5d27-abd8-2dd1004c5ca0
Github,Lauren Klein,2024-04-29T20:18:00,Update Du Bois text and images,1984973c-725e-5106-9b65-2ef54632334d
Github,Jay Varner,2024-04-29T18:02:00,Update scrollytell and images,c881c655-97da-5517-a871-b69db44dd6d0
Github,Tanvi Sharma,2024-04-29T01:49:00,"Update chapters.intro.tsx,4e0e7897-2a45-5ff0-8be7-080f65e2f552
,3988a87a-2591-5e67-86b8-08c168695432
indexing error fix",da2f6008-9858-54b2-80be-9227b49c8446
Github,Tanvi Sharma,2024-04-29T00:58:00,update Intro,32220542-5f6f-525b-b433-1ad13e852e99
Github,Jay Varner,2024-04-28T23:05:00,Fix type,7250104c-2ccd-550f-a423-20a7704a46b8
Github,Jay Varner,2024-04-28T23:05:00,Fix build,089df36a-469d-5178-9b01-c9bb708d3be0
Github,Lauren Klein,2024-04-28T20:10:00,Update Peabody text,324824ac-3a1d-5a08-bcc6-25834460cdd8
Github,Nicholas Yang,2024-04-28T09:57:00,Some responsiveness tweaks,12bdfdc8-774b-5a05-9b71-f1541ada9ec5
Github,Nicholas Yang,2024-04-28T06:57:00,Implementing Minard in intro scrollytell,4db64ad7-2059-5218-8d11-cce2b2142803
Github,Tanvi Sharma,2024-04-27T16:24:00,Update Section Title Drop Cap,db9a2820-8f19-56f4-8eb1-f4591217baff
Github,Nicholas Yang,2024-04-27T06:37:00,More intro scrollytell implementation,8e9534e3-694e-5860-8f46-755cadb3d13e
Github,Jay Varner,2024-04-27T01:56:00,Fix formatting and add missing images.,07a9147c-8ee7-59ca-9857-5459be125dfe
Github,Lauren Klein,2024-04-27T01:16:00,"Update chapters.shanawdithit.tsx,0b9c27c0-c4d8-5dbc-99df-43d8aa67751b
,ccf4d6e4-8e87-58da-a368-0418b8ccff94
Update Shanawdithit text",e78da392-2f12-550e-b769-5bb133a7c861
Github,Lauren Klein,2024-04-27T01:15:00,"Update Triggers.tsx,eeacd9b8-b2c0-55f9-8020-a65a53bb6fb2
,15b87a99-7af6-524f-9fc7-e404b83042cf
Update Shanawdithit text",2c70ebc9-f09d-5517-ac9c-6db165389853
Github,Jay Varner,2024-04-27T00:46:00,Don't blur non-sensitive images.,d1de942e-1737-57c2-8a82-19337aa29c5e
Github,Jay Varner,2024-04-27T00:17:00,Fix outline on ship shape.,3957475e-e23f-53d1-88c8-dc42f85f8c24
Github,Jay Varner,2024-04-26T23:58:00,Fix broken build,f198f894-1ce2-5af9-9ce5-e8bf17f71522
Github,Jay Varner,2024-04-26T22:59:00,Update consent explainer,e93c462f-a22e-5cbd-9d4b-43d27c63a527
Github,Nicholas Yang,2024-04-26T22:32:00,Intro scrollytell (#43),cf4be89f-f2b1-5f32-b92c-bae970521326
Github,Lauren Klein,2024-04-26T22:16:00,Update Shanawdithit chapter pt 1,a421b706-1663-56fe-8fca-7b228ee18b72
Github,Lauren Klein,2024-04-26T21:15:00,"Update chapters.playfair.tsx,dba20e35-3234-5660-83c9-35bf64758682
,430f875b-eb04-51d2-a55f-13ed47944f39
Tweaking Playfair text",06d064cd-c73d-5516-8093-0e6ff1980606
Github,Lauren Klein,2024-04-26T21:07:00,"Update chapters.playfair.tsx,ea54cfc0-0f50-5176-ac41-91961d344b78
,59b11afc-a1bc-5264-8ead-3cfd2e745c92
Update Playfair chapter text",151a7e2b-ca1d-53a5-99f8-a5494d2fc0f0
Github,Lauren Klein,2024-04-26T21:07:00,"Update PlayfairScrollytell.tsx,d4a8f4cf-1f5b-5ce1-836c-d52c584ecf15
,2313e39d-5cd4-5d3e-82dd-aeb1d29f83ed
Update text in Playfair scrollytell",3960a099-d3da-5142-918f-49116137c023
Github,Lauren Klein,2024-04-26T20:30:00,Merge branch 'main' of https://github.com/EmoryDHLab/data-by-design,0ce6b48f-dcb8-5cf5-bfc9-6fff2bf8a7b2
Github,Lauren Klein,2024-04-26T20:30:00,"Update chapters.description.tsx,a527aec2-1adc-54fc-baad-c8872de58dba
,a8a7a74d-98f5-50d2-aa7d-7873111d4faa
Tweaks to Description",7892b503-f345-514b-9d40-4855adb76595
Github,Tanvi Sharma,2024-04-26T20:20:00,Update Footer.tsx,5f0b106d-0005-5b91-8f4c-66bd0bf46a68
Github,Lauren Klein,2024-04-26T20:18:00,Merge branch 'main' of https://github.com/EmoryDHLab/data-by-design,6ca9f4dc-d055-5180-8c40-a11e59422bf3
Github,Lauren Klein,2024-04-26T20:17:00,"Update chapters.description.tsx,24dbe377-4625-5504-badc-b948c9ecfb1a
,331403aa-c5b3-5980-b11d-2710c0f34faa
Updating ""Description"" chapter text",4ec5a9c7-4484-5662-a6fc-b641a79ccb96
Github,Tanvi Sharma,2024-04-26T20:01:00,Setting up intro,f6bd15c9-4a2b-5e18-b6e4-5fef2cd6ce25
Github,Jay Varner,2024-04-26T18:57:00,Remove bad file,6aef2241-ad28-5a92-93b5-0abb365052b9
Github,Jay Varner,2024-04-26T18:48:00,Rename Brooks to Description,f43bcdde-29cf-569b-9f12-223250329624
Github,Jay Varner,2024-04-26T18:20:00,Update consent and image blur,e7beea4f-99e0-5923-adcc-8fcc8d631c9f
Github,Jay Varner,2024-04-25T19:20:00,Update images,932c7d16-8f97-5454-8eb6-a9f1d848398e
Github,Jay Varner,2024-04-25T18:35:00,Small adjustments to scrollytell,3402d933-cdb7-5f2e-ae15-a4cc4a0d2d39
Github,Jay Varner,2024-04-23T20:49:00,Add missing figures,6283a68c-aa01-523a-bd7b-6ae6d15b81c2
Github,Jay Varner,2024-04-22T21:27:00,Update figure json files.,a92a7746-117e-56d0-bb50-45bcc9a002c5
Github,Tanvi Sharma,2024-04-22T20:49:00,"Adding section for takeaways.,9b7d4029-55e5-5692-b604-fb1f432ebbb1
,70f9d73e-723e-50d3-8a2a-6839a4e9a275
Should this be in the section nav",c20c20a7-bdcf-5295-a8e4-a7110213cbee
Github,Tanvi Sharma,2024-04-21T20:57:00,"Update InlineFootnote.tsx,803c8f0d-8242-53cf-81dd-d0c3afde605a
,bdebd409-6eb9-5197-86b7-5bb94613acd0
update styling",94f3e960-9fca-5a3b-9b86-46cacd917ab0
Github,Jay Varner,2024-04-20T01:40:00,Update Playfair labor scrollytell mask,e74458b7-46eb-5405-99fc-2397af5dc033
Github,Jay Varner,2024-04-20T00:00:00,Move scrollytell text to chapter,fba10ac8-e99c-5d70-a862-316c2878dde3
Github,Jay Varner,2024-04-19T23:22:00,Remove debug statement,04d0df29-16f4-5da6-a1d0-9993f55ceeac
Github,Jay Varner,2024-04-19T23:02:00,Adjust slider width,0c4c3e52-3c6b-59e7-88b5-e42aea94eb8b
Github,Jay Varner,2024-04-19T22:54:00,Add intro text to home page,06f3081d-4681-5e8e-8f72-b1d4fad08cb6
Github,Jay Varner,2024-04-19T22:31:00,Add missing file,6c3d7336-df7e-5a8b-ba71-582521cbd234
Github,Jay Varner,2024-04-19T22:29:00,Voyage scrollytell,75837c6f-625c-59a0-9218-a9767676cd20
Github,Jay Varner,2024-04-18T15:38:00,Add spacing to top of footer and bottom of footnotes,2f3ae26d-dcca-5785-a579-31345a5d1510
Github,Jay Varner,2024-04-18T03:16:00,Shrink footer logos,7421e60e-3086-59c6-90f3-cb6bc2952825
Github,Jay Varner,2024-04-18T03:05:00,Tweak to site title for reuse in footer,c6d21a2e-e010-5614-b2c7-28e9f8ba1586
Github,Jay Varner,2024-04-18T03:04:00,Footer redesign,0b256896-718c-51d6-988d-d6a5eb1ba5d7
Github,Jay Varner,2024-04-18T03:03:00,Update Playfair primary color,a176b64e-fdd1-5c47-9e3e-c07b68711dc4
Github,Jay Varner,2024-04-18T03:01:00,Add takeaways section,0185a8bf-21a5-524e-be7f-e1a9c1c493bb
Github,Jay Varner,2024-04-17T20:43:00,Recognize Lauren's design contributions.,6268282a-bf0c-5925-9b54-c2cdba79c3bd
Github,Jay Varner,2024-04-17T20:38:00,Recognize Lauren's contributions as a developer.,224940cb-2eb6-54a9-9f67-999c77bb2437
Github,Jay Varner,2024-04-17T19:10:00,Update Playfair labor data,b5547c5b-666e-5041-b7e2-6471b53dcd54
Github,Jay Varner,2024-04-17T19:10:00,Remove debug,b91e1d90-3866-5833-8516-5dbebcc6494d
Github,Jay Varner,2024-04-17T17:23:00,Remove unused files,ff0cbb1c-b719-525a-9571-1dd23c0c7379
Github,Jay Varner,2024-04-17T17:21:00,Treemap improvements,5c65bf03-2d81-5669-80a6-3feca70fcfef
Github,Jay Varner,2024-04-17T16:50:00,Add some aria labels to buttons,272d68b8-2248-50d3-bd42-1f2929cb21e4
Github,Jay Varner,2024-04-17T01:46:00,Small adjustments,6a2ffa15-0695-5be4-b00a-c811b1028f61
Github,Jay Varner,2024-04-16T21:16:00,Adjust top spacing,ff66df4a-e89f-5aa9-b3e4-f8fd2562ac80
Github,Jay Varner,2024-04-16T21:12:00,Adjust size,e461431e-44e2-57ae-8d53-8e653cbb13ae
Github,Jay Varner,2024-04-16T21:07:00,Force treemaps to be square,55e31270-1ad9-50f1-ae0c-5958c5bff979
Github,Jay Varner,2024-04-16T17:59:00,Safari fix,53dfcb8b-b625-575f-8b20-750cf292bc0f
Github,Jay Varner,2024-04-16T17:48:00,More labor treemap,8f33a483-e852-5287-b5a4-ccc39c6568ee
Github,Nicholas Yang,2024-04-14T08:41:00,Some tweaks,3bd3b321-30df-5c19-9c33-658a18110aae
Github,Nicholas Yang,2024-04-14T05:56:00,More intro impl,ea59ae74-7667-5b4d-810c-8e2ce7575575
Github,Nicholas Yang,2024-04-13T23:34:00,Intro,f8f04296-43fc-5c2d-93b4-641e93a8f002
Github,Nicholas Yang,2024-04-13T06:34:00,Fix about page background color,81fb637b-b8d2-5270-9d00-83152342f4fc
Github,Jay Varner,2024-04-13T00:44:00,Update labor,126cbe24-9d08-5c73-8407-f6db7c035016
Github,Jay Varner,2024-04-13T00:36:00,Initial treemap implementation,c023b128-4289-5a9a-b54f-c8af80e3797f
Github,Jay Varner,2024-04-08T18:22:00,Only render Navbar on client to fix hydration error.,036a3f71-b248-557c-ab29-8391cd881687
Github,Lauren Klein,2024-04-07T23:34:00,Adding Speck photos,af325738-ba8d-50f3-987f-5cf3b372f966
Github,Nicholas Yang,2024-04-07T04:43:00,Homepage tweaks (#41),980e66ae-e4af-5786-8c71-c2c4cb216d29
Github,Lauren Klein,2024-04-05T20:51:00,Adding final Shanawdithit image file,69003fa6-7c6c-5e43-848f-8986e27c7730
Github,Jay Varner,2024-04-05T20:19:00,Picture alignment,4773e24b-25e1-5c39-bdd7-0bd045b1ae22
Github,Jay Varner,2024-04-05T19:59:00,Add new icons,0efbfaf1-592a-55ed-89af-994bc869ff14
Github,Jay Varner,2024-04-05T19:57:00,Readd lock file,ae31affb-8b6f-5812-9037-1404dfb9108c
Github,Jay Varner,2024-04-05T19:54:00,Align items at top of home page,37f0d1b1-4060-59f5-b51d-7081a1b88afa
Github,Jay Varner,2024-04-05T19:39:00,Slow animations,7cc7c25e-de00-51f2-875b-c11a0d64118c
Github,Jay Varner,2024-04-05T17:43:00,Correct scrollytell in chapter nav,1a419878-560f-5c40-8bf2-324fbe468ee2
Github,Jay Varner,2024-04-04T23:32:00,Updates to modal,13db4865-baa6-5180-bd61-ded64d188bdc
Github,Jay Varner,2024-04-04T18:10:00,Update footnote button color.,92d8a1e2-031a-51b9-856c-2e084c1acdaf
Github,Jay Varner,2024-04-04T01:02:00,Updates to people labor vis,69db3910-915f-504a-8994-0a0a3ce15626
Github,Jay Varner,2024-04-03T23:08:00,Set pointer events for images.,56b4b489-018b-539c-a751-8065da3b64ea
Github,Jay Varner,2024-04-03T23:03:00,More home page work.,d3684aa3-4a8c-5400-b0ee-1506c0f23a48
Github,Jay Varner,2024-04-03T23:01:00,Remove chapter colors from chapter nav.,55986e20-2d99-5480-aa96-058385d2a002
Github,Jay Varner,2024-04-03T18:47:00,Font and stroke fixes for People vis,8e625240-3a5b-5cdb-841d-621f9e3ff2a9
Github,Jay Varner,2024-04-03T01:50:00,Some fixes for home page,38405e3c-7213-5afb-b03e-3162d856ad66
Github,Jay Varner,2024-04-02T22:17:00,Mobile home page fixes,a013e4cf-aac0-51ee-b88e-43429b970837
Github,Jay Varner,2024-04-02T21:58:00,Fix margin on mobile centered layout.,cbec6a7f-13e1-5442-8143-63822171bfd1
Github,Jay Varner,2024-04-02T02:20:00,Updates to front page/timeline,7a206b0f-33f0-539e-9240-3b3bb438b1e9
Github,Tanvi Sharma,2024-03-28T21:11:00,Adjust tracking for chapter body,8fc5998e-d44a-5b2a-a4d7-076876e1263d
Github,Tanvi Sharma,2024-03-28T21:04:00,Spacing and type tweaks,11b0bcbf-def2-567d-aa42-4bf35dd10fb1
Github,Tanvi Sharma,2024-03-28T01:35:00,Change BG color. Footnotes. Typos -- -> —.,1cfcbd47-d410-57e6-bcf3-df68281d7fb1
Github,Tanvi Sharma,2024-03-27T00:39:00,Update PullQuote.tsx,ecb5d0bf-9f40-51dd-99b7-2fa1fe011b5c
Github,Tanvi Sharma,2024-03-26T21:02:00,spacings changes,af700b15-71b4-5333-8947-1db6c399df00
Github,Jay Varner,2024-03-26T23:31:00,Balance column widths/margins,08b76e5b-0281-5169-91e3-07ea8bdaf704
Github,Jay Varner,2024-03-26T23:22:00,Remove debug statements.,f023189e-5d20-527b-8c6e-b3b81d7ba854
Github,Jay Varner,2024-03-26T23:03:00,Fix figure filename,606f3ac6-da2f-5a68-bd21-0f765c9e31e2
Github,Jay Varner,2024-03-26T23:01:00,Update figure filename,5e86ac54-a1ab-56a2-9ede-695ac0d71f64
Github,Jay Varner,2024-03-26T22:28:00,Update Playfair text.,01f270aa-3f7f-5934-ade1-9b94aa711087
Github,Tanvi Sharma,2024-03-26T20:49:00,Adding Brooks images. Tweaks to pullquote font. Tweak to image caption alignment.,3ab195b6-d84a-547c-bab0-8668cb4faf68
Github,Tanvi Sharma,2024-03-26T20:32:00,"adding images to intro, brooks scrollytell screenshots,cbe88a00-1bb8-52d9-b514-4100d6837f7b
,da7e2c30-ddbd-5e82-98db-284bb6f65e6c
from gdrive",f4797788-c1d2-5710-8021-8ea287ca2c09
Github,Jay Varner,2024-03-26T17:54:00,Update scrollytell text. Add new font CSS,993fa849-1478-58a5-90a5-7ce9334efbb4
Github,Jay Varner,2024-03-26T00:18:00,Remove debug chars,ebb76ed9-c844-58eb-a3bc-0bf317fdf73a
Github,Jay Varner,2024-03-25T23:41:00,Update font for pull quotes,01604d27-4094-537d-8285-cb798531363c
Github,Jay Varner,2024-03-25T21:16:00,Update Playfair scrollytell chart,8f9f5c7a-b2c4-5852-b86b-a66a9a9f0ee7
Github,Jay Varner,2024-03-25T21:06:00,Update image height to match partner.,8524de0f-338e-5291-8008-a270a8b42433
Github,Jay Varner,2024-03-25T20:18:00,Fix updating years on axis,8b33b509-b191-5de1-afbd-65c9576903bb
Github,Jay Varner,2024-03-23T01:05:00,Update Brooks text.,03a1b1e4-1141-5b9a-a920-6c1add565be2
Github,Jay Varner,2024-03-22T21:38:00,Add taper to voyage binds to represent the voyage's mortality rate.,c0813474-2745-5314-8890-1e896c088d2e
Github,Jay Varner,2024-03-21T21:52:00,Fix slider bug and reset initial year range.,ed430420-adfa-50f4-ab68-952e75f586c1
Github,Jay Varner,2024-03-21T21:32:00,Improve transition in voyage vis,b127f9e7-0d20-57a0-82c6-cdfa3f744810
Github,Jay Varner,2024-03-21T20:38:00,Brooks vis scrollytell.,d46561ca-be7b-57f6-828d-89d53dfdd81e
Github,Tanvi Sharma,2024-03-21T00:35:00,"Update ChapterTitle.tsx,46c53275-984c-598d-a630-faf34a48a139
,15fd34c5-fad6-5658-8471-1b31dc5b1035
Minor font and spacing changes",0fba8264-a157-5b10-a6cc-507829371ab8
Github,Tanvi Sharma,2024-03-21T00:12:00,Adding Neue Montreal to fonts,419b8617-cec7-5657-ab86-6a06bbc5ed63
Github,Jay Varner,2024-03-20T07:25:00,Increase spacing of chapter title.,4753cc68-7d43-5f78-ae25-f32f42ad5fba
Github,Jay Varner,2024-03-20T01:59:00,Add section links to chapter header,741b14aa-e3b7-5c02-835a-6728b17d4a79
Github,Jay Varner,2024-03-20T00:24:00,Update pull quotes and chapter titles.,2a0b4546-70aa-5696-82c8-4868f54e645c
Github,Jay Varner,2024-03-19T19:54:00,Update chapter section title.,b4743759-ac22-5c12-9a6d-7c7464bf91d8
Github,Jay Varner,2024-03-18T19:02:00,Add function or regenerate voyage seeds.,6f120136-5b7a-5fec-82e5-a9e39f26e41a
Github,Jay Varner,2024-03-16T01:31:00,Make voyage lines curvier,d6b1e6e0-15ed-546a-a42a-d285a80a0f15
Github,Jay Varner,2024-03-15T16:19:00,Handel deselecting grouping,f3550ace-1fbf-5c9b-9800-bcb0469456d0
Github,Jay Varner,2024-03-14T18:23:00,Mobile fixes/improvements for Brooks,ac3cb3cb-c545-5930-aca4-fd58d3a72045
Github,Jay Varner,2024-03-14T15:49:00,Mobile improvement contribution scrollytell.,55a60c6b-a895-5a3d-9a0b-9dd2c88b38b5
Github,Jay Varner,2024-03-14T00:08:00,Remove buttons from contributions scrollytell,24799c94-1b14-5b13-b5d4-89e5ab8bff8a
Github,Jay Varner,2024-03-13T19:11:00,Feeble attempts to improve people vis on mobile.,6b56349b-f33f-509f-9b0c-766272aa718d
Github,Jay Varner,2024-03-13T19:08:00,Fix Peabody footnotes on mobile.,68c85c56-a384-51c7-8f56-86c3a2592f34
Github,Jay Varner,2024-03-13T18:37:00,Fix Peabody for mobile.,6f5be4b1-72af-5f79-b77f-88c13529c9f3
Github,Jay Varner,2024-03-13T16:29:00,Use D3 to position names.,b1e23046-8ce4-5e13-8df0-4121b3e7a1d5
Github,Jay Varner,2024-03-13T15:55:00,Remove shadow if no action.,e35283fa-c5e2-5933-942f-477deba4b568
Github,Jay Varner,2024-03-12T21:22:00,Improve mouse over.,3ec9e396-c594-5b72-907f-4764e19013a8
Github,Jay Varner,2024-03-12T19:43:00,Rework people vis.,7db5fadc-9ba6-5f09-bd92-1bd08539e00b
Github,Jay Varner,2024-03-08T18:58:00,Organize and clean up.,8ef6fbe4-4a05-521e-93ef-9d8cbb4159ba
Github,Jay Varner,2024-03-08T03:15:00,Add SVG map for Du Bois,5ad9de18-2b91-5ca9-be29-a6c3ab98c2e6
Github,Jay Varner,2024-03-07T21:21:00,Early progress on people across versions labor vis,90bf55a5-9fd0-561f-95f5-ad3ef93674a0
Github,Jay Varner,2024-03-06T07:25:00,Tidy up stack and comb charts.,d60012fa-1070-5ceb-8323-40cb1a2a501d
Github,Jay Varner,2024-03-05T03:45:00,Improve clarity of Playfair contributions scorllytell,ef7ae8d8-e76a-5e3f-8b17-5490fd4e4955
Github,Jay Varner,2024-03-04T23:25:00,Add initial row to contribution data and label Y axis.,3c03c04b-59f8-5614-a240-9f8c02587751
Github,Jay Varner,2024-03-04T22:29:00,Add dropshadow to buttons.,8263c715-cdbf-51f6-9508-0481aa304601
Github,Jay Varner,2024-03-04T19:57:00,Fix stacked chart,5feedf4f-ba79-56ba-91d5-273e91edb416
Github,Jay Varner,2024-03-01T23:02:00,Fix linting errors.,ea4cc06e-37af-5850-bac1-46c4c6ba419f
Github,Jay Varner,2024-03-01T22:55:00,Move declarations of visualizations and figures for chapter context to prevent excessive re-renders,c6b1a5ad-7a92-5414-84c5-f6bfdf19eb51
Github,Jay Varner,2024-03-01T20:21:00,More chapter nav improvements and add missing Peabody vis to nav.,4bf65927-4b88-5b94-9d2c-a2f8cad6751f
Github,Jay Varner,2024-03-01T19:02:00,Adjust first Playfair scrollytell.,beb97b75-b847-569b-8737-0843571ff89d
Github,Jay Varner,2024-03-01T00:44:00,Add border to chart.,bec7c0b8-6773-5d4d-bcd6-8cb46dc5f2fc
Github,Jay Varner,2024-02-29T23:19:00,Fix Playfair interactive.,8b8a8537-0bb3-5eda-a388-d6dead1128d7
Github,Jay Varner,2024-02-29T21:17:00,First pass at second Playfair scrollytell.,d9921154-6c9b-54ab-9ea2-451fb9e0c42d
Github,Jay Varner,2024-02-29T07:41:00,Adjust top spacing on chapter nav icons,ce3196a5-6dd0-5f22-ab33-e5807f01ceec
Github,Jay Varner,2024-02-29T01:53:00,Force blur on button when mouse leaves.,e7bccb67-49da-571c-9029-a98d14ba477f
Github,Jay Varner,2024-02-29T01:04:00,Clean up CSV,b09dbfdd-bc1c-5a33-ab1f-89ee1405f96c
Github,Jay Varner,2024-02-28T23:07:00,Improve chapter nav,c1bc97f1-d5b3-5d2a-bbfe-574ae5f954ab
Github,Jay Varner,2024-02-28T20:55:00,Remove width from section title.,ed66897f-2a9a-596d-8047-9af2919b85e9
Github,Jay Varner,2024-02-28T20:51:00,Add fill-black to Tailwind config,1482a26d-efc9-5754-8ee1-33d213e5d56f
Github,Jay Varner,2024-02-28T20:47:00,Update button styling/state,c1316f2b-f4a1-5bc1-8ee4-5154ec4d9265
Github,Jay Varner,2024-02-28T20:35:00,Fix section titles,bad05e1c-b7e2-5172-bf34-1038f35d88f5
Github,Jay Varner,2024-02-28T18:16:00,Smooth out transitions,2f34ca6a-6ff2-5173-aac9-070ab5e912ab
Github,Jay Varner,2024-02-28T17:35:00,Improve grid spacing,d73304cf-f8fe-5aad-afbd-3e99829604b2
Github,Jay Varner,2024-02-28T02:52:00,Add keyboard events to Playfair vis,3fb9094c-a905-5f96-b787-7e3bac6cc2bc
Github,Jay Varner,2024-02-28T02:38:00,Remove package lock,627d57fb-1a92-5738-bf7b-8d9bfb5a2f33
Github,Jay Varner,2024-02-28T01:56:00,Update TS,1dd3616c-5fbb-5699-9079-3cb1cee285dc
Github,Jay Varner,2024-02-28T01:05:00,Up font size,062a9950-8134-5263-8ca5-c0e1374d1584
Github,Jay Varner,2024-02-28T01:01:00,First pass at Playfair interaction.,f5cc41c1-a9d9-50f5-9e55-5cb9d544a5fd
Github,Jay Varner,2024-02-05T18:07:00,Preserve selected image when toggling between shuffle and sort on home page.,e9bd7c5e-91f5-5ef9-89eb-f13e0304a663
Github,Jay Varner,2024-01-18T00:10:00,Enable Hypothesis,c42928f3-62cd-5541-9f72-9b86dfb14ca6
Github,Jay Varner,2024-01-18T00:10:00,Add Du Bois primary bg color,10d5044b-f79f-55b6-9e85-fa8ada5e932e
Github,Tanvi Sharma,2024-01-17T23:42:00,"design tweaks,4f9a05cd-ff96-5c81-95e9-e4934254424e
,3ef0b498-0675-5381-90a7-e9060490f75b
- body font size changes,8d711dfa-2e08-5a4d-93f3-d15ef4162fa6
- add padding to top of chapters,25eab124-32be-55ea-a755-aed7102cbea6
- add margin to chapter grid for 3xl super wide displays,135ae63b-b5b9-582e-8f5d-8d16edd85ad2
- make centered layout skinny-er",6eb75e9b-24c8-569c-a2d7-f42f9f54ef54
Github,Jay Varner,2024-01-17T00:22:00,Roll back,64ea889b-c48a-5806-b496-cfe6ab3abc03
Github,Jay Varner,2024-01-17T00:16:00,Test genius,dae2ebf7-c0b7-5726-9b14-c6749c5e9389
Github,Jay Varner,2024-01-16T20:12:00,Center sketch in scrollytell,bfd32e2a-44be-557c-863d-398e6b46543b
Github,Jay Varner,2024-01-03T00:50:00,Force with of main element.,69e359ee-4ce7-562b-a1fb-f087f391462a
Github,Tanvi Sharma,2024-01-02T22:34:00,"Dubois tweaks,c8215d93-c33a-57cf-b789-6da475ae9a33
,80401ca5-480b-55b9-87a9-f8952476d5c6
- Fix accessibility on Slideshow (black text red background) on mobile,574dd3a6-9607-599c-88c2-fe6d43e3db7d
- add max height to image",eff66911-c47a-5256-89df-66b702e16ca9
Github,Jay Varner,2023-12-21T22:50:00,Add main tag to about page,ab9ff664-3d12-59ae-b3b1-9eea02946d72
Github,Jay Varner,2023-12-21T22:38:00,Change timeline heading element,0be76d69-b881-5245-acac-482863a4adc0
Github,Jay Varner,2023-12-21T22:28:00,More accessibility improvements,3a42834a-41fa-56f1-b7fb-7b458de7b79f
Github,Jay Varner,2023-12-21T20:46:00,Add main element to index,fdf4895f-c09e-59a4-acb0-6acfdccc2d4d
Github,Jay Varner,2023-12-21T20:23:00,One more tweak to chapter nav,f1de3bd0-681d-50fa-ad17-7a84b840aa7e
Github,Jay Varner,2023-12-21T04:32:00,Small fixes to chapter nav,36c079f5-bf14-5ed9-b28d-eeb59c2803a7
Github,Jay Varner,2023-12-20T22:08:00,Remove debug statement,aec645dd-c3fe-5688-b328-8a219f2e349b
Github,Jay Varner,2023-12-20T21:43:00,Accessibility improvements,f2d9983b-eac2-5c8f-8e4d-89281c626bc3
Github,Jay Varner,2023-11-09T22:49:00,Performance improvement,3868d4e7-3c10-5af8-9491-4d651b254f9e
Github,Jay Varner,2023-11-09T22:41:00,Fix loading to specific section,53c64bc3-02ca-529f-ae22-67ff7b617588
Github,Jay Varner,2023-11-09T22:30:00,Remove scrollytell debug,0323d7cc-35e1-54cd-831a-988fe685439f
Github,Jay Varner,2023-11-09T22:04:00,"Add offset to chapter nav, remove debug statement",8c92c1d2-4e73-5f7d-848b-b2f8aa5dc306
Github,Jay Varner,2023-11-09T18:41:00,Add footnote list to Shanawdithit,3518a2bc-24a0-59a6-9f8b-5de617f3dadf
Github,Jay Varner,2023-11-09T00:14:00,Remove debug statement,58feee66-5e95-5227-a0d9-b7a8943e95d4
Github,Jay Varner,2023-11-09T00:15:00,"Merge pull request #35 from EmoryDHLab/dependabot/npm_and_yarn/postcss-8.4.31,79d1c1f9-96b8-5a5d-b657-5aaabc482be8
,d95260fc-86df-5fb4-9302-780de24c3470
Bump postcss from 8.4.27 to 8.4.31",b2f6b19e-ee1d-5081-9e61-2565b12093f0
Github,Jay Varner,2023-11-09T00:13:00,"Merge pull request #34 from EmoryDHLab/dependabot/npm_and_yarn/babel/traverse-7.23.2,3a5794fc-dbb6-53e1-a3b8-d62241d4da19
,576260e0-131e-512c-af76-71f78718269d
Bump @babel/traverse from 7.22.10 to 7.23.2",eb624c24-7389-54f5-89f4-c6db41ca089d
Github,Jay Varner,2023-11-09T00:10:00,Add chapter nav to Shanawdithit,bd13c676-5904-5e96-a4ba-f80b278320d7
Github,Jay Varner,2023-11-08T23:03:00,Add chapter nav to Du Bois,241f9a5b-b93d-50e0-8903-a4e62930efd3
Github,Jay Varner,2023-11-08T19:52:00,Restore mobile slideshow,54c8f5f2-0c6c-578a-a066-b36e56360548
Github,Jay Varner,2023-11-08T19:34:00,Clean up,c672e94a-926f-576a-abb2-812fbedf13c6
Github,Jay Varner,2023-11-08T18:01:00,Scrollytell fixes,01db66fe-3d0b-5510-a20e-516c8f650f37
Github,Jay Varner,2023-11-08T18:01:00,Add chapter nav to Peabody,2784a635-2d46-5a44-9948-271bfbde02bb
Github,Jay Varner,2023-11-07T17:59:00,Adjust offsets to account for chapter nav,35e941e2-a8ec-5687-9476-7ce20cef7f5b
Github,Jay Varner,2023-11-06T22:19:00,Make voyage paths more uniform,01d59e4c-3b10-598b-a866-bd37f03cfd83
Github,Jay Varner,2023-11-01T21:40:00,Add scroll to hash component,66ca522a-a3a6-5abc-b149-419e9e14399a
Github,Jay Varner,2023-11-01T21:36:00,Refine chapter nav and to Brooks,f6057094-48da-5de1-8488-17485ffa0589
Github,Jay Varner,2023-11-01T17:06:00,Replace window size hook,9ce6fc23-6c1d-593c-9b69-54a6f8964911
Github,Jay Varner,2023-11-01T16:48:00,Remove use of docHeightState,bd573670-f889-51a1-9450-7b583882440c
Github,Jay Varner,2023-10-31T19:29:00,Integration of chapter nav,1cb39ea4-10e5-5861-89e8-92761d156bb6
Github,Jay Varner,2023-10-31T17:36:00,Get most recent versions on chapter nav and body components,aa4fa837-82e8-5c1d-bd34-033f32527091
Github,Jay Varner,2023-10-31T17:14:00,Add chapter nav and body components,f1a64dcf-fc94-5f76-b7c8-ea554d997b7b
Github,Jay Varner,2023-10-31T02:22:00,Fix type warning,30fbd4dd-4c72-5a12-9c17-8cdb5726d839
Github,Jay Varner,2023-10-31T02:21:00,Lower opacity for people excluded by filter,24abd261-3643-5f00-951b-d76fd58441f2
Github,Jay Varner,2023-10-31T02:01:00,First take on People Across Versions vis,1bec0033-a01a-5daf-8759-b4221fd85875
Github,Jay Varner,2023-10-26T19:53:00,Add Willard map scrollytell,d09ff0b6-2be5-59e7-a50e-ea6f26cdb85a
Github,Jay Varner,2023-10-26T17:16:00,Update scrollytell text,d0054342-6016-53ef-a89a-3a7cb2e3f78d
Github,Jay Varner,2023-10-26T16:38:00,Updates to maps scrollytell,77be2edc-5719-5a38-93cc-9958810bf8c9
Github,Jay Varner,2023-10-24T16:58:00,Increase width and use black stroke for voyage viz,1ee0b175-9470-5aa4-9a20-2c243a38dbca
Github,Jay Varner,2023-10-24T16:39:00,Fix home page selected images,b3524cc3-a5fe-5bb7-ad92-1a735bdf45be
Github,Tanvi Sharma,2023-10-22T06:24:00,Minot text changes,f0d46443-0b7d-58ac-900b-b6908d1eb918
Github,Tanvi Sharma,2023-10-22T06:07:00,"Update chapters.dubois.tsx,e50af2e0-8990-5ebb-aa88-93756efe7101
,08e2108f-fccc-56f7-855a-ae357c2bf31c
changing """" to (“...”)",bda1ee58-5b8c-55c2-bd14-92147011c5f5
Github,Jay Varner,2023-10-20T19:46:00,Rework timeline image management,1b887a1e-3225-5fbf-afd3-d07e9ac0f2f2
Github,Jay Varner,2023-10-20T00:27:00,reduce image size,06281052-15d2-58ec-b5d8-03e348085b48
Github,Jay Varner,2023-10-19T21:42:00,Remove debug,33217110-ca6e-5064-b254-adf537186bc3
Github,Jay Varner,2023-10-19T21:37:00,Thinner stroke,ce0fddcb-871e-5c66-88bb-ce5226770a15
Github,Jay Varner,2023-10-19T21:35:00,Sketch Scrollytell,b1a8e08e-8ab5-5bc4-9047-2eea10c7e960
Github,Jay Varner,2023-10-19T20:09:00,Minor improvements to DuBois Chart 3,b1e70a6e-fa17-5174-83a2-5b6c1d13eff0
Github,Jay Varner,2023-10-19T17:30:00,Add Shanawdithit for real,8a69800d-ee36-579f-b025-9bcbe83d6911
Github,Jay Varner,2023-10-19T17:28:00,Add some images to Shanawdithit chapter,989dde6a-7c65-5547-ac50-141c91a5f823
Github,Jay Varner,2023-10-19T01:30:00,Fix unclosed tag,520742e9-aafd-5b2d-9382-dfe6a48d1a70
Github,Jay Varner,2023-10-19T01:21:00,Fix initial viewport,99a225f8-09e7-5bb8-9335-bf43fdf58955
Github,Lauren Klein,2023-10-17T19:17:00,Adding dir for prototypes,bfc6a6d1-cd5e-5174-b4fd-978db1cf2ebd
Github,Tanvi Sharma,2023-09-14T21:12:00,Update chapters.shanawdithit.tsx,155b9e22-b17f-541d-a41e-7f04556f86f6
Github,Jay Varner,2023-10-05T20:56:00,Small fix for Playfair scrollytell,6d0c0a96-6116-5f87-a46a-7e93f5906a9f
Github,Jay Varner,2023-10-04T21:08:00,Rework home page timeline images to use central data.,9c58f329-188f-589a-815c-c4ce8ccff2cc
Github,Jay Varner,2023-10-04T21:07:00,More type rename,79b35bb8-75fe-57dd-b313-b5f0b68ed9a2
Github,Jay Varner,2023-10-04T21:06:00,Rename type for figures,63f57ad4-6e34-5756-9c09-121d5bbdbe58
Github,Jay Varner,2023-10-04T21:04:00,Fix conflicting keys,4c62dfc2-0e43-5575-ac33-2b3953483710
Github,Jay Varner,2023-10-04T21:01:00,Fix image file names,28f88773-48a8-547c-afd7-ff6f841428e8
Github,Lauren Klein,2023-10-03T19:47:00,Adding first round of final images for Shanawdithit chapter,79f17065-162c-5b15-abf4-02ea688ddeed
Github,Jay Varner,2023-10-02T19:26:00,Update student chart copy,edcc150c-b728-5571-950f-56b775c6d306
Github,Jay Varner,2023-10-02T18:48:00,Use and underline response selections,f6d9262e-3fd3-5114-8a58-08a851b65cdc
Github,Jay Varner,2023-09-15T16:03:00,Center original chart,2dd037b1-5ca0-5b50-bc95-63f5404693b5
Github,Jay Varner,2023-09-14T21:03:00,Rework Du Bois Student Charts,e961ddd7-c43c-535a-b891-d997d7a57b2f
Github,Jay Varner,2023-09-08T20:17:00,Fix edge cases,40f47627-7b64-5bd6-b52a-5ffd2e508be8
Github,Jay Varner,2023-09-08T18:40:00,Fixes for Firefox,71903411-010b-5230-9a4f-bf17b195f9cb
Github,Jay Varner,2023-09-08T17:08:00,Changes to chart 3,f29f5f95-7cfa-5bcc-9e57-7843037f82e4
Github,Jay Varner,2023-09-08T17:07:00,Markup for reading mode,bedf53d5-b351-5f83-8e7d-e42a2474b0cb
Github,Jay Varner,2023-09-01T17:40:00,Add missing metadata,116b985c-eced-5e94-8318-5a59dd764547
Github,Jay Varner,2023-09-01T01:43:00,Remove debugging messages,c40b730d-67b3-5e0f-bc68-2a3939bded8c
Github,Jay Varner,2023-09-01T01:38:00,Safari...,83e2db2a-bb77-5891-aa42-0eeca96491bb
Github,Jay Varner,2023-09-01T01:28:00,more,7a30d950-c543-5feb-854d-b6e507a8b3dd
Github,Jay Varner,2023-09-01T01:21:00,Safari....,2c042393-5680-59b9-99d7-a8ffc6bc6268
Github,Jay Varner,2023-09-01T01:18:00,Safari debugging,4248c37e-a106-5f43-8d8b-b19a113910d2
Github,Jay Varner,2023-09-01T01:14:00,Safari,54fb9911-64d7-5532-abea-c93e8bf7f1f9
Github,Jay Varner,2023-09-01T01:05:00,Debugging Safari,bfed3101-7f12-5dcc-bc04-bc81a437810b
Github,Jay Varner,2023-09-01T00:56:00,Blind attempt to resolve Safari IntersectionObserver error,bf0c27b3-2554-56cb-8a95-8c298601a8ad
Github,Jay Varner,2023-08-31T23:05:00,Add red,4d7ce8d5-1149-5a1f-93c0-ccfda7a59f57
Github,Jay Varner,2023-08-31T22:46:00,Fix opacity,5f40ca48-f150-501d-ac44-60ee718294e8
Github,Jay Varner,2023-08-31T22:43:00,Update image for real,94c5a22d-eb77-5389-bfc1-f356ea991c17
Github,Jay Varner,2023-08-31T22:39:00,Update all voyage image,4617619b-51fa-5f63-a182-562e644e7d8d
Github,Jay Varner,2023-08-31T22:09:00,Fix meta hostname,d686a19a-3c77-5874-b06c-f56102aa4ad4
Github,Jay Varner,2023-08-31T22:06:00,New colors,501209ac-65ea-53e5-9428-62cadd4abc1f
Github,Jay Varner,2023-08-31T21:13:00,Fix width,d936960a-eff4-5fe5-9063-e9f71f612866
Github,Jay Varner,2023-08-31T21:13:00,Update doc viewer and small chart changes,1df84877-11fc-54e9-b521-cf2283326e2b
Github,Jay Varner,2023-08-31T21:12:00,Update remix,54fbbf25-ee41-5f48-bbb3-83955658b20a
Github,Jay Varner,2023-08-31T06:40:00,Fix centering,3bf8a0ed-bff9-5065-a4e4-1e8ae501f97d
Github,Jay Varner,2023-08-30T23:00:00,Make student charts smaller,75c969c2-ef7e-514b-a173-da5076cef957
Github,Jay Varner,2023-08-30T16:38:00,Muted colors,141971a0-c715-5bea-9575-77f2d5c3a482
Github,Jay Varner,2023-08-29T20:15:00,Attempts to improve mobile,2516c0f5-74d5-589a-bea1-cd95bfa8d20a
Github,Jay Varner,2023-08-29T19:00:00,Adjust widths,e962acbb-9bd7-5b25-81d9-3cd8a93c2ea3
Github,Jay Varner,2023-08-29T17:53:00,Rework voyage visualizations,2142d260-1e1d-5c60-b1f4-283034fc58e1
Github,Jay Varner,2023-08-28T19:52:00,More voyage visualizations,ddc71624-e10f-5dea-a69a-3ab864e0ebee
Github,Jay Varner,2023-08-22T01:07:00,Initial work on Du Bois Student Chart 3,70840489-5c7d-57c0-a088-e8166fcd73e6
Github,Jay Varner,2023-08-15T18:15:00,Fixes to pull quote and footnote override,fd656caf-480a-5fa2-8f68-681ec2a16eed
Github,Jay Varner,2023-08-14T19:50:00,Yet more house cleaning,cd24bff9-1f0b-5bf7-ac17-959ee6453ea5
Github,Jay Varner,2023-08-10T22:07:00,A whole bunch of clean up,48437f93-5c6b-5ab9-866d-7d57f0d01e8b
Github,Jay Varner,2023-08-09T03:42:00,Finish clean up of Brooks code,a5c1ed0a-6801-5e73-9f5c-f785a4ce3e00
Github,Jay Varner,2023-08-09T01:20:00,Add type interface,78415b8a-2b38-5e81-8652-d7855e3d9bb3
Github,Jay Varner,2023-08-09T01:18:00,Add type for voyage,53f59485-1bdc-55d5-803d-5ccecafd45cf
Github,Jay Varner,2023-08-08T22:52:00,Code clean up,b9a1bb6c-e47b-59e8-88fc-02254b999857
Github,Jay Varner,2023-08-07T22:44:00,Fixes to Clarkson scrollytell layout,0a881f92-3964-59c0-916f-476820b39fb8
Github,Jay Varner,2023-08-07T19:36:00,Fix spacing on section titles,a83029b5-a6d8-5096-a188-239ce83c81c9
Github,Jay Varner,2023-08-07T19:36:00,Interaction improvements,9ef9003c-a297-5af0-a2c6-835ee46a175d
Github,Jay Varner,2023-08-07T19:34:00,Add focus to toggle,631d76e2-2f74-5658-a511-fb123a8e6012
Github,Jay Varner,2023-08-07T19:33:00,Layout improvements,ca126481-6f4d-546a-9130-4968dd4ef7f7
Github,Jay Varner,2023-08-04T21:47:00,Add keyboard access to voyage year range slider,e53b2d30-86b6-5efa-99c6-f84f0888405f
Github,Jay Varner,2023-08-03T23:24:00,Adjustable year ranges for viewable voyages,6a060df0-93f7-5e3d-9cea-447026360d50
Github,Jay Varner,2023-08-01T22:30:00,Initial work on final Brooks visualization,dad52cce-b083-55f3-820e-68d006aa7286
Github,Jay Varner,2023-07-27T21:54:00,Rework of Clarkson scrollytell,d7d69eeb-e140-52d5-8e71-b26032d3f353
Github,Jay Varner,2023-07-26T00:01:00,Clarkson scrollytell,500ef036-c042-5191-ba6f-1654dfc02771
Github,Jay Varner,2023-07-25T23:55:00,Remove console statement,bdc372a4-7d54-54fb-b7b0-83e5ecda8efb
Github,Jay Varner,2023-07-24T17:41:00,Redraw based on window resize.,8ae34a07-ea79-5b18-b2fd-560e35aab932
Github,Jay Varner,2023-07-24T17:39:00,Add margin to top of footer,5b827106-5c44-5cfc-84a3-3b56bcd183fa
Github,Jay Varner,2023-07-21T18:50:00,Small fix for section titles.,e2b7a6b8-54f3-5b0f-9103-9e10d016d26c
Github,Jay Varner,2023-07-21T18:47:00,(Mobile) layout fixes for Du Bois,4a16d07d-42de-55ee-82bb-da6fd7a7ad65
Github,Jay Varner,2023-07-19T21:57:00,Du Bois layout adjustments,37903cf8-57db-59df-a367-219230ac771c
Github,Jay Varner,2023-07-19T19:08:00,Du Bois slideshow,24b02940-d265-5aed-8561-b8c4c58a6290
Github,Jay Varner,2023-07-19T19:06:00,Update figure data,83419491-27d1-5b76-9953-4b0ad5c95214
Github,Jay Varner,2023-07-14T20:53:00,Mobile Peabody Quiz,75bc5d34-0c44-5bfc-afeb-46daeed3d39f
Github,Jay Varner,2023-07-06T19:30:00,More responsive fixes for the slideshow,faff1648-0355-5b08-8467-b37497bf32d3
Github,Jay Varner,2023-07-05T20:25:00,Use existing figures for slideshow,47aceb19-0c31-5500-a0d6-77b66572eb3a
Github,Jay Varner,2023-07-05T20:07:00,Update figure json files,a169896b-3905-5915-bfe2-57825172dcbb
Github,Jay Varner,2023-07-05T18:34:00,Responsive improvements for slideshow,726fe312-18a3-52f5-a91a-46ed2f2dcd21
Github,Tanvi Sharma,2023-06-23T21:01:00,"adding slideshow to dubois,2f4ed352-7a9b-520f-8dc4-dd1fd8201634
,3f25ff09-5911-53b2-bac9-b6648e0fa4b4
incomplete, waiting for margy to update spreadsheet",b304a76d-3fed-555a-907c-bb464280d6ff
Github,Tanvi Sharma,2023-06-23T20:10:00,Update peabody.tsx,4115d49a-4567-5d1a-bd6b-88119fee6b89
Github,Tanvi Sharma,2023-06-23T20:09:00,"Update peabody.tsx,b7a16bec-b36f-5493-97c3-d68ae41d5e25
,9a23fda5-d347-5e85-aa61-878e28531c79
Fix Drop cap on Peabody",03db6013-4065-5caa-a8ef-c5babc8fc516
Github,Jay Varner,2023-06-23T20:03:00,Make Du Bois figures file readable,cb10969a-cb54-5b62-8baa-946c03548b59
Github,Jay Varner,2023-06-23T19:47:00,Clean up empty Shanawdithit,a19533ab-d0ea-59f5-9452-070cd00ca1f0
Github,Lauren Klein,2023-06-14T23:16:00,Tweaks to credits page,a00930d4-7ef6-56ff-997e-2e6a20f6ebe5
Github,Jay Varner,2023-06-09T21:39:00,Brooks mobile improvements,c73ed79e-c11d-5dc9-8ef2-f2cedfaa2d0d
Github,Jay Varner,2023-06-09T21:39:00,Peabody mobile improvements,d9f9ee44-3bd7-5458-9fe4-1297cba3e095
Github,Jay Varner,2023-06-09T21:37:00,Updates to figure component and usage,835b9844-203f-5d63-934c-09c861f5fccd
Github,Jay Varner,2023-06-09T21:31:00,Individual files for chapter images,85019f11-48c7-5adf-9b62-e7e8f968f992
Github,Jay Varner,2023-06-09T21:25:00,Mobile improvements,3bf79c13-ee79-5146-b908-a9b3de8bb7d3
Github,Jay Varner,2023-06-09T20:55:00,jpeg and webp versions of all images. Remove none Du Bois png files.,9f702e49-9e6a-50bc-8faa-5dc9aad12a5d
Github,Tanvi Sharma,2023-06-08T19:17:00,Update favicon.ico,89644985-7c86-53a0-9981-a1885aa34375
Github,Jay Varner,2023-06-06T23:50:00,Hide timeline on mobile,65767fa4-b0f7-507c-a5e8-9eb2294ec64e
Github,Jay Varner,2023-06-06T21:55:00,LED chart improvements,d2a6c066-06e0-5289-b379-3924758c88cb
Github,Jay Varner,2023-06-06T20:10:00,Fix hydration error,801eb03c-73f2-5049-8785-b19b609b9db7
Github,Jay Varner,2023-06-06T18:52:00,Center chapter section titles,3c9fca1b-12cb-5182-a90d-f3b194fda5fb
Github,Jay Varner,2023-06-06T18:33:00,Layout fix,50e8d6cc-37d7-5913-8e48-a52b76ad94ab
Github,Jay Varner,2023-06-03T01:20:00,Add missing Playfair image,7c01ffdc-d900-5a56-b075-4f0709c6751b
Github,Jay Varner,2023-06-03T01:16:00,Fix Playfair images,43571976-b70c-5534-bcaf-c5be09497879
Github,Jay Varner,2023-06-03T00:45:00,Small fixes for Safari,2ac72a7a-64ab-562b-8fa9-8dc7c8a8efc3
Github,Jay Varner,2023-06-02T21:35:00,Changes to Brooks scrollytell,b8f88b1e-87cf-57ed-b4a7-b9f8a7d39fec
Github,Jay Varner,2023-05-30T22:25:00,Changes to Brooks scrollytell,2f16f4d3-58bf-592a-a07b-072fffabb5fc
Github,Jay Varner,2023-05-19T20:38:00,Improved chapter nav,61aea9aa-2036-5a9c-a994-ab4606e3e7cc
Github,Jay Varner,2023-05-19T20:38:00,Add a11y eslint plugin,8736845b-616c-5d44-bcf7-838680ae013a
Github,Jay Varner,2023-05-19T20:37:00,Clean up,307f75e5-6e5c-52cf-8ad7-36cdbbf11209
Github,Jay Varner,2023-05-19T19:37:00,Don't use index as key,a7fca9df-cd4b-5410-b6ce-4d0ee9923175
Github,Jay Varner,2023-05-19T17:29:00,Add label to toggle switch,ca8c8e51-6cd0-5ce7-ae5c-a639647679d3
Github,Jay Varner,2023-05-19T00:46:00,Add hover highlights to Clarkson Plan +  consent and modal improvements.,2c33dfa3-1a1b-5ef9-bfe0-e5c5a7c96d61
Github,Jay Varner,2023-05-18T00:50:00,Remove nausea inducing rotate,ec5b3d7c-9ed7-561e-a13f-93435d5ee675
Github,Jay Varner,2023-05-17T23:25:00,Minor fix,0e8702d1-7809-52c7-be11-9032fed0432e
Github,Jay Varner,2023-05-17T23:21:00,Changes to Brooks scrollytell,ab189857-44be-5080-85a3-fe8b885f2632
Github,Jay Varner,2023-05-16T23:20:00,Updates to Peabody Quiz,fdd6bd51-66c3-5c92-9126-7941a6869439
Github,Tanvi Sharma,2023-05-15T17:30:00,minor changes,1bff4723-6b95-5815-a90e-64defe07aa3a
Github,Jay Varner,2023-05-15T16:09:00,No margin when in column,b9e599c7-cd28-592d-8642-691c0a37fc1f
Github,Tanvi Sharma,2023-05-14T19:58:00,minor changes,eb65f5f4-b4a6-5ef6-8e44-781d144ebec0
Github,Jay Varner,2023-05-12T22:45:00,Add types for figures,2ac8f493-5f36-5e6f-acb7-10ae5a9d74cb
Github,Jay Varner,2023-05-12T22:43:00,First pass at consent for sensitive images,9a6efa1e-92ad-56c9-8908-6e7052e6a96f
Github,Jay Varner,2023-05-05T16:23:00,Fix always scrolling to quiz,c7035832-7126-5965-958a-6c2166b623f1
Github,Jay Varner,2023-05-05T00:50:00,Tweaks to Peabody Quiz based on feedback,63811d0c-f797-58d9-bfaa-e047cf7fe21b
Github,Jay Varner,2023-05-03T23:57:00,Reworked Peabody Quiz,d4e860da-1c5f-5889-b005-586c06c3c2fa
Github,Tanvi Sharma,2023-05-01T23:59:00,"Update playfair.tsx,28a51592-d799-5685-bc48-8a423aa5d195
,1141c7b4-a0f5-5106-adf8-b4164096f441
adding <q> tags",55ab99bb-39a7-5e98-86f2-0b63a619447e
Github,Tanvi Sharma,2023-05-01T23:23:00,adding quotes,70262c01-8603-579c-b3f7-74c5dd01645f
Github,Tanvi Sharma,2023-05-01T18:05:00,text edits,a59bd473-541f-5680-810f-c3aba668b665
Github,Jay Varner,2023-04-27T01:38:00,Add missing image file,08d6b2bc-0489-5cc8-b570-9a4a0a0b7c28
Github,Jay Varner,2023-04-27T00:17:00,Fix image source.,d29b5ddc-5967-5e82-9fb9-6a4bc83f4bbe
Github,Tanvi Sharma,2023-04-26T05:10:00,"Update about.tsx,9e5836ab-c9c9-5b06-a243-e808fc1bb8c8
,8b9cf1ac-4e04-559a-b403-0e0bcbb90226
type",c156013d-588e-5565-957b-80dc405a078f
Github,Tanvi Sharma,2023-04-26T04:21:00,type adjustments,60ba7ac6-fdcb-5bc8-be23-3a853024bea5
Github,Nicholas Yang,2023-04-26T03:36:00,Added linking to chapter sections,7eac8178-b0e4-5770-8a33-f7192e02592a
Github,Jay Varner,2023-04-10T22:00:00,Fix scrollytell bug,1fc4d1f0-7a5b-5f92-b5ae-3141e5a1af07
Github,Jay Varner,2023-04-10T20:01:00,Peabody LED Chart viz,ac566871-d77e-50f2-b3c3-b3f541300aae
Github,Tanvi Sharma,2023-04-10T18:49:00,"fixing left padding on drop cap,7ab44770-8441-5587-a064-6b7b9dce69d9
,7e04b95c-e6bd-515a-9fb6-772bb74f147c
i want the padding for first-paragraph to be 0rem 0.5rem .5rem 0rem,ef1c0681-1b8e-5316-aee6-0e742713b180
,460353ef-ba2c-5fa1-96f1-d2579bc4f600
but it didnt quite work",2b74b497-b732-51ff-954e-b79d61c9db12
Github,Tanvi Sharma,2023-04-10T18:43:00,"fixing left padding on drop cap,b19695c4-8e25-596b-a67e-34e5db7c901d
,701da625-696a-54b3-98b2-158ef722a83f
-",b9e926ba-5a54-57fc-8194-b3a32f4612e8
Github,Tanvi Sharma,2023-04-10T18:36:00,mobile padding adjustments,9f450c3e-4ef9-5f51-a3a8-54261bf63e87
Github,Nicholas Yang,2023-04-09T07:13:00,"Homepage Changes (#32),af1b9bbb-c86a-50a8-84bb-1d4c1c323bca
,324d8720-8525-5ac5-a067-77b4ec45c681
This is not the full set of changes, but it's a little bit of,04802af5-8c05-5764-a2d4-a0c62dc5054a
refactoring and style changes towards the new homepage design.",ffdc505b-efbe-5a38-8539-2c6876a33836
Github,Jay Varner,2023-04-03T18:50:00,Potential figure management,f7312c12-02f4-53dc-a6dd-e18f5577636d
Github,Tanvi Sharma,2023-03-26T19:21:00,"Adding Intro, editing about.,fc866fe4-7310-58a6-bb0b-cce74f5f9f31
,8bf493df-a7f1-5c45-8763-d4411b8c9682
-",2158140e-4002-51f5-91b8-3782885e182f
Github,Jay Varner,2023-03-23T23:40:00,New Peabody Quiz,1ae87450-c271-5012-afcd-1181e1b412e6
Github,Tanvi Sharma,2023-03-22T20:42:00,"Fixing DuBois Hover,,3ea1d4a0-ed05-5b1f-9235-135b77bce2f6
,f25430b6-2d02-593a-a97e-351a3958c1f3
 should try to find a fix for changing caption automagically.",3d908457-7e57-54da-b8da-88092e55ea86
Github,Tanvi Sharma,2023-03-22T20:13:00,minor spacing fixes,b92bbb92-c96a-50da-bc07-6b8c6f819636
Github,Tanvi Sharma,2023-03-22T19:58:00,"updating about page,a57fa714-7d2f-54e9-a639-afb689053414
,3b2d40b5-a2a8-52c0-b26b-a8fa1b1ba57d
TO DO - styling, links",b24de663-7059-5f29-ba68-6ce6a2148650
Github,Jay Varner,2023-03-21T18:18:00,Disable auto scrolling when timeline focus. Rethink after design updates,a5f0c734-aa7f-5279-b9ff-e7d246004ac9
Github,Jay Varner,2023-03-21T17:20:00,Move actors to left,4ad61eab-de70-5f52-8f4a-368b47508a38
Github,Tanvi Sharma,2023-03-21T01:08:00,-,a514cc55-c1af-55cb-bec8-bc1331878411
Github,Tanvi Sharma,2023-03-21T01:06:00,spacing edits,48d889a2-6283-585e-af0e-e54be3733116
Github,Jay Varner,2023-03-16T19:50:00,Index fix,2390337d-79dd-50d3-89ee-fe60b41b02ad
Github,Tanvi Sharma,2023-03-16T19:35:00,Top to Bottom,f7621a81-70c0-5d09-bac5-4722ecccf7f7
Github,Tanvi Sharma,2023-03-16T19:29:00,Merge branch 'homepage-alt-2',57dde440-ef5a-5dcf-a629-338f8b036f88
Github,Tanvi Sharma,2023-03-16T19:28:00,Update fonts.css,92c126f5-ca03-5803-9058-5c11955fac76
Github,Tanvi Sharma,2023-03-15T03:54:00,fixing semantics,6d757470-9a1a-5550-bede-514aab1e1967
Github,Jay Varner,2023-03-14T16:52:00,Remove errant import,24c4ea1b-3b01-5b36-a169-e027b6517607
Github,Jay Varner,2023-03-14T16:18:00,Add responsive widths,0e782b20-ec87-543e-a0e9-7a6dcb5f617c
Github,Jay Varner,2023-03-14T16:12:00,Import as type,461fd39d-3506-5a53-8def-954082c64f40
Github,Jay Varner,2023-03-14T16:09:00,Pass sizes to button component,4a1c77de-2a57-5ef3-9767-3801e52dc906
Github,Jay Varner,2023-03-14T05:11:00,Fix for Playfair charts,dc0321bd-a3d4-5eed-bee5-7bfd1bb9a31f
Github,Jay Varner,2023-03-13T17:15:00,Remove debug statement,839a9ae9-1c5a-5206-925c-49194e18244f
Github,Jay Varner,2023-03-13T17:06:00,Buttons smaller on Peabody bar graph viz,119e15cf-a9df-57c0-9afb-9d17cc88bc3c
Github,Jay Varner,2023-03-13T16:52:00,Cleanup hover text in Dubois visualization. Fixes #24,f617753e-5f9f-5480-a4af-dd9cf283018d
Github,Tanvi Sharma,2023-03-11T03:51:00,"Permutation 2,be9dc608-1ec3-551e-82ef-5f56da210808
,f2967657-a225-5a3f-8a62-0590189de9ae
Probably need to add a gradient or something",fc369ef3-4581-5b6b-9581-1b0ff5d51a67
Github,Tanvi Sharma,2023-03-11T02:09:00,"moving things around,c21f6221-847c-50b8-a64b-467e42f802f0
,90544c46-5eba-5732-85c2-8e5d64c2c54c
trial 1. this didnt necessarily work,969ffa47-8355-532f-847b-e6a3100c13bf
some edits incoming.",9e5fcc03-d438-550c-b6f9-21c8706749d2
Github,Jay Varner,2023-03-09T23:38:00,"New Brooks ""plan"" image",2b960ce4-a7de-530a-86df-8e88f8101f88
Github,Jay Varner,2023-03-09T23:37:00,Rename chapter context source file,bd4e2c1c-f571-5184-81eb-d84c71298f26
Github,Tanvi Sharma,2023-03-09T01:06:00,Merge branch 'main' of github.com:NicholasLYang/data-by-design,3366f25d-84b4-5632-b106-54657bdad6bc
Github,Tanvi Sharma,2023-03-09T01:06:00,Update about.tsx,6a3e73b6-b1e5-5d77-aeec-ab46fa112e28
Github,Lauren Klein,2023-03-08T23:38:00,Tweaking tagline,87dc5fab-cec4-56a9-91b4-cad5ee6ed638
Github,Lauren Klein,2023-03-08T23:36:00,Adding abstract on front page,c60c0f2e-f599-56d5-b472-3e8c5f88b994
Github,Jay Varner,2023-03-08T18:49:00,Remove references to IntroParagraph component,0af5903a-ad49-5a70-b477-50c584e03a32
Github,Jay Varner,2023-03-08T18:07:00,Slow down Seraphique tour,3ccaded6-90b6-5064-9830-8f24a8c7ff5d
Github,Jay Varner,2023-03-08T18:07:00,Hide some interactions on mobile,8ac56b7c-7810-53a4-8227-e02f577087b0
Github,Jay Varner,2023-03-08T18:06:00,Keyboard control for scrollytell,6d82f96f-b7da-5d51-a65e-af9ded83b7b7
Github,Jay Varner,2023-03-07T20:12:00,Remove debug logs,9a2da6b6-1b04-5b2a-aac8-c6ba73d012cc
Github,Jay Varner,2023-03-07T20:01:00,Replace IntroSentence component with CSS - better for screen readers,8efb0a33-edda-50d1-8abb-9e22634312ed
Github,Tanvi Sharma,2023-03-08T05:20:00,"Update PeabodySandbox.tsx,4d594663-7559-5518-aaea-b83da9fe320b
,19f68703-b3cc-589e-ba73-8c036bac2aa6
Graphic Desiggggn",360287fc-533d-5626-83ce-faf776b9ff92
Github,Tanvi Sharma,2023-03-08T04:58:00,"design edits to Peabody component,7d7459c2-ebe8-584c-8b75-2919174e079f
,8c1f8f7b-0618-5ff2-a892-9bdb1eafc49d
buttons need to be smaller but I couldn't figure out how without messing up",1640b63b-4afd-5ab2-87e9-a12cda46a6f7
Github,Tanvi Sharma,2023-03-08T01:01:00,Editing About page,914ed2fa-4773-5fe6-8d48-f13293fcf0ea
Github,Tanvi Sharma,2023-03-07T01:37:00,Merge branch 'main' of github.com:NicholasLYang/data-by-design,9f2d60ca-86b8-5e30-9b9e-ef94dc2eecce
Github,Jay Varner,2023-03-06T23:42:00,Add hover text for the Marie Séraphique image,e0565460-a33a-5fcd-a3e1-a50e0b92687f
Github,Tanvi Sharma,2023-03-06T20:50:00,Merge branch 'main' of github.com:NicholasLYang/data-by-design,83bce378-74b9-56a7-b2c6-cc65449a3528
Github,Tanvi Sharma,2023-03-06T20:50:00,Dubois Hover fixes,92830081-4704-5498-a7ed-6ec0d72047c6
Github,Jay Varner,2023-03-06T19:34:00,Rework of Peabody scrollytell and timeline/bar graph,66548c4a-eca9-5361-ab92-b3f0769231c0
Github,Jay Varner,2023-03-01T21:02:00,Show chapter card backgrounds on focus,da4975fd-3d1d-5bf7-aa14-fe08327ef16f
Github,Lauren Klein,2023-03-04T02:59:00,Adding in contact info too...,56329812-328e-5ca8-b149-70b76b2016ee
Github,Lauren Klein,2023-03-04T02:39:00,Adding required funding details to footer,e5d33ad0-61d5-5637-a10e-b8d66362375c
Github,Tanvi Sharma,2023-03-03T22:13:00,img edits,a53dc291-c6f4-5c64-b7bb-c76298ad7dd9
Github,Jay Varner,2023-03-01T18:35:00,Add keyboard navigation for homepage timeline,25d80629-1c7a-51b6-9de3-3d94befdc224
Github,Tanvi Sharma,2023-02-27T20:24:00,"jpg -> png,8c005667-9ca4-5ddd-9f65-7b2816e2451f
,21d7bcbe-6e9a-5fc7-8a15-2a9a0a60cf0a
sorry i cant do it in one go",98571314-fa23-501a-94ca-00e9579927d2
Github,Tanvi Sharma,2023-02-27T20:18:00,"dubois jpeg -> png,4a7354d3-7168-569e-8647-daa957e20c98
,f0d4c998-8857-5671-b68f-de224bac33ba
one more time!",3203dac5-30cf-5261-8fb9-0911f0a19c91
Github,Tanvi Sharma,2023-02-27T20:10:00,dubois jpeg->png,5cce327d-d661-5612-9728-6c9683344983
Github,Tanvi Sharma,2023-02-27T20:04:00,fixing img file extensions,dc8449d3-dd17-5263-98a5-2b70207f74ab
Github,Tanvi Sharma,2023-02-27T11:01:00,made pngs. might still need to update the file extensions in the code,8928b12d-a13a-542d-a818-500f9228d852
Github,Nicholas Yang,2023-02-27T10:40:00,Fixing build error,99bfb4e2-7fde-58cd-bbfc-c12d45e8d431
Github,Tanvi Sharma,2023-02-24T02:16:00,smol type changes,e2e57f0b-a6bd-52a0-bd63-b067abc878f0
Github,Lauren Klein,2023-02-23T23:23:00,Minor tweak to Peabody subtitle,206c879e-bbae-5a65-8633-a7a59bc5da51
Github,Jay Varner,2023-02-23T01:58:00,Add alt text to buttons for accessibility,b0d6c7c4-985e-5bc8-bf18-f2d9003ac790
Github,Jay Varner,2023-02-23T01:55:00,Accessibility and useability improvements to home page timeline,1600f578-7174-5eaa-bc4d-509da57ce18f
Github,Jay Varner,2023-02-23T01:53:00,Refactor scrollytell components to use wrapper,4393cc15-fa47-533e-9493-10e757397f65
Github,Jay Varner,2023-02-21T18:05:00,Add numbers to footnote list,dc8501a0-7ee7-524d-8d81-61c627991368
Github,Jay Varner,2023-02-21T01:32:00,More Brooks scrollytell refinements,5bf51f97-5dbf-5c1d-bac6-380f24f0e2b3
Github,Jay Varner,2023-02-20T21:39:00,Safari fixes,bb16486d-391c-5117-a4ba-a7894f41cce1
Github,Jay Varner,2023-02-20T20:16:00,Slightly refined Brooks scrollytell,ba49e449-7385-5d85-a8ed-d5d39d0a5cd4
Github,Jay Varner,2023-02-18T22:31:00,"Merge pull request #31 from EmoryDHLab/front-page-text,1258c87f-ee52-592f-b4c8-4f93658c2f16
,35b9f58e-095b-5371-b7ac-46f046fcdc27
Updating chapter cards",2fa42624-bd36-5a2e-8d40-9cd43dd3ea7f
Github,Lauren Klein,2023-02-18T03:19:00,Updating chapter cards,fc3b29a0-b9f3-5776-8a8c-7262db33c5c5
Github,Jay Varner,2023-02-18T03:03:00,"Merge pull request #30 from EmoryDHLab/brooks,be909fce-b95d-58e6-8f97-228d6b691c71
,48115c05-6bed-54fb-82cf-9ca6c8678045
Initial setup for Brooks",5510c8a4-7cae-5c5e-bfd1-be392af4aae5
Github,Jay Varner,2023-02-18T03:02:00,Initial setup for Brooks,21867890-3b71-5759-b64c-2efc62828a8f
Github,Jay Varner,2023-02-17T18:58:00,Peabody layout fixes,64ed0c43-9a76-58c2-b49e-217e4e217327
Github,Jay Varner,2023-02-16T22:13:00,A step toward peabody mobile,2738d4e8-11c2-5e6d-b4ec-525605e5d05c
Github,Jay Varner,2023-02-16T19:24:00,Small spacing adjustments and removal of unnecessary tags,64a03094-77cb-5750-85ba-c9203b7b522f
Github,Jay Varner,2023-02-16T18:50:00,Fix chapter nav,ba939af7-9f23-53b3-890b-6c2d7c6b7893
Github,Jay Varner,2023-02-15T20:18:00,Spacing fix for Playfair,8bd7a958-3d71-5a82-8482-707f2aca5ca7
Github,Jay Varner,2023-02-14T23:48:00,"Merge pull request #29 from EmoryDHLab/playfar-mobile,4a963c37-5509-5bc3-9040-25e3420480f1
,de866234-77a8-5012-a5c8-f8a86c5e4875
Playfair mobile",27143afa-c70f-581a-a5cc-5c5eab7cc709
Github,Jay Varner,2023-02-14T21:11:00,Remove extra margins,dd46cd56-727e-542f-8dd4-58513dc6a99d
Github,Jay Varner,2023-02-14T01:28:00,Mobile adjustments,b8327a4d-a855-59c4-804f-18ac5ec1a987
Github,Jay Varner,2023-02-13T18:09:00,First steps toward mobile Scrollytell,ff39f342-2d54-5034-9c18-7077513f0822
Github,Jay Varner,2023-02-14T21:21:00,Remove scrollprogress,e884cd9f-3738-5342-b51c-4b57f915e135
Github,Jay Varner,2023-02-14T19:58:00,"Merge pull request #28 from EmoryDHLab/new-peabody-scrollytell,086c04d7-c8ab-5e86-b5e1-16cb03355d68
,fb155296-8d99-591e-b6d5-885ee09619c3
New peabody scrollytell",e28b3766-45f1-56bb-9ce1-d4e208f82555
Github,Jay Varner,2023-02-14T19:48:00,Updated Peabody Scrollytell,366e3ca3-8e1b-5463-8a92-744dce08a5ec
Github,Jay Varner,2023-02-14T19:48:00,Fix Peabody hover text and add keyboard support,0e6f3b25-88cd-56ae-acda-ae035a909519
Github,Jay Varner,2023-02-13T20:32:00,More scrollytell work,74130fc5-b5e6-5ca0-88f8-996c7800a40a
Github,Jay Varner,2023-02-10T20:16:00,First rework of Peabody Scrollytell,3ae42b26-2c90-52e2-a54f-5776029ae822
Github,Jay Varner,2023-02-13T20:34:00,Timeline fix,f98fa8f1-671d-5927-be82-be4ae04039a4
Github,Tanvi Sharma,2023-02-04T06:18:00,Adding TwoColumn to Dubois,4b63c3e0-b258-573b-810d-a739e26a665b
Github,Tanvi Sharma,2023-02-04T05:17:00,"Hoverrrr,d81b897a-0382-53eb-8fe3-8ac0d2f04a85
,e2ce511d-1a93-59ce-b13d-6071119bdcb9
> Add underlines,1193998b-8aed-5c7d-a241-cd9302cfd695
> Check w Nick if Hover things should be different components",86699270-3029-520f-a9f3-9aaa45e9d7f1
Github,Tanvi Sharma,2023-02-03T23:11:00,"Adding some captions component where needed.,e382fef4-dae6-5da9-a290-e9f0a96f77ae
,72ab0edf-9beb-5e9a-b602-583dbe077496
Confused b/w the hierarchy of Figure / Image Modal / Image Caption.,5b42f751-faea-5120-a50b-7e91a42a2cec
,aa9d9120-f2a7-5366-8894-a052b369ec46
Can @NicholasLYang make a clean example for the first playfair chart that I can apply everywhere?",a273896d-9124-5ae5-9d04-bf75aa69b2b3
Github,Tanvi Sharma,2023-02-03T22:11:00,"dubois hovers,b08f68eb-a060-5a6e-80a8-b59297880582
,3ec6ebf7-e5f4-51c9-bdd2-9342716fd4d1
Starting it out, components are made.",3efec3f0-c610-5445-aa01-fa17f5083373
Github,Jay Varner,2023-01-27T21:43:00,Adjust hover highlights,44caa251-60fe-52ba-8ae9-5d47d4d6bcbe
Github,Jay Varner,2023-01-27T21:42:00,Add arrow to scrollytell,9b6039fe-94e6-551a-8833-47bd6770ada5
Github,Jay Varner,2023-01-27T00:28:00,Add hover interactions to Peabody quiz,3619832c-319f-5704-802d-230003594197
Github,Jay Varner,2023-01-26T19:59:00,Merge branch 'peabody-quiz',59cd951e-ee7c-5acf-9a13-7b15b638e530
Github,Jay Varner,2023-01-26T19:58:00,Peabody quiz improvements,56cdaa66-6638-59a6-b277-9ca7e9448aa1
Github,Tanvi Sharma,2023-01-26T19:44:00,"Update Quotation.tsx,c0f134d4-fb01-5675-8fff-db492e9ceb2e
,472326b1-a9a4-572f-8faf-4f1a64f48fd7
semantic tag",6fd4fea9-e49f-565b-b5b1-2bad2463ecfb
Github,Tanvi Sharma,2023-01-26T19:44:00,"Update Playfair,c0f9d38c-c222-58c2-87c2-300416187d40
,01cab71a-5cb4-5d3b-b02f-05d9b83da392
rearranging columns,7b4987e5-2dfb-5d61-8692-0518bdf0a2de
adding quotations",c69ffa82-0fb0-51fb-936f-2b90180a59c0
Github,Tanvi Sharma,2023-01-26T19:06:00,"Update peabody.tsx,918507ce-b7c3-5336-9964-4cbf820e58f3
,46cad021-a7e5-5b36-8d70-f202b965257f
tweaks on column layout consistency",71d49cc7-8b41-5ab8-a974-e2441839c759
Github,Jay Varner,2023-01-26T02:34:00,"Merge pull request #27 from EmoryDHLab/peabody-quiz,42289c5a-fc7b-5d9f-b704-b7a8c6d8990f
,63fd0c60-a37b-516d-b478-42797c11bd3e
Peabody quiz",c2df5a62-1bc2-5a4c-8583-e946558b9f69
Github,Jay Varner,2023-01-26T02:33:00,Fix changing century,d0b27204-6b2f-5390-b9c6-2b45f8331bde
Github,Jay Varner,2023-01-26T02:19:00,Adding Peabody quiz,30023383-ed1a-57aa-8b37-f2b8e966cb0d
Github,Tanvi Sharma,2023-01-24T02:58:00,"tweaks,c65d90f7-8ee2-54fe-aace-0204acc1c329
,8001b2ce-8156-54c7-915e-182e761e1b6c
> Rename to Shannadithit,86c763c8-d097-5044-829d-2ba9c5e90af2
> Image modal is now larger,07aaec85-e19b-55b8-b996-9dff3d5f5cb0
> IntroParagraph -> IntroSentence,feb18489-efb1-58a1-baa4-5fb00cd74106
> Reorganize Chapter Nav",43e84fa8-0196-5dd5-9061-c56dbfd0aa5f
Github,Jay Varner,2023-01-23T19:12:00,"Merge pull request #26 from EmoryDHLab/scrollama,b4254d79-bf7b-5545-9b05-c3b914acc63a
,1c09b35f-09ae-5942-a001-93834d624ee4
Switch to Scrollama for pinning and scrollytell",284dea1e-34cd-5d35-a500-b46de33db75b
Github,Jay Varner,2023-01-23T19:09:00,Switch to Scrollama for pinning and scrollytell,e1bcdfb6-1f27-56ef-a744-284d4f849408
Github,Tanvi Sharma,2023-01-21T00:00:00,"new Quotation component,dfaebbde-17f0-5999-b3a3-ade4cc0886c2
,e219fc14-c5fd-5f7b-ab79-5d2cb2082b6c
this uses reactnode jsx thingy",b548d8c0-8c90-50c6-b37a-cb268774eddf
Github,Tanvi Sharma,2023-01-20T23:50:00,"Update ChapterTitle.tsx,7de30ecf-b7ef-5938-a4ad-8fcbaaa208ee
,c791ef3a-ed2e-5dca-a6f0-eb5a970f8bf8
for mobile",ea128394-20f8-53ef-a8d7-f7eb86948973
Github,Tanvi Sharma,2023-01-20T23:47:00,"fonts reset,036986ba-652e-514c-a30c-bcffe35db90c
,bddd8b6d-cfc9-5066-98e1-b87e618287ff
woe",3e3b03d7-c7bb-5d8b-9243-b614de0935c3
Github,Tanvi Sharma,2023-01-20T00:48:00,tweak central ><,859f3482-baae-5310-9e52-b30d3a65e5b3
Github,Tanvi Sharma,2023-01-20T00:32:00,Small Type Tweaks,88853d1c-c00e-5826-8751-44a0778607b0
Github,Jay Varner,2023-01-18T19:15:00,Layout fix for quilt images for Peabody,2cba7f72-dec2-58fa-8536-f2150bebca5a
Github,Jay Varner,2023-01-18T17:26:00,Recalculate scroll triggers when images are lazy loaded,280efed9-e972-5b69-91d4-af3172698d4c
Github,Jay Varner,2023-01-17T22:59:00,Small fixes to scroll triggers,a416dae1-6edd-58bb-a95d-1c682384c1b3
Github,Jay Varner,2023-01-17T18:50:00,"Merge pull request #22 from EmoryDHLab/peabody-scrolltell,a79e9bd6-6b94-5ed0-b48c-f5e7724c51cf
,a3313411-a95b-52b8-9703-f411e46da8a6
Peabody scrollytell",5b162626-cfff-5380-b45e-35cf2bf51366
Github,Jay Varner,2023-01-17T18:49:00,Reorganize/rename tutorial files,8707577e-3579-5f2f-9faf-4fc520d03cce
Github,Jay Varner,2023-01-17T18:39:00,Fix key overlapping chart,e91f01d7-8395-56d0-aeff-883cbcb3cdfa
Github,Nicholas Yang,2023-01-14T01:32:00,Mobile fixes,5101e4b2-f376-563d-88c2-e581e5504637
Github,Tanvi Sharma,2023-01-13T20:25:00,remove dupe,a123538b-a061-5d83-b1a2-0201895d7009
Github,Tanvi Sharma,2023-01-16T19:49:00,Merge branch 'main' of github.com:NicholasLYang/data-by-design,c8cb61b1-7887-5632-9107-998c19e21afa
Github,Nicholas Yang,2023-01-14T01:32:00,Mobile fixes,d9a22842-5ad4-5fb8-a7a6-91f24432e10c
Github,Jay Varner,2023-01-13T23:26:00,Account for fixed nav on scrolling pins,194bf5e6-67fd-5a83-9e22-a833ac2e3ca1
Github,Jay Varner,2023-01-13T23:03:00,Peabody scrollytell,9787c5a4-0eba-5943-94c7-cc63518f8569
Github,Jay Varner,2023-01-13T23:02:00,Allow color overrides for footnote button and text,19468995-c94d-5237-993b-ec1b0348439a
Github,Jay Varner,2023-01-13T23:01:00,Add ScrollytellContext,9baed92d-58ca-56d1-b3ba-1ac959965776
Github,Nicholas Yang,2023-01-13T21:25:00,Fixed shuffle,a637d7b7-dd55-5513-b7ac-93d98957431a
Github,Nicholas Yang,2023-01-13T20:55:00,Various fixes (#21),a16c80b9-206a-58ea-9e65-25fb942a1ca8
Github,Tanvi Sharma,2023-01-13T20:25:00,remove dupe,c54e554c-5f43-55a0-b21f-1215261f0309
Github,Nicholas Yang,2023-01-13T02:04:00,Added ImageModal,3a80f886-87fc-53b8-a677-9b386d698d5b
Github,Tanvi Sharma,2023-01-13T02:03:00,fonts,4c146a2b-40c3-52a1-be86-3151f93bfbff
Github,Nicholas Yang,2023-01-13T01:21:00,Tweaked timeline dragging,e612168c-7884-5186-8616-abc463f55cae
Github,Tanvi Sharma,2023-01-13T00:34:00,"adding drop cap, messing around with pull quote format",d8dfac37-30bd-51a1-a5b9-b0b0b6d43832
Github,Nicholas Yang,2023-01-12T22:44:00,Mobile home page (#20),4e669157-4efe-54e3-9666-2c55106713cb
Github,Nicholas Yang,2023-01-12T02:08:00,Added footnotes at bottom,66b2ce73-56dc-5524-837e-6e5c69035176
Github,Nicholas Yang,2023-01-11T23:20:00,First run at making the Peabody sandbox,d16fbdbc-0809-5b65-a433-704f62ae50c4
Github,Tanvi Sharma,2023-01-11T22:53:00,tanvi font organise session,72301770-3f8a-5a65-9028-42abdc7c73d2
Github,Tanvi Sharma,2023-01-11T22:22:00,"friendship over with font-william,73c68aab-338a-534f-bf8f-f4c1172c7918
,43775b8d-879e-5626-8ac1-a9738386d80a
font-dubois is my best friend now",a2066841-0406-576a-b082-46c807677a55
Github,Nicholas Yang,2023-01-11T21:59:00,Fixed dubois,2ddb4a04-5694-5a8c-b081-94d775bba3e3
Github,Nicholas Yang,2023-01-11T02:39:00,More fixes and tweaks,0a49c140-7e8e-5386-b78c-256156e20799
Github,Nicholas Yang,2023-01-11T01:46:00,Added timeline (#18),d2fba20d-c4cd-5c5a-84e0-2bcfda7fd5ac
Github,Jay Varner,2023-01-10T21:46:00,Remove redundant keys.,b5dd380d-82ab-5c45-bd11-eb773f612910
Github,Nicholas Yang,2023-01-10T21:02:00,Peabody Charts and Bug Fixes (#17),e314b20f-37ac-5973-97b4-2a002b92b460
Github,Jay Varner,2023-01-10T20:04:00,Add footnote state,4930157e-d199-5775-8f8f-90c760888bfa
Github,Jay Varner,2023-01-10T20:01:00,"Merge pull request #14 from EmoryDHLab/footnote-context,4b23bf05-66b7-5882-a620-879c8dcb0f89
,a7f84169-8e78-5de7-9d47-0f53e9ab944a
Footnote context",fc39205b-5d48-5b02-b41c-c43f596e16e7
Github,Jay Varner,2023-01-10T03:44:00,Remove redundant import,29986b82-b6a8-5ff2-b7f4-c51fab0cae27
Github,Jay Varner,2023-01-10T03:17:00,Merge branch 'main' into footnote-context,32e6c94f-51f7-5e5a-b618-a6d697ed9081
Github,Jay Varner,2023-01-10T03:01:00,Fix footnote numbers,99c4492b-0cb9-5cca-aaed-80007f74c6ff
Github,Jay Varner,2023-01-10T02:55:00,Restore InlineFootnote,0048dd6d-ace6-5593-ad86-06ef64991fff
Github,Jay Varner,2023-01-10T02:47:00,Use InlineFootnote,1e4b3e3a-3fff-594c-a331-c9661ab1dc27
Github,Jay Varner,2023-01-09T20:37:00,Use context to track when a footnote is opened/closed,feee54a8-e434-58da-844c-756481904163
Github,Jay Varner,2023-01-06T18:55:00,Small changes in response to feedback.,cb07bb02-7aa4-5490-a8a3-482b4248209a
Github,Tanvi Sharma,2023-01-10T01:24:00,"Friendship Over with Footnotes,24d69e8c-224c-5dd5-b720-284e9f750351
,449f2481-07d7-5e46-bf30-caa6d8d2801d
Some are still missing in the Vue site, so they don't exist here either.",dc658172-82cd-55e7-93b7-2636e33e3447
Github,Tanvi Sharma,2023-01-09T23:37:00,"Adding more Footnotes,1fdf1d21-9091-5438-993c-0f0df0e1d13e
,31309ed0-4413-57c8-a2d2-9e5ef1a4c686
This will all change haha!",f3d68043-d367-5940-989b-2d2dd45742d8
Github,Tanvi Sharma,2023-01-10T02:21:00,"adding footnote component to playfair,139494df-87bb-5b5e-9322-39014bd274d9
,f224660f-0c89-566e-9f84-948a7625d728
spacing tweaks needed",8f6214aa-3c53-54b5-9254-26bf46af0f34
Github,Tanvi Sharma,2023-01-10T01:24:00,"Friendship Over with Footnotes,6cd620a0-36b5-5b27-9cef-ff29dd13c213
,1b5399a0-4a93-560d-ab4c-cd97ae527e9c
Some are still missing in the Vue site, so they don't exist here either.",dfaaffd8-97cd-5ce9-b746-83a5cf95ca3e
Github,Tanvi Sharma,2023-01-09T23:37:00,"Adding more Footnotes,3b94a9de-f052-552f-b3ad-cee2e462f225
,9201a630-7e4f-556e-82a4-e2c34aaa133a
This will all change haha!",6ffbcce5-688d-570b-bee6-3150d5847e19
Github,Jay Varner,2023-01-09T22:20:00,Requested changes,47b59766-9171-56a0-8708-e921a649eb3b
Github,Jay Varner,2023-01-09T20:40:00,Merge branch 'main' into footnote-context,4ac20e8a-2ece-5c24-9f29-706dca476cf0
Github,Jay Varner,2023-01-09T20:37:00,Use context to track when a footnote is opened/closed,cc1976e7-1752-511c-8e33-f6ec3750d430
Github,Tanvi Sharma,2023-01-09T20:34:00,"ImageCaption component added!,511a0af4-d0f9-5627-867a-913597b977b6
,e5e4eaec-88ce-5824-99c4-c1bd8f7a1f74
Not implemented everywhere yet ;)",c444edc7-7eea-5f3a-b967-bfc7f1ef64ce
Github,Jay Varner,2023-01-06T18:55:00,Small changes in response to feedback.,697e77eb-724d-564f-9d62-5ebe469df31a
Github,Jay Varner,2023-01-03T19:28:00,Add footer to Playfair,813ec7cc-5bd4-5887-84bf-eabe2d3e1529
Github,Nicholas Yang,2022-12-28T04:13:00,More peabody changes,dd14c52a-35c8-59d7-90b9-9c392a76fc45
Github,Jay Varner,2022-12-28T04:10:00,First pass at scrollytell (#9),69eb95c7-c718-55e4-a257-b0cab63ce9c2
Github,Nicholas Yang,2022-12-28T01:00:00,Fixing misc bugs,2cb6cc61-8a76-5811-8f56-0a22616df2d0
Github,Nicholas Yang,2022-12-28T00:48:00,More peabody changes (#10),b914760b-b2be-5c28-9bfe-437efb10bd6f
Github,Tanvi Sharma,2022-12-04T08:17:00,rename app.css,8c0f1db8-b61f-570e-819e-c61e016d5d25
Github,Tanvi Sharma,2022-12-04T07:44:00,Fix Remove styles/app.css from repo #8,3776d0cd-adec-5f57-9ea3-ebf48cade381
Github,Tanvi Sharma,2022-12-04T06:49:00,apply column-grid-wrapper -> children,f45a6863-2d93-571d-bc6d-9f57364aecb8
Github,Jay Varner,2022-12-04T06:33:00,Playfair (#5),80b62d00-a888-5a96-b2f5-2e7fd70bea21
Github,Tanvi Sharma,2022-11-26T02:52:00,Changed fonts,2e2cfe2f-53e9-5d5d-8180-016df40b21eb
Github,Tanvi Sharma,2022-11-26T01:42:00,Update app.css,04cc1c20-c596-5660-bee5-503cd32987a8
Github,Tanvi Sharma,2022-11-26T01:39:00,Dubois Yassification (#4),bec2d94f-e2c3-5cc9-9287-c6ca310c65a7
Github,Nicholas Yang,2022-11-26T01:23:00,Peabody Changes (#3),2c66104d-1fa3-50ac-abe3-c4e30b70d748
Github,Nicholas Yang,2022-11-13T04:34:00,Dubois fixes (#2),ba353840-3fa0-5a07-a03b-3ef5163ce5d4
Github,Nicholas Yang,2022-11-13T04:21:00,Type check errors,2d06cff9-2b30-5324-bd62-2d29caeb8ab3
Github,Nicholas Yang,2022-11-13T02:40:00,Tweaking peabody,74798bee-00ba-51e2-b850-145c62e10091
Github,Nicholas Yang,2022-11-13T02:21:00,Finished rough layout for peabody,c3602f88-61e5-5128-a05b-0f02edfaf04f
Github,Nicholas Yang,2022-11-09T11:04:00,More peabody,fd140121-39d2-53bb-89e2-b328570fd32b
Github,Nicholas Yang,2022-11-08T07:04:00,More tweaks!,054c588b-a18e-594f-8502-eca1f318e2a2
Github,Nicholas Yang,2022-11-08T06:47:00,Adding layout components to make everything a little more semantic,69359f4d-38cb-5ac1-90c0-3a9bc660ca06
Github,Tanvi Sharma,2022-11-08T03:10:00,tanvi learns how to 2 column it up,3dcb42d9-1762-5be9-aa71-c57cf383286d
Github,Nicholas Yang,2022-11-07T09:21:00,More peabody layout,4871ad36-08e8-56a5-8663-fec0dea71a84
Github,Nicholas Yang,2022-11-02T06:41:00,More peabody styles,6910b476-2f34-5b07-8668-162b63519efb
Github,Nicholas Yang,2022-11-02T06:27:00,More changes,7c9683f3-df15-57ea-9a38-e371ccf71f5c
Github,Nicholas Yang,2022-10-26T09:03:00,More peabody,1635ac33-de6f-57ae-a574-6bd501a80348
Github,Nicholas Yang,2022-10-25T08:20:00,Peabody changes,ba611278-a477-5ae0-9562-26eb148d2287
Github,Tanvi Sharma,2022-10-23T23:17:00,"adding footnotes. deleted 1 (#1),7f32f43f-d586-5e36-a568-76c23e024e40
,982cef2c-512b-5c9f-8c77-2478e4fcc791
* adding footnotes. deleted 1,f04074a2-6e7c-50c9-920a-c68e4265760f
,049e8ab3-bfe2-59a7-ba19-2566578d45f0
* Fixed styling,4c1f74c1-f44b-5ac4-a042-a018cdb05ba1
,3c479231-021d-5d9c-9fac-02fb6a8040b9
* Switched <span className=""italic""> to <cite>,21a1f70d-1720-5697-bc17-39c59c57bf36
,f27e3122-fd14-5424-8e8b-ca1c59daead0
* Delete spaces,d4a803ad-def9-5fbd-b6b4-a81df2776048
,a5549e9a-aa9f-5120-ab29-e1f2f6f2d8a2
Co-authored-by: Nicholas Yang <nick@nicholasyang.com>",97a76cfd-a869-54e2-8e10-0502314856bf
Github,Tanvi Sharma,2022-10-23T22:00:00,tanvi's first rodeo,f216fc5b-3079-5a9b-94bd-5efda361a9e5
Github,Nicholas Yang,2022-10-22T07:38:00,Starting to port peabody,57a7296f-8d78-56c3-82d2-6c81c2879052
Github,Nicholas Yang,2022-10-22T04:35:00,More footnotes,829d9662-9824-5f51-ad86-97861837f885
Github,Nicholas Yang,2022-10-22T02:23:00,Added PieChart for StudentChartTwo,c8a3d976-5cbc-5130-af97-a50f3fce9def
Github,Nicholas Yang,2022-10-21T05:23:00,Add p5,a41a030d-673d-5fe4-b5e4-e5f1bdff7591
Github,Nicholas Yang,2022-10-21T05:21:00,Added pie chart for first chart,274c5023-2adc-5244-83d7-9a3131768528
Github,Nicholas Yang,2022-10-17T03:04:00,Ported USAMap and more footnotes,0d5f2dfa-abde-521a-b4d4-641f8b47175d
Github,Nicholas Yang,2022-10-17T01:49:00,Footnote theming and adding,25f6d266-4909-5fa8-88c5-b51089832862
Github,Nicholas Yang,2022-10-16T08:10:00,"Starting dubois student chart, also added footer and fixed more images",c552534e-02bc-5ccb-bf23-37a957cabda5
Github,Nicholas Yang,2022-10-16T06:24:00,More tweaks to DocumentViewer and dubois,551bc136-2842-52a0-9d74-ba3faf3d0ae4
Github,Nicholas Yang,2022-10-16T06:08:00,Working on document view for dubois,fedaf3a3-6149-5a92-a411-accf04dcff10
Github,Nicholas Yang,2022-10-15T22:56:00,Some fixes and deletions,bd5e752b-86bc-5ced-ae8c-4a3a8daa4bcc
Github,Nicholas Yang,2022-10-15T10:07:00,#NAME?,b9af62e5-36aa-55a3-ad95-3e6817e82477
Github,Nicholas Yang,2022-10-15T10:00:00,#NAME?,e050e5c7-d1bd-5b25-9eac-34a3f583a5f7
Github,Nicholas Yang,2022-10-14T08:47:00,Vercel!,9bdff5b9-213d-5834-af51-bc491febc98b
Github,Nicholas Yang,2022-10-14T08:44:00,Starting to port dubois,a0137669-5445-5291-8984-d4ed78376375
Github,Nicholas Yang,2022-10-04T09:45:00,Some more work on Timeline,0935413a-2998-55b9-aa9d-48c84b50e1ac
Github,Nicholas Yang,2022-10-03T07:19:00,More migration of basic components. Gonna start work on Timeline,1cd9d15b-99a8-5442-897d-3e1967280d55
Github,Nicholas Yang,2022-10-03T06:34:00,Doing a rewrite of Data By Design,1fff4091-ef36-5918-8365-b31e5adbbd7d
Github,Jay Varner,2022-10-04T16:18:00,Fix missing jumping around,5ccaa96b-f145-591d-ad8a-4f3f4285ece9
Github,Nicholas Yang,2022-10-02T23:31:00,"Revert ""Chapter slots refactor. Removed mixin and flattened to individual slots components (#97)"",acba7104-e313-5e8b-8763-251288fc1efb
,bfeb7759-c7c2-5abd-ad37-a8d987efd0aa
This reverts commit 7abbf4e5cff76accc4ef233194713624684b45e0.",90fd2111-3c7f-572a-8440-98d9ce85a96b
Github,Nicholas Yang,2022-10-02T22:14:00,Chapter slots refactor. Removed mixin and flattened to individual slots components (#97),312dde28-c4fe-53ee-a370-e09a087d34b2
Github,Nicholas Yang,2022-10-02T22:03:00,Fixed unnecessary gap in home page,5186bb89-0349-599c-8dfd-403e80e7612b
Github,Jay Varner,2022-10-02T21:46:00,"Show text at start of Scrollytell visualizations (#93),e295c876-9da1-560c-af9e-e7e37ccc839b
,b79772c8-5d7c-59a1-bf25-c41980ff548e
* Show text at start of Scrollytell visualizations,f9af9d01-3cd2-53e8-9b7d-a43bc078251e
,9f4a72ba-3fb3-5791-8c62-a62546769a8e
* Add top margin to Peabody Scrollytell,da358154-e058-5882-8789-652d42b86180
,b1dd1d87-ba32-512e-9259-412577ff9b5c
* Ease transition when showing legend,d4a8dc16-5d4b-5905-8004-bb6d13f9216b
,b0ff05f6-88d6-55b6-85ed-fd267cd03246
* Improvements for windows under 800px tall",6d7b5421-4942-589e-81e0-3aa123a58917
Github,Jay Varner,2022-09-24T08:27:00,"Fix/dataload (#95),f8d79c43-dce3-5616-a7c7-cc3e101a35fe
,efac0872-646c-5e04-b2c8-e3a175bcec67
* Import data for Playfair. Fixes #70,34061a24-381c-5d6a-a141-ba2a625b82d8
,63f1e308-fbf5-5f93-ae0d-01b5f31f042e
* Import data for Peabody quize #58,a068a7d4-d8eb-53af-ae11-587c15f6352d
,7f0a5458-9bf5-5160-8af3-987d9aea0c4c
* Remove console statements,72a61ea9-a895-5556-89c0-eaf12ae137ed
,ce1719df-2496-56b1-ac16-267aab7fd744
* Import data for Peabody tutorial #58",164410bd-49b5-5c5c-927c-7d0911110622
Github,Jay Varner,2022-09-20T01:52:00,"Merge pull request #94 from EmoryDHLab/refactor/remove-require-context,d78d37c3-31be-5832-b117-0e6553ef7299
,7ce7fb1a-56f3-5de7-a56d-688e97d166fc
refactor: Remove require context",08d0d8b3-313f-5e14-b832-90afb360dbc3
Github,Nicholas Yang,2022-09-19T22:06:00,Remove require context,d5951122-40ca-5622-ae09-76caa20a3cb5
Github,Jay Varner,2022-09-19T19:07:00,Fix spacing. Part of #58,1959a773-4e1e-5d8a-8106-a67f7fe7627c
Github,Jay Varner,2022-09-19T17:48:00,Footnote style. Fixes #60,c14e8168-3224-5f1c-a260-7949381506f0
Github,Nicholas Yang,2022-09-13T04:55:00,"refactor: Vendor dependencies (#92),529e02ca-8d7b-5cdf-b834-f2f0bf4c324c
,cd73178c-0b43-505f-b398-66852c07925f
* Trying to vendor dependencies,09806948-ee6e-5da5-ad63-cd717eabcfef
,bd6dc2d1-cc91-5199-b506-0fb303c23416
* Finished vendoring dependencies,84878e06-fe6c-5365-b864-669f012d745a
,110eb0cb-e9dc-5a50-9238-5bafb640d3a9
* Fixed up the build issues,ac9ac173-f107-521c-b288-e404c6554094
,9ba9815d-d26d-5b75-a83c-8ad3b2b811f4
* Okay fixed now,921da18c-467b-5ba2-996c-4283cd4e093e
,0235179b-dd1a-5a09-b7df-fdd5abdc2261
* Added dist,33a67db8-c604-5fe6-b16c-f92a67eb9525
,3c990d5d-e9f2-533c-95b0-5dac5dd52834
* tsconfig fixes",8fb33d32-2a50-5e74-80e9-f67bef3e28db
Github,Nicholas Yang,2022-09-13T03:37:00,"refactor: Modified Google Docs API code so that it saves the files in JSON (#90),4e47cf30-fb99-5f4a-98f2-7516d259a77a
,5c404f09-7487-59c7-8ec2-d86b87663e22
* Modified Google Docs API code so that it saves the files in JSON,03fbac75-1b19-51b0-9687-269cb7dacf88
,b57bd29c-65bc-5c5e-a186-e89262392c3f
* Added docs,12fdc095-3c8a-55fb-a6a4-9137d55087a6
,cbb0f3a0-71a8-5d70-8058-4c7ff5f89808
* Removed docs from .gitignore",8f57ad7b-40c8-5a3f-b7a9-ef8e9bbb8b3c
Github,Nicholas Yang,2022-09-07T05:13:00,Reduced page load by converting to webp (#89),c2553f52-7599-527d-839d-452b5c775221
Github,Nicholas Yang,2022-08-29T21:56:00,"Trying to fix CI (#87),8c34b916-92d7-5222-bd1f-75af427d7abb
,a8f7d195-0e65-516d-ac77-2b8862342c80
* Trying to fix CI,dae67a82-e7bb-5fda-a041-5f68fb55961e
,69ed1b92-08ff-53f4-9949-82ab970eb3aa
* Trying again",52ead7d9-161a-5470-82ac-cdbb6d355e0f
Github,Nicholas Yang,2022-08-29T21:46:00,"Fixed playfair data loading bug (#86),a3de762d-b585-50ed-8578-345993ead0d6
,bf506f36-3324-56cd-ba4e-2edee60e5687
* Fixed playfair data loading bug,0a10f93a-f722-5aba-aaee-93296b8a82b5
,43bc3133-e1b7-5150-8d0b-439cab9b8c7b
* Removed another static data",8421b928-71aa-53f0-ba5b-c347db88e423
Github,Jay Varner,2022-08-29T21:44:00,Add m-width-full to full screen elements #62,c2ed3a63-a0c1-5aff-b027-e9b57e9764ac
Github,Nicholas Yang,2022-08-18T07:05:00,Once again fixed bug with refreshing page on dev mode,1f409e8a-1ad0-5593-95e9-5b7f86102dee
Github,Nicholas Yang,2022-08-17T05:55:00,Made chapter cards links,7514540b-f388-58af-8dd0-d39e3f94007a
Github,Nicholas Yang,2022-08-10T01:57:00,"Dubois charts (#39),69cf5751-0294-5bd1-ae57-caf9f2399835
,a239370b-4b70-5000-863a-c4e93f5d007e
* Rearranging the file and component structure,582c78d5-62e0-5537-a2a5-940cbe885db2
,f3ef8594-fb57-59a8-abe2-fe27080a82ff
* Added chart 1 and rearranged chart stuff in process,b4ac259b-9a17-5011-a24c-a24a877830ad
,bc54cb46-545d-5442-b892-690c393527e8
* Added charts 2 and 3 along with data for chart 2.,84507322-4735-522e-b67c-6acb4cf8fa58
,2f09cd2f-b16e-5b2c-be44-c9090c0b2a87
* Updated slots,9205ece2-1624-5aaa-b7e0-f224d77398cc
,b151df2b-2727-586f-aa29-9429a7cd170e
* Hot fix for nuxt generate bug",7ab83c56-dce6-5a30-ac77-4c390b1f9760
Github,Nicholas Yang,2022-08-08T04:11:00,"Making various misc fixes.,ca0f00dd-9569-5433-898d-f399fd901ae1
- Moved around chart data,c0be6280-43cb-5297-82b0-ad3c2c09c26d
- Added brooks chapter,4944e545-bdbb-59f9-ad61-2efa8ad6a8e1
- Cleaned up naming and poor code style",86fedfc1-fab1-558b-92be-bc979d9f263b
Github,Nicholas Yang,2022-08-01T05:45:00,"feature: Dubois (#32),c500955d-51ab-511c-bbdb-07465520e68d
,ef405f1d-ba7d-538d-a044-61aff7c78f2c
Refined dubois visualization according to designs and added tooltip of person data.",e49f00c6-8f25-53e7-9b30-595b0cad60e6
Github,Nicholas Yang,2022-07-22T00:34:00,Fixed site nav hover (#31),e6d2f7cc-cfdd-5feb-9614-3fa7d28ae34d
Github,Nicholas Yang,2022-07-22T00:14:00,"fix: Lint errors (#29),50d29b10-4be8-55a6-a5b6-5056a39e55ad
,d0e24342-de90-5ae8-ba3a-a95c3bfe13d6
Fixed lint errors",2cf89f06-3db1-50a6-a1e2-8c12b789f29d
Github,Nicholas Yang,2022-07-20T23:55:00,Minor fixes,12126cf5-b206-5be8-ba0e-3ecd6dae142a
Github,Nicholas Yang,2022-07-20T22:59:00,Removed console logs,70922679-7da7-52b5-944a-19fb3c1cc341
Github,Nicholas Yang,2022-07-20T21:41:00,fix: Link,e9280923-5f21-55e3-b7a2-f36bd176c019
Github,Nicholas Yang,2022-07-20T21:32:00,Update README,75bda995-51ce-5675-88ae-5fc017910f58
Github,Nicholas Yang,2022-07-20T21:21:00,fix: Infinite rerender due to subtle state mutation bug (#26),0c42992c-c3af-5194-ac7a-76452446dd12
Github,Nicholas Yang,2022-07-20T20:28:00,Fix: build issues (#25),8057ba09-4d33-588f-97d8-ee185dec187e
Github,Nicholas Yang,2022-07-20T19:21:00,"Merge pull request #24 from EmoryDHLab/refactor/rename-timeline-variables,8622bd9c-634f-5f34-a932-7a2982f86ab4
,758dbbd1-0598-5669-872b-3771ecc38d54
refactor: Fixed up naming for timeline",ad91b6ee-eba9-52b8-8f46-d34c7e60e230
Github,Nicholas Yang,2022-07-20T19:10:00,refactor: yearTLPos -> yearTimelinePosition,ed6ce810-2eb8-55c9-835a-462f9a8fddd7
Github,Nicholas Yang,2022-07-20T19:12:00,refactor: Fixed up naming for timeline,e0994bfa-923e-59cd-ae54-374eef4c7f33
Github,Nicholas Yang,2022-07-10T03:16:00,"Merge pull request #23 from EmoryDHLab/refactor/build-system-upgrades,4c5918e8-2ae1-5326-b79d-65caf202f67d
,d56fd23c-6de4-564f-8ee5-4af4999e85e9
refactor: Upgraded build system, started migration to TypeScript",3f337118-526f-52a9-a815-075b931626f2
Github,Nicholas Yang,2022-07-10T02:27:00,Fixing lints,53da6292-0f58-5c39-ae59-c4925512b9a9
Github,Nicholas Yang,2022-07-10T02:14:00,Create build.yml,e54f0630-ca2c-524f-a7d3-cf11d48fd753
Github,Nicholas Yang,2022-07-09T23:26:00,ESLint fixes,9f682bbd-ba28-5ad0-9623-f660d08af428
Github,Nicholas Yang,2022-07-09T06:35:00,Added linter,03c847e9-9ac7-52d8-9362-fc171c49e89a
Github,Nicholas Yang,2022-07-09T04:52:00,"Upgraded build system, started migration to TypeScript",c7872746-32da-5942-9527-0af2c3535aaa
Github,Nicholas Yang,2022-07-09T03:16:00,"Merge pull request #22 from EmoryDHLab/prettier,36f8515a-dc29-5a48-bc81-056467010df3
,a1a979c6-0c9c-56b1-91dd-4581f54272ad
Formatted files with prettier",fb7e8c86-ecf1-5889-bc3d-62985ac2ab10
Github,Nicholas Yang,2022-07-08T23:28:00,Formatted files with prettier,d5b7d979-8106-51a7-ad90-17255df1d250
Github,Anna Mola,2022-07-08T22:24:00,"Merge pull request #21 from EmoryDHLab/dubois-components,43765ba7-85fd-55e2-97ed-801e422e7f6e
,66890929-d067-51d2-8d96-3f2325202793
Dubois components",a77490fc-12eb-5c16-adfb-9b36854cf3a5
Github,Anna Mola,2022-07-08T22:14:00,csv,324a9bde-a33a-56f0-9a76-836eb38b0256
Github,Anna Mola,2022-07-08T22:14:00,add mock student data,a48072af-6548-5328-bb0f-224267bd7857
Github,Jianing Fu,2022-07-08T20:14:00,"Merge pull request #20 from EmoryDHLab/homepage,bf339f0e-5c96-53ee-b6c9-685322cd77bd
,2c5bd985-7ad0-57f2-8572-bd3591712f30
Homepage",8171f534-5ce9-5d68-9d64-bacdbb63dcfe
Github,Jianing Fu,2022-07-08T20:12:00,frontpage,e15ce5a3-d969-5f57-bcf1-3bf6304b169a
Github,Lauren Klein,2022-07-07T23:47:00,"Merge pull request #19 from EmoryDHLab/images,a78dc7b5-e2b1-59c5-8697-dcb74ac5c712
,72b86229-752a-5518-ae09-62f84131ee1f
Adding Shawnadithit images",4d482111-0451-5010-a00f-e4690f660794
Github,Lauren Klein,2022-07-07T23:45:00,Adding Shawnadithit images,98a2c9ac-f483-55b3-b4d2-cd017c3ff051
Github,Jianing Fu,2022-07-07T20:02:00,homepage refine,5b07df19-303e-5268-98b8-6d31840d5bbb
Github,Anna Mola,2022-07-07T19:17:00,added 63 charts and 5 people outside pie chart,ad489d95-9f8b-585e-9174-fe28ba2a5f71
Github,Jianing Fu,2022-07-06T20:41:00,timeline refine,169aaa46-33b2-5c25-b3ea-2b63a2e5efec
Github,Anna Mola,2022-07-06T20:28:00,inserting serena's 63 charts,623c0dce-708d-5770-9c2b-154436739e89
Github,Anna Mola,2022-07-06T00:31:00,create dubois page,12bc0a5b-4bba-575f-8d55-3ceb35b08a42
Github,Anna Mola,2022-06-23T19:41:00,add vtc dubois,d6e283ad-5af8-5e84-bf36-eb25b4b19d34
Github,Anna Mola,2022-06-22T22:45:00,"Merge pull request #17 from EmoryDHLab/playfair-components,d8cee599-7986-5e5d-9a9f-7efd7dc6fdc1
,154c5fc4-3001-5083-a6a5-ee474eebfdda
Add scrollyTell opacity transitions playfair",7117741e-8ee2-5353-81c7-253a89956f1b
Github,Anna Mola,2022-06-22T22:23:00,added responsiveness piechart,d3e247da-263a-5568-b8f0-64cef05c15f0
Github,Anna Mola,2022-06-22T22:01:00,layout changes,7d8eafe0-c077-545b-a084-4964a6a403b8
Github,Jianing Fu,2022-06-22T03:40:00,"timeline debug, add visibility, whole timeline",fdae4a22-63e4-5a89-a3c0-d31958f59f9d
Github,Anna Mola,2022-06-16T23:50:00,layout,9ffb3815-ed73-58c0-afe1-95203a075f7f
Github,Jianing Fu,2022-06-14T03:49:00,timeline draggable,c8740cdb-7842-5a52-ab65-79f4cd0b09b9
Github,Anna Mola,2022-05-28T20:49:00,p5 circle thing?,0843f3fe-121d-5e65-be18-8da7d3f02550
Github,Anna Mola,2022-05-25T02:21:00,trying with d3 :(,ab481731-7c77-54de-9b28-b357364045ee
Github,Anna Mola,2022-05-18T20:52:00,add scrollytell opacity transitions,1c230aa3-990a-539f-bf3d-4313e8bc6f9e
Github,Dan Jutan,2022-05-18T19:06:00,"Merge pull request #16 from EmoryDHLab/playfair-components,e39087c1-a01e-5b9b-9537-6f9d08a47643
,d9ca2e56-c3a8-5402-a810-1a9d5628416c
Playfair components- added side by side visualization",9f0a6a38-ccc3-5f30-8986-2fe433a76f25
Github,Anna Mola,2022-05-17T00:22:00,right side visualization,450decb8-9426-5fc1-a919-89dd4e01979b
Github,Anna Mola,2022-05-15T20:59:00,left side visual in bySide,de1ab4a4-d891-56e3-bab6-87563fc3750d
Github,Dan Jutan,2022-05-02T19:53:00,tweaks and freeform,fee3cdd5-3527-5f5a-95ff-3e0d727b671b
Github,Dan Jutan,2022-04-25T02:54:00,push tanvi changes,44aa3e77-0fe2-556e-b786-03fad5a6482b
Github,Dan Jutan,2022-04-23T19:41:00,"Merge pull request #15 from EmoryDHLab/playfair-components,f7241dbd-f98b-5f0a-b997-6577ccaee497
,8507a6eb-9ece-528b-b325-0767829a7cc7
Playfair components",f326f7df-1189-58b4-8773-5d34400c1ab0
Github,Dan Jutan,2022-04-23T19:41:00,Merge branch 'main' into playfair-components,e277585d-17c4-5308-8b41-0ca7d0ebddba
Github,Dan Jutan,2022-04-23T18:41:00,timeline labels,ce5e2ebf-395f-54bc-9fd9-fe8fa01734b3
Github,Dan Jutan,2022-04-21T16:17:00,individual timeline event hover,feffe522-4ab8-5346-93d5-bbf430ec112c
Github,Dan Jutan,2022-04-21T07:27:00,hover border,8afc0dfb-8777-5303-a328-86fefd12414b
Github,Dan Jutan,2022-04-21T02:39:00,timeline orientation fix and ticks,d7639803-b36b-51c0-ad60-e359fc2b078b
Github,Jianing Fu,2022-04-18T23:11:00,chapter text update,6f69474a-2dd7-5745-b21b-666a0946f46e
Github,Anna Mola,2022-04-18T22:50:00,added base for bySide visual,cc09fdd4-cbee-5739-92fb-3b74c3e722a7
Github,Anna Mola,2022-04-18T00:24:00,fix graph labels,ac960511-d282-547d-b39a-bec607e4425a
Github,Anna Mola,2022-04-18T00:22:00,color area extra graphs,12649b00-2b8e-5947-9bc6-ca904a077066
Github,Anna Mola,2022-04-17T23:51:00,implemented covid/income/women graphs,25fdf8c2-bc16-5331-8ca7-a93e47374306
Github,Anna Mola,2022-04-15T07:22:00,graph changes on hover,d699c448-69a2-5091-afba-a6eece905c01
Github,Anna Mola,2022-04-15T00:11:00,switch to figma paths for export/import lines,1c806fe4-7d96-5784-9039-0db8f6cb70e5
Github,Jianing Fu,2022-04-01T04:36:00,clickable and able to change images and pos,9ecf9bf4-9625-5bc8-ac3b-36e7e4f95e10
Github,Jianing Fu,2022-03-24T07:55:00,add timeline gallery,b55c3a61-0f5d-54d1-ab59-06537471a1f0
Github,Jianing Fu,2022-03-24T06:14:00,Merge branch 'new-images' into homepage,51f8a2cf-d2c4-52c2-8ffe-b925590f6cb1
Github,Anna Mola,2022-03-19T21:04:00,add shading / stipple,eb7c6fc8-ab2f-5fdf-bf9e-e8ae8ae58697
Github,Anna Mola,2022-03-17T01:05:00,fix hover text,1fc95ae9-a4f7-5832-8990-e87c7a100ab2
Github,Anna Mola,2022-03-16T23:17:00,add image at the end,9f9cdec7-f62a-5b63-922d-c5fe5a6a99d4
Github,Anna Mola,2022-03-16T21:12:00,add font & oval title,2e801650-b1e8-5a2a-ad73-e72aaab123ea
Github,Lauren Klein,2022-03-16T19:37:00,"Merge pull request #14 from EmoryDHLab/footer-text,ea3e13e2-d304-56ec-abe2-7001175bdf66
,4b2e282d-fe4f-54cc-8961-bb4f44798b66
Tweaked the footer text",e0ecf463-a797-5577-8263-3d3431665867
Github,Lauren Klein,2022-03-16T19:36:00,Tweaked the footer text,5596e2c6-3127-5b12-9840-020aea06474d
Github,Lauren Klein,2022-03-16T19:14:00,"Merge pull request #13 from EmoryDHLab/new-images,6a17f058-9875-5cca-8446-a6e74a9b965f
,17271c88-8c65-5617-a611-c58cbea74d4e
Updating the Clarke images",04748f59-1fd9-5822-b0cb-85313f5c612c
Github,Lauren Klein,2022-03-16T19:12:00,Updating the Clarke images,2acdf528-cd17-5c29-acc5-2b1996adff45
Github,Anna Mola,2022-03-15T20:29:00,rename to recreation & adjust scrollytell,4798c563-2d5e-56c1-9180-5f54960c0cc4
Github,Anna Mola,2022-03-15T19:51:00,minor vertical grid,f5f20922-41c2-5be1-ac4b-c592439425f4
Github,Anna Mola,2022-03-15T01:39:00,added x axis scale ticks,2c300ae9-e498-5288-9e18-0e6d50013100
Github,Anna Mola,2022-03-14T23:49:00,added gridlines and tick names,da817004-9a1a-5e89-b16c-c36d648bd10b
Github,Anna Mola,2022-03-14T20:40:00,graph lines are declarative vue,44661363-aa55-5140-b08a-c13b6a0c731d
Github,Anna Mola,2022-03-14T20:37:00,Merge branch 'main' into playfair-components,57dea182-3763-5b21-81cc-7fe54e7088a1
Github,Jianing Fu,2022-03-11T07:43:00,pop images to timelinie,736c008a-2225-59fa-b8a2-c1cebd2c7c73
Github,Dan Jutan,2022-03-10T03:09:00,"Merge pull request #12 from EmoryDHLab/new-images,e1951c57-a299-5b38-91d4-d639ce969570
,637cb739-b023-515a-92fe-5488f2b283a5
Updated filenames",f9ccf2c4-ab35-5710-99c7-f300b0adecf6
Github,Lauren Klein,2022-03-10T03:08:00,Updated filenames,91b8bec2-aa09-5e08-ab45-e44aaaefe225
Github,Jianing Fu,2022-03-07T06:32:00,Merge branch 'main' into homepage,23c28470-2656-594e-85e8-5b4d1b461764
Github,Jianing Fu,2022-03-07T06:29:00,chapter card ready,9f3f9f7e-2ef5-595e-beb6-c6cb0d0d8516
Github,Anna Mola,2022-03-03T03:45:00,change text to white + declarative d3,2f50b2d2-d7c1-59e5-be14-1a384e3fd186
Github,Anna Mola,2022-03-02T05:10:00,Merge branch 'main' into playfair-components,cff16529-b359-5160-9f32-1c3b3b0c1b02
Github,Dan Jutan,2022-02-28T20:34:00,complete / reset buttons,1f34e51e-5a1a-595a-bf4f-eb3cddd2f848
Github,Dan Jutan,2022-02-28T20:00:00,checkbox solve button,970e46a0-b944-5558-8b89-27031a92afd1
Github,Dan Jutan,2022-02-28T09:57:00,clicking on any square will take you to matching event entry,46ec361c-e062-5a53-9167-743e7e348b23
Github,Dan Jutan,2022-02-25T09:54:00,responsive quiz layou,1462c06d-581b-5757-a3d2-e683cee8e257
Github,Dan Jutan,2022-02-25T09:39:00,cleaner quiz layout,558de9b7-63c5-5d37-9ed4-a739ac35fce5
Github,Dan Jutan,2022-02-24T10:15:00,basic guessing,090da66c-0ade-5194-b995-8b3f9f3099d6
Github,Dan Jutan,2022-02-24T09:56:00,data loaded event,91ca2391-fb65-57cc-a839-93b19a16b3a7
Github,Dan Jutan,2022-02-24T09:30:00,independent event indices,89b0fa49-b975-546a-86f2-52a754ca4b92
Github,Dan Jutan,2022-02-22T20:56:00,"Merge pull request #11 from EmoryDHLab/peabody-components,b31e1f0a-bb90-5793-8b15-4944bd5ff24e
,f26b7236-59e6-5905-979a-1846da292505
Peabody Tutorial and Basic Quiz Implementation",f54fae5b-de1e-50e5-bd6c-346207889ec2
Github,Dan Jutan,2022-02-22T09:18:00,quiz layout,a0ec44b8-d6f7-5671-bccf-b6fcbd718bc1
Github,Jianing Fu,2022-02-18T12:58:00,"add hover, starting on timelin",cf28a279-aa6a-50a5-9a95-7e28c3d37533
Github,Dan Jutan,2022-02-15T01:19:00,"Merge pull request #10 from EmoryDHLab/images,52042390-13f5-597c-aee1-20ee0460cc63
,e6399405-5c2a-56bc-a050-b54b318327c7
Added all chapter images to date",c7841e03-1949-5a4c-976d-e08f34a72f27
Github,Dan Jutan,2022-02-14T09:00:00,event box,3e66c376-43c7-564d-af41-35242df37bf2
Github,Dan Jutan,2022-02-13T23:35:00,side-by-side,03d7f507-323e-5609-9d20-753c91dc2aab
Github,Anna Mola,2022-02-13T01:06:00,inject scrolldata,f2b232e2-5a2f-56bb-becd-9f934f226915
Github,Lauren Klein,2022-02-10T08:06:00,Added all chapter images to date,7b9ed80e-77b1-526d-85dd-55284f366429
Github,Dan Jutan,2022-02-08T01:46:00,restore breakpoints system,b515624d-bd46-5e36-ab7b-aaddb9799cfd
Github,Dan Jutan,2022-02-08T01:41:00,base button,93ca0f0b-49dc-58f1-be0b-cf7042566426
Github,Anna Mola,2022-02-06T03:14:00,adding graph lines,87c69a9f-f174-5756-9352-b4862edcc92b
Github,Anna Mola,2022-02-03T10:29:00,small tick update,da26f4e2-ae0f-5a94-a6a5-4755b24440a1
Github,Anna Mola,2022-02-03T10:24:00,added grid lines and font,c31aa363-ab68-50cf-8fe4-05638c4585c3
Github,Anna Mola,2022-02-01T08:02:00,svg progress,eefddb53-1aa3-5ead-bb7a-8b45bab174bb
Github,Dan Jutan,2022-01-10T19:27:00,fix yeardata,eff3f928-a6ea-5b70-b344-5a600e5d2bfe
Github,Dan Jutan,2022-01-10T19:20:00,overlay highlights,6d43d9b9-d2fb-5e72-b91f-37480929a4b0
Github,Dan Jutan,2022-01-10T04:26:00,basic peabody overlay system,3c4ca364-e4e2-5b16-b02a-21c1de592b80
Github,Dan Jutan,2021-12-29T23:36:00,isArray check for actorsIn,6128eba3-60aa-592b-a4f4-6b6406589876
Github,Anna Mola,2021-12-14T03:47:00,added svg to diffvis,3e984aef-7e13-5f8a-9736-36f0eda1f8f4
Github,Dan Jutan,2021-12-07T00:22:00,smart labels,ffd7aba8-50dc-5850-b30b-c201ed90bea7
Github,Dan Jutan,2021-12-07T00:05:00,event text and colors,d3696c9f-09fe-5f91-b3a7-5147bfbb6bfe
Github,Dan Jutan,2021-12-06T20:53:00,invisible element to prevent jumping on hover,b2e42c0d-f140-57bb-b73b-d8346df085f5
Github,Dan Jutan,2021-12-06T09:43:00,grid events,372a58db-7adf-508b-8d92-8a01702421a9
Github,Dan Jutan,2021-12-06T09:20:00,dynamic label color,02f5978a-f0af-5bea-9896-770075a82a00
Github,Dan Jutan,2021-12-06T08:57:00,slide with full squares only,e55cae3a-aa17-5675-ad37-611fe9428ea0
Github,Dan Jutan,2021-12-04T01:14:00,grid layout legend,f3142033-265c-5acb-9de5-03b36e0a4e3b
Github,Dan Jutan,2021-12-04T00:53:00,eventkey slot,98f475bb-7db3-52b3-b8f7-ffc08df4fc74
Github,Dan Jutan,2021-12-04T00:39:00,checkpoint: event-key internal,f978a758-95f2-5a17-a4a1-4ecf24290180
Github,Dan Jutan,2021-12-03T08:57:00,tutorial labels,ffd4e855-480d-59c5-9f53-b376023f64de
Github,Dan Jutan,2021-11-29T05:17:00,"Merge pull request #9 from EmoryDHLab/peabody-components,ad45589a-2e16-58ff-a9cf-04684564b987
,0c5b7c6d-dcb3-53c2-82b1-027718aa63ec
Peabody components - initial revision + navbar work",7ea4f9e3-ae42-5609-a274-e6770cb36122
Github,Dan Jutan,2021-11-29T05:17:00,scrollytell adjustments,ed2685ec-4e4e-5c87-a7f1-194d6e9cbfe8
Github,Dan Jutan,2021-11-16T00:51:00,"Merge pull request #8 from EmoryDHLab/homepage,37d5b3c1-523d-58fe-a6f7-c43a6870df5c
,cef5a6f3-7efa-588b-877e-81b02d4570c4
homepage chapter cards grid",8be07bf9-ff34-5f3f-8b1e-addea3dc8507
Github,Jianing Fu,2021-11-12T12:33:00,homepage chapter cards grid,eabd178b-0330-5412-ad2b-cc0b03b5cd7a
Github,Dan Jutan,2021-11-11T23:19:00,Merge branch 'site-nav' into peabody-components,efd990aa-a7e0-54d3-972f-25d62fb317e4
Github,Dan Jutan,2021-11-11T23:19:00,add top distance,396d7ee5-fc59-5414-b1aa-ae1c42254e26
Github,Dan Jutan,2021-11-11T23:15:00,divide border,45ca9284-a869-55b5-8e4a-f4b6a86adf9f
Github,Dan Jutan,2021-11-11T23:08:00,Scrollytell stuff,db3de82b-ed12-5c8b-825f-ea0ed732785b
Github,Anna Mola,2021-11-11T07:35:00,font change,1a70bd6f-007e-517a-8de9-707af603bbd3
Github,Anna Mola,2021-11-11T06:29:00,navbar is functional,99d1423a-00e1-5e88-8e30-000c33fd1845
Github,Dan Jutan,2021-11-07T08:47:00,split eventkey into two components,59817c6b-439d-577e-b659-4bb2378e7a03
Github,Dan Jutan,2021-11-06T07:44:00,year square tailwind,643fdcc0-95b4-5951-a271-ddb6f6629f91
Github,Anna Mola,2021-11-04T23:35:00,start nav refactor,0e2560fb-ef27-5ff6-851d-e26140822f3c
Github,Dan Jutan,2021-11-04T00:42:00,resizable peabody-grid,5e0461fc-095f-5e11-bf68-0d278bc79d99
Github,Dan Jutan,2021-11-01T07:22:00,test slot,c8733870-6a2a-530b-bf0c-b24b855291fc
Github,Dan Jutan,2021-11-01T04:37:00,remove unused homepage styles,305affff-ec76-5009-9e54-492053a0f461
Github,Dan Jutan,2021-11-01T04:32:00,"Merge pull request #6 from EmoryDHLab/homepage,f7f8a597-a378-51e3-97db-a686b14a4e53
,be570ecd-abb5-5c29-a0c2-d93aa5deeec4
title in tailwind, add chapter cards templates",36fc5fcf-671b-59d0-9dd3-bb91fe14afd1
Github,Jianing Fu,2021-10-29T05:27:00,"title in tailwind, add chapter cards templ",72175a2b-cc05-5ea6-a99c-b9f4f30874f6
Github,Dan Jutan,2021-10-24T22:25:00,"Merge pull request #5 from EmoryDHLab/component-org,c922b7e3-12af-5a1c-a4ec-0efdd3b13443
,67b7265b-8b8e-5359-9823-edcce575bcfc
more meaningful page component structure",b1468b97-73e2-5c74-a51c-a667ef0e6afe
Github,Dan Jutan,2021-10-24T22:25:00,more meaningful page component structure,2b7f32c2-c9f8-5d62-858a-e17a9fd8762e
Github,Dan Jutan,2021-10-22T17:40:00,fix breakpoint ssr bug,191edeed-dc53-5be1-966a-5beecf73fd9d
Github,Dan Jutan,2021-10-22T05:28:00,fix merge conflict; imports,e4b77ea4-bb84-5965-8a78-f85b1e140e54
Github,Dan Jutan,2021-10-22T05:20:00,"Merge pull request #4 from EmoryDHLab/architecture-fixes,614a7c5b-c9c0-5f28-9d58-c772fe2148f5
,d10c28c6-2862-5b54-a2c1-2eda3b77c1b8
Architecture Fixes",fbdeba0a-3d6e-555d-bbc3-ed04c5c7aba0
Github,Jianing Fu,2021-10-22T05:15:00,footer in tailwind,209872e7-fe31-5bb6-8bb4-58930d93a6de
Github,Dan Jutan,2021-10-22T00:59:00,fix yalc,6b30985a-0516-5611-b087-f5778b6f6525
Github,Dan Jutan,2021-10-22T00:03:00,fix static generation routes,21c687dd-5241-57c5-a339-665524e066a8
Github,Dan Jutan,2021-10-19T20:27:00,middle-full and middle-text classes,bde7aec4-736f-5e0d-ae24-00984e6e5d2e
Github,Dan Jutan,2021-10-18T16:57:00,sandbox chapter,7dc18114-813a-53e9-af20-89aeb8047779
Github,Dan Jutan,2021-10-16T05:12:00,use props instead of injecting metadata,9b27b243-3855-56ef-8ef4-80ce23931fca
Github,Dan Jutan,2021-10-15T05:31:00,"properly load components, once",67f292ec-2529-536b-820d-aacc017af4a4
Github,Dan Jutan,2021-10-08T22:30:00,begin component loading setup,b1ed64ad-6bd2-5a65-9d44-cd562a18a901
Github,Dan Jutan,2021-10-08T06:52:00,Chapter components exporting setup,8f7f6862-371c-586a-b7de-c6bc6d8833ac
Github,Jianing Fu,2021-10-08T04:09:00,add footnote,570d1492-ff77-5d15-8116-ed9ef838b6af
Github,Jianing Fu,2021-10-07T09:33:00,init commit,cf9d0c66-9926-550b-b79e-57b2ab01c1d0
Github,Dan Jutan,2021-10-06T05:46:00,replace global docs-inclusions file with automatic component loading,7855986f-0d79-53aa-a5b5-aebcafdfe731
Github,Dan Jutan,2021-10-05T21:18:00,use webpack context to automatically find docs definitions,b92d3930-217e-510c-97b2-dc6464ca1dc9
Github,Dan Jutan,2021-10-04T18:01:00,add gitpod file,e6b3ee80-00f8-599e-af97-132fa8243ee1
Github,Dan Jutan,2021-09-20T17:05:00,delete accidental image files,fbb87381-b60b-5176-9ea5-1c3ae95a2501
Github,Dan Jutan,2021-09-20T17:04:00,base64 private key option; upper case env,be74f956-3645-5a65-8e2e-606335f59601
Github,Dan Jutan,2021-09-20T05:49:00,generate routes,1786dbf8-28bd-5756-a518-582c0c6139bc
Github,Dan Jutan,2021-09-20T05:30:00,use environment keys instead of docsconfig,53471c0e-617e-5917-a007-44b8aa76c898
Github,Dan Jutan,2021-09-19T16:06:00,blockquote scaffolding,aebb78f3-2de4-5085-91c1-4db46375b997
Github,Lauren Klein,2021-08-27T18:01:00,Fixed Jevons filename,0ba17ab9-1258-5c23-9e01-e546dc221352
Github,Lauren Klein,2021-08-27T18:00:00,Final (for now) batch of Playfair images,3436dc38-f7a4-59df-bfa1-b6603973d07c
Github,Lauren Klein,2021-08-27T17:29:00,Second batch of Playfair images,43821b21-5541-5f8d-b36a-36b46b700a6a
Github,Lauren Klein,2021-08-27T17:24:00,Adding first batch of Playfair images,4deafe03-6a1f-522c-bbd2-a684b0bd0cb9
Github,Dan Jutan,2021-08-14T01:49:00,layout adjustments,534c99b3-18d0-5f44-b027-5d5a0d9b2f04
Github,Lauren Klein,2021-08-13T22:39:00,Added Clarke images,24d50a89-eb33-5877-9a93-0988aa6d16b9
Github,Lauren Klein,2021-08-13T21:25:00,Added image of blank charts,5954c9e6-1d83-5c0c-a5af-b6e65af752cb
Github,Dan Jutan,2021-08-13T20:38:00,static data HOC,c0656622-8d83-5cbc-8b53-b102ba6614be
Github,Dan Jutan,2021-08-12T20:09:00,mapscroller resting point,336ba575-2bf3-5fc2-bfd8-fd55af94d4ed
Github,Dan Jutan,2021-08-12T16:54:00,mapscroller controlled animation option,59705460-9a30-54f0-8a9f-b18bafa6adc1
Github,Dan Jutan,2021-08-12T07:32:00,use gsap for mapscroller animation; scale nicely to container,502e0931-c527-5ad0-adae-70f2c93e4d65
Github,Dan Jutan,2021-08-12T02:55:00,start new mapscroller,b2c9c24f-2b91-5e2c-9f11-a0e383cd36a2
Github,Dan Jutan,2021-08-11T22:33:00,serve datasets,e0df2e2f-2fe3-5407-9275-bfb8f9c006ef
Github,Dan Jutan,2021-08-08T07:41:00,scroll snap adjustments,0eac3e5a-137f-5d54-ad41-c4ce2a7d9689
Github,Dan Jutan,2021-08-06T17:38:00,unified before/after scrollsnap,5a548518-f281-52d1-a285-3dc61ee003be
Github,Dan Jutan,2021-08-06T00:05:00,more mobile scrollytell,acdb3b74-a434-5c84-8d94-214a39e691fb
Github,Dan Jutan,2021-08-05T22:57:00,install icons,d34b5e7d-eb56-5cc4-b4b4-c093b17fd037
Github,Dan Jutan,2021-08-05T22:52:00,mobile scrollytell setup,2392e98f-c62b-5412-a1e6-de23edb4a8d8
Github,Dan Jutan,2021-08-05T21:02:00,"for now, don't scroll snap with collect",8da6d7ce-7946-544e-b64d-ef48fd2677b1
Github,Dan Jutan,2021-08-05T20:59:00,scroll snap works nicely when entering/leaving the scrollytell,36897f8f-c677-5c3f-90cf-dc6f9fd4dc8f
Github,Dan Jutan,2021-08-05T04:08:00,scroll snap,667cf29c-f5db-536b-b619-1eed56b400ec
Github,Dan Jutan,2021-08-04T19:19:00,scrollytell collect works,a9cdb905-f262-59a4-8653-ae4172bdef3d
Github,Dan Jutan,2021-08-04T00:20:00,"full screen, non-collect scrollytell",3af24a88-7e73-5c05-a358-d9febe071613
Github,Dan Jutan,2021-08-03T06:29:00,add gap to doc renderer table,03fc2ac6-d904-564f-b46b-75f4eef99d39
Github,Dan Jutan,2021-08-03T06:25:00,mobile section nav,af489c4e-7f0a-557e-859f-dc12eed6622f
Github,Dan Jutan,2021-08-02T21:36:00,"Merge pull request #1 from EmoryDHLab/responsive-layout,4b5c25bb-1a8d-5613-bd85-4fc0342519df
,6d6566f6-3d9c-5e7e-8c19-5623e810860e
Responsive layout",a51ba543-8695-5228-a73c-5d4a3041754a
Github,Dan Jutan,2021-08-02T21:36:00,mobile layout now renders full section,8cc76665-718f-5b81-87a1-ead65d65c638
Github,Dan Jutan,2021-07-24T01:29:00,section state fix,79e2dc2b-143d-57a3-be15-aa425862d40f
Github,Dan Jutan,2021-07-23T23:28:00,"title, footer, pullquote mobile tweaks",cc2b56ac-8331-58e9-9c1c-a49637a50168
Github,Dan Jutan,2021-07-23T21:34:00,initial chapter mobile setup,27ab4b04-dd83-5700-b2d9-9fba4dd7c258
Github,Dan Jutan,2021-07-23T00:38:00,extract rendergroup logic,18f5e932-a5fb-5791-84c2-d5727fd347bb
Github,Dan Jutan,2021-07-22T22:59:00,initial chapternav mobile setup,0f28b103-b83f-51a1-be16-e6a6509ec9df
Github,Dan Jutan,2021-07-22T22:02:00,moveborder fix',cebd4564-3fbb-5d42-85c5-0e0880219e74
Github,Dan Jutan,2021-07-22T02:11:00,improved responsive section titles,00490f46-e222-571d-8f34-c76ede00241d
Github,Dan Jutan,2021-07-22T01:54:00,fixed paragraph styling,f8bd5d0f-2f2f-5b18-aaa5-5735da583d55
Github,Dan Jutan,2021-07-21T23:43:00,turn off component auto import for speed boost,156db7b8-61c0-5f5d-9cd5-717d425cf1fd
Github,Dan Jutan,2021-07-21T23:32:00,responsive pullquote,c192a5f8-f179-5449-961e-d80d59261545
Github,Dan Jutan,2021-07-21T23:16:00,"import vue components as .vue (did this to try Vite, which didn't work out)",58fc60cd-7f33-5ead-bf58-32da0a70ff99
Github,Dan Jutan,2021-07-21T06:24:00,breakpoints array,be163a9d-92fc-58d5-837e-0772f8717a8d
Github,Dan Jutan,2021-07-21T00:41:00,breakpoint plugin,2bf00314-b076-55c4-878c-fcf9f78a8baa
Github,Dan Jutan,2021-07-20T01:44:00,"fix color issue (extend, don't replace in tailwind.config)",72bce8cd-e463-5f9d-a05d-119975c41a4d
Github,Dan Jutan,2021-07-18T19:15:00,put a max width on the layout,f93a8f53-2b44-57a6-976d-72239c324190
Github,Dan Jutan,2021-07-18T19:09:00,10 column mode for leader follower,511c58c1-edd0-5b91-969a-8d0dfe397820
Github,Dan Jutan,2021-07-18T07:01:00,tailwind grid,733b1702-8749-5240-b826-66918ff2e819
Github,Dan Jutan,2021-07-15T22:20:00,convert chaptertitle to tailwind,1609cfe7-57d6-55f7-bbc9-1971afefd0ec
Github,Dan Jutan,2021-07-15T21:50:00,install tailwind,e43a719d-828a-567e-9287-1ef83c5cb6a7
Github,Dan Jutan,2021-07-15T21:37:00,commit before branch,7199c375-c84b-5a17-8df0-c594370bcede
Github,Dan Jutan,2021-07-14T00:15:00,"caption width: If image width is smaller than 416px, match that",b59a4f1a-d435-5e50-92fc-5b133fd19cd3
Github,Dan Jutan,2021-07-13T23:57:00,frontpage top grid setup,6147182f-973a-5cb0-aaf7-e808d7ad60a1
Github,Dan Jutan,2021-07-12T05:54:00,site nav,269663ad-fd21-5340-bbbe-d37ca9e6703a
Github,Dan Jutan,2021-07-12T05:37:00,tweaks and footer outline,ed2a793a-8dc2-553c-9126-172ea302113f
Github,Dan Jutan,2021-07-12T04:12:00,leaderfollower works,bb581cad-4b88-5904-a6c9-2e5f5af68a6b
Github,Dan Jutan,2021-07-12T02:42:00,navbar opacity transition,f46a65fc-e10b-5fcf-9ee8-fac0c995f4f7
Github,Dan Jutan,2021-07-11T21:54:00,navbar,7c437c1b-ea3d-5d4c-b87f-e5725e50cb17
Github,Dan Jutan,2021-07-11T20:14:00,scrollytell gsap setup,c6bbd981-0411-5855-bb41-cb9bd9540d5f
Github,Dan Jutan,2021-07-11T07:00:00,properly import gsap,d707cc31-e982-56f5-990c-09c3834bad9e
Github,Dan Jutan,2021-07-11T06:21:00,latest versions of docs-cms,87506a08-3161-5bf8-8417-96b803da9c94
Github,Dan Jutan,2021-07-11T06:06:00,scrollytell setup,d28f0c97-43e4-5700-950a-0ac5a056cc1a
Github,Dan Jutan,2021-07-07T18:42:00,center grid,ea77630b-88ce-5664-b2cc-5eb2fc1fdc66
Github,Dan Jutan,2021-07-07T18:38:00,image component,6a08b582-2d84-5f80-953e-855d490dfc9e
Github,Dan Jutan,2021-07-06T19:59:00,docs-inclusions folder,8d28f690-705c-5813-a745-7665873f08bd
Github,Dan Jutan,2021-07-06T19:26:00,captioned component,610c4a24-955f-59fa-bd63-c88ef55f36c5
Github,Dan Jutan,2021-07-05T23:37:00,small left margin on footnote refs,ffc2e393-1261-56a9-b1da-b6cc4874eb8a
Github,Dan Jutan,2021-07-05T23:34:00,section title,6a07a462-80cd-58e2-a535-7cc4cdfc8a47
Github,Dan Jutan,2021-07-05T23:00:00,footnote refs,991ec61a-109f-5f5a-98c1-47518062b8f2
Github,Dan Jutan,2021-07-03T04:45:00,subgrid beginnings,add9e8c6-4883-54d5-ae41-7ef864ff04e0
Github,Dan Jutan,2021-07-03T00:24:00,DocRenderer count height on mounted,6d2143ea-c917-592c-b318-6bd0ba3517ee
Github,Dan Jutan,2021-07-02T22:02:00,104px columns,f3ddbb5b-3f3d-52dc-a9de-efb1e59629ba
Github,Dan Jutan,2021-07-02T21:26:00,chapter state,0552eae3-44ff-5087-a1f9-e6c01328ffaf
Github,Dan Jutan,2021-07-02T03:04:00,"instead of using a mixin, components within ChapterLayout scope can access theme variables",52814a3d-854a-544e-aa58-11494b6773e3
Github,Dan Jutan,2021-07-02T01:18:00,hover text,c19041f3-968c-5ebd-b83c-7dcef595fbae
Github,Dan Jutan,2021-07-01T03:45:00,mixins folder,dea01e99-ba3b-5df6-b07e-a3e7b99dc991
Github,Dan Jutan,2021-07-01T03:35:00,copy over Visualization mixin and MapScroller,5fc7117c-b777-5b8b-a39b-66be5abbb733
Github,Dan Jutan,2021-07-01T03:28:00,fix peabody pullquote,a5cad6bb-b901-5108-b65e-766d34d50cf0
Github,Dan Jutan,2021-06-30T20:10:00,system to easily add chapter slots,4530b9bc-4966-5c66-95a5-9f5edc698e2c
Github,Dan Jutan,2021-06-29T23:58:00,slots file,e8b0fbe7-407f-5c87-916f-6f13644b82ff
Github,Dan Jutan,2021-06-29T22:19:00,font setup,afbec98f-0047-5568-89b1-78287d7d4ad9
Github,Dan Jutan,2021-06-28T22:28:00,pullquote,bae8088d-cfca-5a46-88aa-20acfa31c6d8
Github,Dan Jutan,2021-06-26T00:53:00,14 columns,846f7011-9ba9-5ce0-8257-56003bffc87a
Github,Dan Jutan,2021-06-25T22:01:00,leaderfollowpair props instead of slots,9e82a147-ff95-516c-ad3f-b56ac822dd39
Github,Dan Jutan,2021-06-25T21:47:00,leaderfollowpair slots implementation,8bdee826-b30c-5b8e-9c4f-f62da0ff5ac3
Github,Dan Jutan,2021-06-25T20:21:00,pair aligned groups into renderGroups,6ea29075-0cbd-5453-ae94-49078c1bbcda
Github,Dan Jutan,2021-06-25T19:47:00,parse out dashes',498563ca-0cc5-56ac-98ef-ce85f315e7c9
Github,Dan Jutan,2021-06-25T07:28:00,bring in (broken) penguin demo,63ed4e85-fcb6-5c8c-88e9-9c90d5b8828b
Github,Dan Jutan,2021-06-25T06:59:00,chapter and alignment divisions,b7e64418-111a-5204-934f-4c92a0aabe1d
Github,Dan Jutan,2021-06-24T01:24:00,delete package-lock,2bdaad21-8ee8-53f6-b38d-df998342ca8d
Github,Dan Jutan,2021-06-24T00:49:00,docs components setup,e88f37b5-f206-515d-9529-97aa04928d9e
Github,Dan Jutan,2021-06-17T21:52:00,basic render setup,406c43ac-5bdf-5e80-981b-e532e3ee5a28
Github,Dan Jutan,2021-06-16T20:26:00,chapter layout,699dd1cd-1585-57a4-8ad3-97c82a3e39d9
Github,Dan Jutan,2021-06-16T20:05:00,livedoc api endpoint,6395062b-9329-55ea-8bcc-5aa98663a57c
Github,Dan Jutan,2021-06-09T17:04:00,use es6 import/exports,8efd3285-4820-5aad-ae6f-3181359ff314
Github,Dan Jutan,2021-06-09T17:00:00,api route,d39c6480-6ccb-5ef8-b3cf-162f9720ea74
Github,Dan Jutan,2021-06-09T16:39:00,setup again with yarn,8ba4de03-2d3e-5bfb-ae02-99e1bc766b33
Github,Dan Jutan,2021-11-07T08:17:00,work with env variables instead of docsconfig,70512f85-1509-52c3-bda7-a61a41fe5d91
Github,Dan Jutan,2021-05-31T15:50:00,fix parse-google-docs-json dependency,a49e55c8-7acb-5423-9e23-d00e59487d9b
Github,Lauren Klein,2021-05-26T22:00:00,Draft Du Bois scrollytell,100c5c94-2e81-52da-ac75-08ef6010c090
Github,Dan Jutan,2021-05-26T21:31:00,Dubois scrollytell demo,085ce76f-d711-5e75-afa7-cdab4f8ff04e
Github,Lauren Klein,2021-05-26T19:14:00,Updated images/vis placements in Du Bois chapter,5f5a8c09-2c1d-586c-98ce-a7ed7360496c
Github,Lauren Klein,2021-05-26T18:03:00,Merge branch 'du-bois',b2822105-e035-5a79-99a4-1c766c603f33
Github,Lauren Klein,2021-05-26T18:01:00,Added links to Du Bois chapter and reorganized chapters per peer review,e86c7d26-45e1-57ee-aebd-f11ba3dc5f6b
Github,Dan Jutan,2021-05-24T18:36:00,"Merge pull request #99 from GeorgiaTechDHLab/dubios_names,098e19bc-5a6e-5997-b4e1-8684a9787d8c
,116c2a4c-52b1-502e-9066-d15a22e7e204
Dubois names",2b82556c-0b63-504b-a1c8-fdb1779f9148
Github,Jianing Fu,2021-05-01T02:08:00,name vis draft,4ed72207-1116-57d0-a486-b58a403e1167
Github,Jianing Fu,2021-04-28T04:38:00,add name sheet,2451d997-1230-5c4e-8a5b-9029a3c1a761
Github,Dan Jutan,2021-04-13T00:50:00,remove playfair csvs from public,ae9c47b9-9dd4-58d4-b1b7-6162f8548ee3
Github,Dan Jutan,2021-04-13T00:49:00,remove some console logs,cfc31d7d-4d00-5083-84bf-d64bbd8b0f5f
Github,Dan Jutan,2021-04-13T00:47:00,port Impls to use the visualization mixin (they don't use the width prop yet),aebc047f-7374-5528-ab6c-3e6c2c729f36
Github,Dan Jutan,2021-04-13T00:42:00,use event instead of mutating prop directly for d3 playfair selection,d0516970-8a16-5cfa-9d5f-28af31a75773
Github,Dan Jutan,2021-04-13T00:16:00,remove unused usa-covid dataset,57f6a667-5de8-5199-98da-e532c65af3f3
Github,Dan Jutan,2021-04-13T00:06:00,add the rest of the playfair data to server,71652307-db09-5ac8-bdd8-035ebbe530e2
Github,Jianing Fu,2021-04-11T01:07:00,"Merge pull request #98 from GeorgiaTechDHLab/dubois_recreation,be243c12-ca2d-5aac-9f71-a49e74488ade
,2ad2fe53-923b-5cca-a6f9-87a8522db075
complete gallery mode",caf810cb-b79c-5b2c-bdd2-6c5d6beb2e26
Github,Jianing Fu,2021-04-11T01:05:00,complete gallery mode,b5160f24-70eb-5057-82ac-e8d323ed700a
Github,Jianing Fu,2021-04-04T04:41:00,"Merge pull request #97 from GeorgiaTechDHLab/dubois_recreation,1fbd63dc-c5ef-518e-a91c-6c40ac957938
,c7c87254-419f-5547-b67c-90dc265f2ae8
added map & animation",e5ca3b78-9530-5dee-9323-f8d8ab1e3d7c
Github,Jianing Fu,2021-04-04T04:37:00,added map & animatioin,dd458a61-63c0-562f-8aae-581477e2dc6f
Github,Dan Jutan,2021-03-31T17:32:00,"Merge pull request #96 from GeorgiaTechDHLab/dubois_recreation,6d29581e-1e94-51bb-9161-e201c8ebb046
,3734d672-66ac-5cb0-88aa-ff61abf71310
Dubois recreation",d8908068-9007-5921-99a2-8153f323a663
Github,Dan Jutan,2021-03-31T17:32:00,Merge branch 'master' into dubois_recreation,a88d324c-b7bd-587d-ae4e-35fa2a1f5658
Github,Dan Jutan,2021-03-26T22:15:00,d3impl load data from server,cd3abf37-404c-5aff-82e4-2be55ff3303b
Github,Dan Jutan,2021-03-26T20:44:00,move footnote components into chapters folder,d703a5a7-c5e4-57a9-91ff-d0342b45aee0
Github,Jianing Fu,2021-03-26T08:11:00,finished map,ab5a922f-4933-539a-aac9-daedaf4ae5f2
Github,Dan Jutan,2021-03-26T07:38:00,fix dubois navline dataset reference,fe149c4b-815c-5908-925d-63c2e97cac56
Github,Dan Jutan,2021-03-23T20:47:00,remove docsconfig file,125fed8c-5b99-59d5-a7fa-b7f99b516331
Github,Dan Jutan,2021-03-23T20:41:00,explicitly reference parse-google-docs-json commit,bf595ed4-52cf-57db-8a59-5022615888c4
Github,Jianing Fu,2021-03-21T01:45:00,map,076fb73b-0414-5aa9-81ad-de42b0b174b0
Github,Dan Jutan,2021-03-20T03:40:00,add shortcut command for starting mongo on mac,a06bb9b4-3692-5a8b-82c5-6ad987569ed3
Github,Dan Jutan,2021-03-20T03:34:00,remove old loopback server,01902655-2e81-552f-b0be-7287a0d78174
Github,Dan Jutan,2021-03-20T03:30:00,untangle and remove old code,ca5eaa3d-0b1a-56fa-aa97-904a91302957
Github,Jianing Fu,2021-03-12T08:56:00,add vis,29008c33-56e7-5646-851f-7d0a0b3fca47
Github,Jianing Fu,2021-03-08T03:07:00,occupation draft,14c30ae2-3519-506f-9c23-8fabba555c09
Github,Dan Jutan,2021-03-02T19:09:00,remove debugger statements,d9762be1-8477-547a-b77a-d968d76b8964
Github,Dan Jutan,2021-03-02T19:09:00,remove debugger statements,f38dde44-d9b6-53c6-ba28-575bb248c658
Github,Dan Jutan,2021-03-02T18:47:00,move captions into IMG div,d3e24d35-5595-5186-96ee-4d9425438d06
Github,Dan Jutan,2021-03-02T18:47:00,move captions into IMG div,fcc87c06-08a6-5892-ba54-dc48432fdc6c
Github,Dan Jutan,2021-02-24T20:24:00,fix dubois navline,fd4c8a49-2fc7-576d-94a8-5c0ab07505d3
Github,Dan Jutan,2021-02-24T20:24:00,fix dubois navline,50608c0e-3405-5a0b-9664-98f9502b5f2b
Github,Dan Jutan,2021-02-24T19:14:00,add dubois chapter file,f1e5a846-d7a8-5e99-b9d4-f634cf693918
Github,Dan Jutan,2021-02-24T19:14:00,add dubois chapter file,88dfe6a8-75a1-5d15-9c0f-c703a5dd69db
Github,Lauren Klein,2021-02-17T00:20:00,"Merge pull request #95 from GeorgiaTechDHLab/du-bois,cd9a3b1b-51a3-5cf4-a217-8efd01711a34
,46212973-a8b2-5671-9ee5-c03cd6480f42
Added Du Bois chapter and timeline images",da42af6d-f9e1-5e15-b11c-349cdefc4e66
Github,Lauren Klein,2021-02-17T00:20:00,"Merge pull request #95 from GeorgiaTechDHLab/du-bois,97aaa26f-e879-5446-af06-258c529c0cac
,8a550f83-1ad6-5fe1-935d-a931234b4162
Added Du Bois chapter and timeline images",0c72a089-8327-504a-a68d-c12c4efb0749
Github,Lauren Klein,2021-02-17T00:19:00,Updated timeline on Home with thumbnails,15a136ec-93aa-52d6-bda7-9f51ccb557e2
Github,Lauren Klein,2021-02-17T00:19:00,Updated timeline on Home with thumbnails,6c7dfbd5-3bf1-516f-83ee-c0813a117f9d
Github,Lauren Klein,2021-02-16T23:00:00,Added Du Bois chapter and timeline images,eac15850-2a0e-5ba6-8dd5-227b15d30395
Github,Lauren Klein,2021-02-16T23:00:00,Added Du Bois chapter and timeline images,6937af9f-e0c3-578e-a9cf-24dcf5b74ad7
Github,Jianing Fu,2021-01-09T01:47:00,"Merge pull request #94 from GeorgiaTechDHLab/playfair-fix,b51a4ed7-daab-57ab-a2cf-967ba695d635
,c53404d6-1b77-512e-9b2e-fec80b0b9d02
change import export line color",75b5381a-c3d3-5cba-b65b-4c346aa16de4
Github,Jianing Fu,2021-01-09T01:47:00,"Merge pull request #94 from GeorgiaTechDHLab/playfair-fix,cc68b395-313b-5501-bdb6-4ba2f8c7a2bb
,21c99687-1a5d-532f-a3e3-ca06806d2284
change import export line color",257d2603-3f16-5ac4-98a6-36e73c851db4
Github,Jianing Fu,2021-01-09T01:46:00,change import export line colar,e76b1f4f-e1f4-5751-92bc-8e2121bca9b6
Github,Jianing Fu,2021-01-09T01:46:00,change import export line colar,d4e07866-8ac9-5b63-b4cc-a929c139b057
Github,Dan Jutan,2021-01-09T00:13:00,merge,9a5dc188-cef0-53be-ac53-13c534aa9912
Github,Dan Jutan,2021-01-09T00:13:00,merge,cb26b1a8-8da5-540c-acd0-fc2843be6a5c
Github,Dan Jutan,2021-01-09T00:11:00,navline fixes,81a0f600-888e-5989-9aa2-b1b836bd3f22
Github,Dan Jutan,2021-01-09T00:11:00,navline fixes,2a772358-3bc9-5de0-8c2a-15763186c6ce
Github,Dan Jutan,2021-01-08T23:27:00,update women's grid,e4327578-27b0-5a74-8076-3fab4b750813
Github,Dan Jutan,2021-01-08T23:27:00,update women's grid,528a6249-d0e4-502a-86b0-320265fc7f1f
Github,Dan Jutan,2021-01-08T23:27:00,update women's grid,6e2b2366-da28-531c-a966-e678d2d7ae74
Github,Dan Jutan,2021-01-08T23:27:00,update women's grid,93446826-c460-5182-9e34-198be6ad9ca3
Github,Dan Jutan,2021-01-08T20:12:00,adjust easing on playfair mapscroller,5563761a-2c63-5a9d-8ce0-8571543db177
Github,Dan Jutan,2021-01-08T20:12:00,adjust easing on playfair mapscroller,17ac5d99-5d4e-5c5a-acbf-94e7cd3b7f55
Github,Lauren Klein,2021-01-08T09:33:00,Tweaked image sizes,53b4e5a8-12d9-55e0-89c7-c28905289fb2
Github,Lauren Klein,2021-01-08T09:33:00,Tweaked image sizes,c079d6d3-a1b8-57a5-afd3-36078aaa8674
Github,Lauren Klein,2021-01-08T09:20:00,Added missing caption,69d7a153-471d-5891-b28c-6b84f45a431c
Github,Lauren Klein,2021-01-08T09:20:00,Added missing caption,df5b46e9-c35c-5348-9532-8e1b184093b0
Github,Lauren Klein,2021-01-08T09:12:00,Updated Playfair process vis text,beef6e51-203a-5393-bff3-d638c46faae6
Github,Lauren Klein,2021-01-08T09:12:00,Updated Playfair process vis text,0b291dc1-77d7-56c4-8788-71ecb5f9eba6
Github,Dan Jutan,2021-01-08T07:54:00,finish todos,1247d56d-61d2-5dc2-8baf-87b33a0d8060
Github,Dan Jutan,2021-01-08T07:54:00,finish todos,b4c5944c-81e0-563f-a9f7-fb3329c1a14a
Github,Dan Jutan,2021-01-08T06:25:00,(hopefull) fix glitchy second scrollytell,d42ce975-fe93-5826-8d0d-32bb4c4fa9cc
Github,Dan Jutan,2021-01-08T06:25:00,(hopefull) fix glitchy second scrollytell,f54279c6-5235-5e7a-9472-e1e5bdedfae6
Github,Jianing Fu,2021-01-08T01:53:00,"Merge pull request #92 from GeorgiaTechDHLab/playfair-fix,413d4fea-89a9-5007-82c1-40d4535dc77c
,521e4c69-2481-53db-b769-b689e83ffea4
added dot domain",8ce0f083-c1c7-54cf-a779-3396c0b2528b
Github,Jianing Fu,2021-01-08T01:53:00,"Merge pull request #92 from GeorgiaTechDHLab/playfair-fix,34ee5c52-6f17-5f46-9af1-8898be1017e4
,47f8e92c-9de6-58e8-80c8-d247705af802
added dot domain",852cf6df-1aa4-5e8e-8ee8-c9ecc4097146
Github,Jianing Fu,2021-01-08T01:53:00,added dot domain,5ed0294d-a127-5292-b0d0-4b5256f16d5c
Github,Jianing Fu,2021-01-08T01:53:00,added dot domain,aa2f770c-1a6b-5162-a0fe-fef33ac70bb4
Github,Dan Jutan,2021-01-07T22:59:00,finally much better collect,0682b097-5830-5d5c-9dd4-bd8fde58bd9d
Github,Dan Jutan,2021-01-07T22:59:00,finally much better collect,8b4b7c49-19e0-5011-a466-8c7cec3435d2
Github,Lauren Klein,2021-01-07T21:06:00,Merge branch 'master' of https://github.com/GeorgiaTechDHLab/DataByDesign,93748850-b347-5a0b-ba98-3c99671e6c49
Github,Lauren Klein,2021-01-07T21:06:00,Merge branch 'master' of https://github.com/GeorgiaTechDHLab/DataByDesign,36391959-0f68-57f4-b676-50deae4e03f8
Github,Lauren Klein,2021-01-07T21:06:00,Added floorchart images,03189693-124c-58c6-a2c1-833b55308df1
Github,Lauren Klein,2021-01-07T21:06:00,Added floorchart images,1b7d9daf-ec9a-570e-af4a-63f0b5076eeb
Github,Dan Jutan,2021-01-07T20:52:00,Merge branch 'master' of github.com:GeorgiaTechDHLab/DataByDesign,f1cfd9b3-be20-57d6-b7c3-a732f750f320
Github,Dan Jutan,2021-01-07T20:52:00,Merge branch 'master' of github.com:GeorgiaTechDHLab/DataByDesign,782bee0f-94bf-5d0b-b438-6e5fdfefc05a
Github,Dan Jutan,2021-01-07T20:52:00,grid todos,5ce23d12-491f-59f8-b838-ea724f999c56
Github,Dan Jutan,2021-01-07T20:52:00,grid todos,7f05e6ca-18ad-5d56-8876-8d705192d9c0
Github,Jianing Fu,2021-01-07T03:56:00,"Merge pull request #91 from GeorgiaTechDHLab/playfair-fix,56136e15-f372-5bfd-8a73-df23ead2cd73
,3a76b250-3870-53e4-8acd-b45d16fbbb4e
fix d3 size",aedf1d0c-1932-57cd-9a92-1c032996f259
Github,Jianing Fu,2021-01-07T03:56:00,"Merge pull request #91 from GeorgiaTechDHLab/playfair-fix,31d054e2-ca16-58d8-9798-f1100ba4e387
,fa2243ff-00e6-5b58-a275-7fa209da685b
fix d3 size",2ac4f096-66b0-57f7-8093-53cdb36b661b
Github,Jianing Fu,2021-01-07T03:56:00,fix d3 size,ef87ffe9-47e5-59c3-9ff7-d60cbfb0d0ee
Github,Jianing Fu,2021-01-07T03:56:00,fix d3 size,a3e2e090-9044-592a-b679-1f343c9e3745
Github,Dan Jutan,2021-01-06T20:27:00,"Merge pull request #90 from GeorgiaTechDHLab/playfair-todos,0ff2a58d-3f4a-51e6-be44-ecad037d74aa
,09418c89-d1fb-5afa-a69b-178e29a897d2
Scrollytell and Header Adjustments",73f672e3-44ec-5bb5-8b64-a32d20b6d8b5
Github,Dan Jutan,2021-01-06T20:27:00,"Merge pull request #90 from GeorgiaTechDHLab/playfair-todos,11d2ff04-742b-507a-9b13-adfb11f77df0
,a093d49a-bfc2-511f-9d14-afccc6b88c9f
Scrollytell and Header Adjustments",5b74480c-01e4-5ceb-b6d8-79e97334e8a4
Github,Dan Jutan,2021-01-06T20:26:00,playfair scrollytell,e240c666-5f40-5033-89c1-f2fb4194b7d7
Github,Dan Jutan,2021-01-06T20:26:00,playfair scrollytell,57c2e905-d205-5c5f-86a6-981f3a9ad84b
Github,Dan Jutan,2021-01-06T06:50:00,Merge branch 'playfair-todos' of github.com:GeorgiaTechDHLab/DataByDesign into playfair-todos,9df2cf3b-57b0-5b9b-a42d-447dc8a0a8cc
Github,Dan Jutan,2021-01-06T06:50:00,Merge branch 'playfair-todos' of github.com:GeorgiaTechDHLab/DataByDesign into playfair-todos,8942d64c-0e67-534b-b5e5-0d36ac9fd5ba
Github,Dan Jutan,2021-01-06T06:39:00,fix offset accuracy; add pause feature,81a4638f-dff2-55ea-9364-6da4a7da5f7a
Github,Dan Jutan,2021-01-06T06:39:00,fix offset accuracy; add pause feature,d05cb517-4d65-55c9-81f2-cbe5d10b7084
Github,Dan Jutan,2021-01-06T06:39:00,fix offset accuracy; add pause feature,7af23f7f-9a65-50ef-8698-c151375f12bc
Github,Dan Jutan,2021-01-06T06:39:00,fix offset accuracy; add pause feature,4ca2c799-c99c-5fad-8ba4-42b7b9bfa5e8
Github,Dan Jutan,2021-01-05T20:41:00,align header with chapter when resizing,cf14a542-0223-5fc1-b154-e61c925a0c02
Github,Dan Jutan,2021-01-05T20:41:00,align header with chapter when resizing,1fbfbd73-f2a0-5fcb-be57-828628dc13c9
Github,Dan Jutan,2021-01-05T20:11:00,adjust home page margin,9239c150-0fe3-5dcb-bab9-22f8dfd9962c
Github,Dan Jutan,2021-01-05T20:11:00,adjust home page margin,96fc7046-e171-5e92-8f2a-3a6d3b382afb
Github,Dan Jutan,2021-01-05T20:06:00,make header less obtrusive,c1f7bcbd-18a1-5167-a73d-199ee9f77758
Github,Dan Jutan,2021-01-05T20:06:00,make header less obtrusive,7cc70540-ae24-550e-9f68-1329eb60243e
Github,Jianing Fu,2021-01-04T10:08:00,"Merge pull request #88 from GeorgiaTechDHLab/playfair-fix,e74cc623-7602-539b-bc72-d2b702d66907
,3fb6fb3c-5a6f-51aa-8cd1-30fc78889a13
fix stacked bar",032a11d0-3307-5a1b-a3e6-e5f9906e4c05
Github,Jianing Fu,2021-01-04T10:08:00,"Merge pull request #88 from GeorgiaTechDHLab/playfair-fix,31687f6c-44ec-5047-a2cf-a8950680f2d2
,c6d20f30-16df-5755-ac4f-efb6efdccc42
fix stacked bar",de4bc77d-e67f-57d3-99c4-a7ac4312922f
Github,Jianing Fu,2021-01-04T10:08:00,Merge branch 'master' into playfair-fix,29368c4a-428a-5abe-8af5-693be1bd9cac
Github,Jianing Fu,2021-01-04T10:08:00,Merge branch 'master' into playfair-fix,921cc529-164d-5321-aff0-f6e02b5cad5a
Github,Jianing Fu,2021-01-04T10:07:00,fix stacked bar,acbf2e1f-0092-5812-9acf-72eb50e16bb8
Github,Jianing Fu,2021-01-04T10:07:00,fix stacked bar,b261d6ec-5015-500e-9b5f-4a7c2ab90b39
Github,Lauren Klein,2021-01-04T09:06:00,Merge branch 'master' of https://github.com/GeorgiaTechDHLab/DataByDesign,4e6145b8-ff92-5cb7-ab4c-3a365cc4c4ae
Github,Lauren Klein,2021-01-04T09:06:00,Merge branch 'master' of https://github.com/GeorgiaTechDHLab/DataByDesign,5bf9628f-dd9e-574a-9d69-e08f04aab7b6
Github,Lauren Klein,2021-01-04T09:06:00,Added/tweaked vis captions,a8543348-bda3-5df9-9526-3c596bd1eb9f
Github,Lauren Klein,2021-01-04T09:06:00,Added/tweaked vis captions,96284898-0037-5d7e-a782-14772c8eb7b0
Github,Jianing Fu,2021-01-04T08:50:00,"Merge pull request #87 from GeorgiaTechDHLab/playfair-fix,812f743f-0e8a-534c-a75b-ae8b810e02d5
,4804ec9a-276c-551f-bdd3-e5d523c5cb05
add hover over",d4a89514-d3dc-5452-96f1-98163ba3fa0a
Github,Jianing Fu,2021-01-04T08:50:00,"Merge pull request #87 from GeorgiaTechDHLab/playfair-fix,e95448eb-4b20-549e-8c47-a7c15e58fa0a
,471f092a-2374-55db-96f2-5e3b6d846452
add hover over",b9024af6-171b-59a1-9726-1e8d2e1de739
Github,Jianing Fu,2021-01-04T08:50:00,Merge branch 'master' into playfair-fix,ff2e2364-275b-57d8-9061-f3c0f14f4453
Github,Jianing Fu,2021-01-04T08:50:00,Merge branch 'master' into playfair-fix,11af03a6-8ec0-5632-83ee-947a6750ffb8
Github,Jianing Fu,2021-01-04T08:49:00,add hover over,71e34210-d674-5fff-aabd-52526c07bd77
Github,Jianing Fu,2021-01-04T08:49:00,add hover over,614355ff-2b4c-5f21-8aad-843cdf11a537
Github,Lauren Klein,2021-01-04T08:33:00,Tweak caption of covid/income/women vis,f3d9b398-c97b-50f9-9987-aa7cddedfb72
Github,Lauren Klein,2021-01-04T08:33:00,Tweak caption of covid/income/women vis,50bb3df0-414e-5365-8001-034ca139ada2
Github,Jianing Fu,2021-01-04T03:29:00,"Merge pull request #86 from GeorgiaTechDHLab/playfair-fix,ff3f7e8b-0403-5c95-8e29-7a385f429dd4
,b9bc4355-4a11-57e7-8bd6-11d4600347dd
minor fix",735a75f3-32c4-583f-b430-bb12031998f8
Github,Jianing Fu,2021-01-04T03:29:00,"Merge pull request #86 from GeorgiaTechDHLab/playfair-fix,6c36f004-2797-5be3-9735-fdfef3a84969
,a4f36c48-59f2-552f-9ca0-84e444f80e1d
minor fix",82be8ef2-0c44-5b3a-9004-d53cb5cdec8b
Github,Jianing Fu,2021-01-04T03:28:00,minor fix,072273e8-8317-53c0-a3e2-f028f4cd9833
Github,Jianing Fu,2021-01-04T03:28:00,minor fix,e1be0c9b-1bcd-5437-8a4e-3a150ef0c9e0
Github,Dan Jutan,2021-01-03T09:51:00,fix priestly -> priestley,e5346b52-f6f7-56b9-9053-4ffcb7b0374d
Github,Dan Jutan,2021-01-03T09:51:00,fix priestly -> priestley,b78eb6c9-6b7f-5d37-9f83-2aa3ae5094d2
Github,Dan Jutan,2021-01-03T09:45:00,begin removing unused files,437d81c1-d1e5-5ca5-85bb-40e6752aadf1
Github,Dan Jutan,2021-01-03T09:45:00,begin removing unused files,9e9d41f5-ee52-55c9-addc-920c0a641d2f
Github,Dan Jutan,2021-01-03T09:23:00,"fix reduntant ""lines of exports""",5f056f1e-bd3d-5a91-bd43-1dde24aa1353
Github,Dan Jutan,2021-01-03T09:23:00,"fix reduntant ""lines of exports""",65bb93b8-841e-59bc-813c-651ac2e829a8
Github,Jianing Fu,2021-01-03T08:35:00,"Merge pull request #85 from GeorgiaTechDHLab/homepage-fix,f862d495-71a4-5401-8515-3dca1743eee5
,16e75325-93ba-5c04-bd65-862add296448
picline fix",4ea0b4a1-836d-565c-8acc-78d1a53b1ae9
Github,Jianing Fu,2021-01-03T08:35:00,"Merge pull request #85 from GeorgiaTechDHLab/homepage-fix,2deb38bf-4ac4-5116-bde9-95b0170ac548
,ef62d37c-38db-5ee2-aefc-99ba673a2851
picline fix",cbeafa6a-ff3b-57da-87b5-0a2d203df0b8
Github,Jianing Fu,2021-01-03T08:34:00,picline fix,71f3bc4b-9ad2-50c7-8128-b0c09361fd65
Github,Jianing Fu,2021-01-03T08:34:00,picline fix,80b031ba-e2df-561a-ac5a-63f710f72126
Github,Lauren Klein,2021-01-03T08:26:00,Updated peabody chapter router link,10796052-33c9-56b7-9e0f-53912c485204
Github,Lauren Klein,2021-01-03T08:26:00,Updated peabody chapter router link,9f73b1c8-19e1-508c-9758-c12dc0d8d8d5
Github,Lauren Klein,2021-01-03T08:04:00,"Merge pull request #84 from GeorgiaTechDHLab/dxd-text,3adc0067-86a6-5403-9158-f332f17f5485
,22af9b2a-2d59-575d-9d8f-fa45087eeed0
Replaced thumbnails in timeilne; updated chapter titles throughout",ee7b267e-058f-5f25-898b-30265e6c0b0e
Github,Lauren Klein,2021-01-03T08:04:00,"Merge pull request #84 from GeorgiaTechDHLab/dxd-text,a0a71c10-ffee-5637-b902-b671a6b77a1e
,9e997a15-8938-5001-b272-77192005582a
Replaced thumbnails in timeilne; updated chapter titles throughout",1e374f8e-2a22-5919-a3fe-05ea78346192
Github,Lauren Klein,2021-01-03T08:04:00,Replaced thumbnails in timeilne; updated chapter titles throughout,c5192cf0-2663-548b-840f-afc0e41557dd
Github,Lauren Klein,2021-01-03T08:04:00,Replaced thumbnails in timeilne; updated chapter titles throughout,91c8d43a-5c3e-5aa7-9b6a-c3f81a2905fb
Github,Lauren Klein,2021-01-02T01:41:00,"Merge pull request #83 from GeorgiaTechDHLab/dxd-text,141f7ec1-9bfb-5bce-8c50-842cf0455a92
,9a362fa6-6f5c-5d65-acdc-af2e3dd2e197
A few more text/image/caption additions to the Peabody and Playfair c…",9ddba1c6-becf-5d03-a33c-f9136c1f86ad
Github,Lauren Klein,2021-01-02T01:41:00,"Merge pull request #83 from GeorgiaTechDHLab/dxd-text,237867c9-7959-5f75-a603-5a6217e59a42
,c5052626-3309-5aab-b8ea-159b072c823d
A few more text/image/caption additions to the Peabody and Playfair c…",e07ee291-481d-55b3-ba68-62b12bd37157
Github,Lauren Klein,2021-01-02T01:41:00,Merge branch 'master' into dxd-text,efbdfafc-7ca6-57ef-b656-7791f6e4b4fe
Github,Lauren Klein,2021-01-02T01:41:00,Merge branch 'master' into dxd-text,d95024f3-32f2-55fd-9a3c-b65cf63c8b4d
Github,Lauren Klein,2021-01-02T01:37:00,A few more text/image/caption additions to the Peabody and Playfair chapters.,86720a1d-ea35-5acb-bc5c-1c4657d51db9
Github,Lauren Klein,2021-01-02T01:37:00,A few more text/image/caption additions to the Peabody and Playfair chapters.,e08c071d-8d71-5ceb-b49c-f89d496f26c8
Github,Jianing Fu,2021-01-01T03:58:00,"Merge pull request #82 from GeorgiaTechDHLab/playfair_fix,c381e71e-e7ba-5b62-ae45-04bc75d1e8a2
,3e6891b3-f1bb-5619-8664-dc2c7cafcfc7
playfair vis fix",2d334ebd-c6c8-5eba-afb1-ee90cfbe78b0
Github,Jianing Fu,2021-01-01T03:58:00,"Merge pull request #82 from GeorgiaTechDHLab/playfair_fix,f63d53e2-4224-5bb4-91c2-08fa72ef4e55
,d851d7d1-0879-511a-b39b-cfe0fa736b48
playfair vis fix",38383ad8-5b8c-528e-a7b9-2127729df5d7
Github,Jianing Fu,2021-01-01T03:57:00,playfair vis fix,df547440-ef5f-5a0a-b8ed-5d88fa022e31
Github,Jianing Fu,2021-01-01T03:57:00,playfair vis fix,415eea02-da7b-5511-8b75-fddf2c550196
Github,Dan Jutan,2021-01-01T01:30:00,"Merge pull request #81 from GeorgiaTechDHLab/modularize-docs-integration,e88ca0a2-ef60-5281-b524-857a81cc6d9b
,0b3fec14-e273-528e-b066-fdbcdf8f4433
Modularize docs integration & fix image issues",923dc30c-058e-5d2b-9556-a79b04b851f7
Github,Dan Jutan,2021-01-01T01:30:00,"Merge pull request #81 from GeorgiaTechDHLab/modularize-docs-integration,a475799d-1e49-5a9a-b485-b15d7698e154
,ffbabd14-6278-5b70-a3a2-820e759ba722
Modularize docs integration & fix image issues",13f981fe-8073-59e0-b6d1-66ff8e294cf8
Github,Dan Jutan,2021-01-01T01:27:00,DocRenderer in its own repo; CaptionedImage registers on the timeline as image; ChapterScaffold manages DocRenderer props,8fa11085-8d4c-541b-8279-7a627ed5687f
Github,Dan Jutan,2021-01-01T01:27:00,DocRenderer in its own repo; CaptionedImage registers on the timeline as image; ChapterScaffold manages DocRenderer props,f45c3a1c-912e-5ef3-afb1-f58efb015d6b
Github,Dan Jutan,2021-01-01T00:31:00,fix img filename discrepancy,85db4157-5d40-5bd3-8efd-3747f53ec0ae
Github,Dan Jutan,2021-01-01T00:31:00,fix img filename discrepancy,6c552ad5-ed0c-5b70-9678-3cdc520f3d37
Github,Lauren Klein,2020-12-31T20:23:00,"Merge pull request #80 from GeorgiaTechDHLab/dxd-text,5036c0d4-cb5b-583e-8147-84c92f998e51
,21aa582b-e2da-5f9a-b8ca-b9c66b980cb5
Updated Playfair chapter w/ captions and images; removed unused components. Also tweaked the labels of some of the new visualizations.",2126588d-d236-5e23-930b-d25ee2b8f457
Github,Lauren Klein,2020-12-31T20:23:00,"Merge pull request #80 from GeorgiaTechDHLab/dxd-text,a1b400e1-31e1-50be-ac86-c6b3569e6245
,eb989d6c-8209-5bd5-a86b-c9a04422389c
Updated Playfair chapter w/ captions and images; removed unused components. Also tweaked the labels of some of the new visualizations.",cee51341-af6a-5ba2-861c-7d7848ff1db2
Github,Lauren Klein,2020-12-31T10:23:00,Changed some label text and tweaked the label layout,7741879f-d262-5d82-91ee-b7aa76231c23
Github,Lauren Klein,2020-12-31T10:23:00,Changed some label text and tweaked the label layout,5c01b3b1-586b-5deb-a95a-36132501de1d
Github,Lauren Klein,2020-12-31T10:22:00,Updated Playfair vis with final (?) images and captions; removed unused components,e1cf7c1a-e684-50e2-8f32-7d72e347814c
Github,Lauren Klein,2020-12-31T10:22:00,Updated Playfair vis with final (?) images and captions; removed unused components,739c8ce4-b536-54a9-a62e-5c164c05d580
Github,Lauren Klein,2020-12-31T08:21:00,"Merge pull request #79 from GeorgiaTechDHLab/dxd-text,0856ca32-a517-587e-aba6-d2e61bfc7235
,f8442b3e-1180-5473-9701-868dfbd5d37d
Fixed typo in legend and renamed items in key",11082420-e83b-5c8e-8cab-23c40f3d1e0c
Github,Lauren Klein,2020-12-31T08:21:00,"Merge pull request #79 from GeorgiaTechDHLab/dxd-text,b8f5774a-b89f-5dff-bb71-82a85e6a81dd
,71138555-601d-5c75-9d5f-e587cd24009f
Fixed typo in legend and renamed items in key",f07f5af2-608e-5eb6-ae50-ae804fc3d856
Github,Lauren Klein,2020-12-31T08:21:00,Merge branch 'master' into dxd-text,d62de23e-fa6f-5ac0-82e7-b26f6ffd97e2
Github,Lauren Klein,2020-12-31T08:21:00,Merge branch 'master' into dxd-text,7e1f1945-512d-5b06-a5dd-c1c0ce9280e2
Github,Lauren Klein,2020-12-31T08:07:00,Fixed typo in legend and renamed items in key,06bf4272-e8ed-5ab7-b3c7-e3d61a50539f
Github,Dan Jutan,2020-12-29T08:55:00,Update README.md,9ce5faf5-4e18-523f-92c4-4c5fa78337c8
Github,Dan Jutan,2020-12-29T08:55:00,Update README.md,60ab8f49-0105-5b32-981e-a494e3373501
Github,Jianing Fu,2020-12-29T03:09:00,"Merge pull request #78 from GeorgiaTechDHLab/timeline-fix,06868ae1-7cbc-5b44-a12a-7a1864bbe94a
,d8e0f38c-5299-53fa-8d55-eec08a415fcf
fix homepage timeline hover layers",f9e48ade-09e6-572c-9393-c21c59f7d42e
Github,Jianing Fu,2020-12-29T03:09:00,"Merge pull request #78 from GeorgiaTechDHLab/timeline-fix,b7ee2393-1acc-5b5b-86f9-63e90af9d2e8
,330df4d9-75db-541d-bcdb-868b284a9069
fix homepage timeline hover layers",f4e1774c-22bf-5539-add7-86a5e70fab60
Github,Jianing Fu,2020-12-29T03:09:00,fix homepage timeline hover layers,ab5a42cd-512d-5fe5-9976-4a0cf2e5e2dc
Github,Jianing Fu,2020-12-29T03:09:00,fix homepage timeline hover layers,6644c06d-ea08-5d3c-9903-0e679363aa92
Github,Dan Jutan,2020-12-28T05:17:00,remove notebooktypes console log,276d5105-9f6c-52db-a1c8-777d7d90861a
Github,Dan Jutan,2020-12-28T05:17:00,remove notebooktypes console log,508b8a9d-6fee-50b0-86dd-26398bb77221
Github,Dan Jutan,2020-12-28T05:05:00,playfair navline integration. extract common functionality into navlinemixin.js,7cf2d4e9-85ff-5105-89da-b0d0bf162e24
Github,Dan Jutan,2020-12-28T05:05:00,playfair navline integration. extract common functionality into navlinemixin.js,df298ace-a624-50fd-be28-26012e276021
Github,Lauren Klein,2020-12-26T08:25:00,"Merge pull request #77 from GeorgiaTechDHLab/dxd-text,c185ff10-ae18-5c27-8ffe-a8ba772817fc
,306d0c83-ce36-5b54-95f4-eb1366834ca3
Added images for Playfair and Peabody chapters",00618dc7-730f-58d1-af2b-7ae196762b45
Github,Lauren Klein,2020-12-26T08:25:00,"Merge pull request #77 from GeorgiaTechDHLab/dxd-text,e4e563c2-d064-5754-8eb9-00b7f9819db1
,4914debc-e56f-518f-9658-29e47d53da42
Added images for Playfair and Peabody chapters",40a2c849-e2eb-5d16-b66d-35acece9b217
Github,Lauren Klein,2020-12-26T08:25:00,Added one more Playfair image,5ea630bf-e13e-5d86-8d30-8368ed9a31a0
Github,Lauren Klein,2020-12-26T08:23:00,Adding images for Playfair and Peabody chapters; thumbnails for main timeline,e315e589-9af2-5318-bdcf-b077dab7c39d
Github,Dan Jutan,2020-12-25T21:09:00,captioned image width fix,913a82bb-1655-5cac-979d-a6c8fb85f805
Github,Dan Jutan,2020-12-25T21:09:00,captioned image width fix,a0fba7b9-2975-5266-bc8c-7494053c1c09
Github,Dan Jutan,2020-12-25T20:48:00,Merge branch 'master' of https://github.com/GeorgiaTechDHLab/DataByDesign,a90e871b-8c2a-5703-9e19-6ee8779937ce
Github,Dan Jutan,2020-12-25T20:48:00,Merge branch 'master' of https://github.com/GeorgiaTechDHLab/DataByDesign,0e061f2e-540b-51b3-b1eb-d586d4002a55
Github,Dan Jutan,2020-12-25T20:46:00,captionedimage component,06015a8f-503f-5f22-a6c8-dfe25f0accc3
Github,Dan Jutan,2020-12-25T20:46:00,captionedimage component,3a1f7ed1-4c07-5455-b6af-cbc9e16bc281
Github,Dan Jutan,2020-12-25T20:46:00,captionedimage component,61019561-d6ec-5563-b7a9-00e08b663e58
Github,Dan Jutan,2020-12-25T20:46:00,captionedimage component,ef18d72d-bf47-58e8-a244-f013e266d11a
Github,Dan Jutan,2020-12-25T20:32:00,blockquote component,47a9604c-fd0c-5102-9273-8eab11cc7524
Github,Dan Jutan,2020-12-25T20:32:00,blockquote component,d4a3743b-a0d7-5a89-b1a1-316c4687b170
Github,Dan Jutan,2020-12-25T06:14:00,footnotes load from doc,20aeb7c2-2b16-5396-a106-99cfc7acc4af
Github,Dan Jutan,2020-12-25T06:14:00,footnotes load from doc,5433e03e-a981-54e5-8a08-90b9d07e9438
Github,Jianing Fu,2020-12-25T03:31:00,"Merge pull request #76 from GeorgiaTechDHLab/playfair-covid-vis,13f1e5a8-96a0-509a-8597-b21b1a8dddc7
,0a5bc41c-67b7-52ea-aa60-c9e31d6278c1
second version",b73dfbf0-3e3b-5279-b70b-246ba609147e
Github,Jianing Fu,2020-12-25T03:31:00,"Merge pull request #76 from GeorgiaTechDHLab/playfair-covid-vis,7fade6a4-50f2-50cf-bfc8-ba9d2f34e530
,7968805d-09a2-55d3-86e9-2d9e8691e69e
second version",dfc80e05-bcab-5f59-ad9f-c5fe4a14a6f6
Github,Jianing Fu,2020-12-25T03:28:00,second version,bd1bc571-224d-53be-93d6-dc6714fee5cb
Github,Jianing Fu,2020-12-25T03:28:00,second version,976087c3-09bc-559c-b0ef-d1625354756a
Github,Jianing Fu,2020-12-25T03:03:00,"Merge pull request #75 from GeorgiaTechDHLab/playfair-covid-vis,a89c6e41-c7e1-5b0d-83a4-c3bbf429f28a
,4028a1c6-200b-548a-936a-c1fb9d2c1d31
adjust coxcomb",f19d16b8-fc8b-5142-a055-4a412d6e6808
Github,Jianing Fu,2020-12-25T03:03:00,"Merge pull request #75 from GeorgiaTechDHLab/playfair-covid-vis,d49cdb6a-4ebc-5b9e-a54a-8826c38938e6
,cb5cd282-1921-545d-92ff-5d75248ca194
adjust coxcomb",8e3e53c8-34f8-5353-a97a-2fd03fac89db
Github,Jianing Fu,2020-12-25T03:02:00,adjust coxcomb,16cc1532-ba61-5c83-b845-70050d2b028b
Github,Jianing Fu,2020-12-25T03:02:00,adjust coxcomb,0f9aeaf6-3997-59df-9092-0eb491241b19
Github,Jianing Fu,2020-12-24T04:49:00,"Merge pull request #74 from GeorgiaTechDHLab/playfair-covid-vis,f24ec413-175e-5636-917d-3fff10c9659f
,8fac0549-1796-5543-92f4-63da75399eaa
add coxcomb, add dataSelection for covid, women, income",821cf629-4d80-5f19-bcdd-49598907b837
Github,Jianing Fu,2020-12-24T04:49:00,"Merge pull request #74 from GeorgiaTechDHLab/playfair-covid-vis,c1c6da82-abfb-599d-b8aa-dc5a46e42ca1
,cb4efe08-1b04-59b6-ba7e-a3b087048de9
add coxcomb, add dataSelection for covid, women, income",6d3796b8-e8d3-5c43-85aa-d30458748b50
Github,Jianing Fu,2020-12-24T04:48:00,"add coxcomb, add dataSelection for covid, women, income",16ddc0c2-05bd-5834-922c-da956a9bb511
Github,Jianing Fu,2020-12-24T04:48:00,"add coxcomb, add dataSelection for covid, women, income",95b3fcbe-9ac9-53bd-8f05-a7b3185290db
Github,Dan Jutan,2020-12-23T07:53:00,Merge branch 'master' of https://github.com/GeorgiaTechDHLab/DataByDesign,6bfa797f-46f5-56b3-9e49-d5511cc597bb
Github,Dan Jutan,2020-12-23T07:53:00,Merge branch 'master' of https://github.com/GeorgiaTechDHLab/DataByDesign,4a58fce3-6f82-5146-ace6-d45f3e931912
Github,Dan Jutan,2020-12-23T07:53:00,add script and mode-specific .env file to run remote server,cba80f3a-906e-5933-a479-243add7c2fdd
Github,Dan Jutan,2020-12-23T07:53:00,add script and mode-specific .env file to run remote server,5f526b7d-bd02-5a94-9033-533829c94a7e
Github,Jianing Fu,2020-12-23T06:13:00,"Merge pull request #73 from GeorgiaTechDHLab/playfair-covid-vis,a70e250b-6b43-59db-b65b-83a8992d6a51
,e1fb88c4-e40c-521d-ace8-aac2fb511a91
Playfair covid vis",3efa8b9d-74a4-5136-aa3c-0d1aea971161
Github,Jianing Fu,2020-12-23T06:13:00,"Merge pull request #73 from GeorgiaTechDHLab/playfair-covid-vis,b16cf032-1df6-5f30-b13a-5b7da6b7daf8
,fff7f280-9851-5a45-b3bc-6b53f3d21f10
Playfair covid vis",e0c99758-80ee-5c78-9770-a9aa058a116b
Github,Jianing Fu,2020-12-23T06:12:00,added vis,e2d21c45-cf9a-5564-b7d5-e00dd4f6654a
Github,Jianing Fu,2020-12-23T06:12:00,added vis,18d3af8e-1a61-5c5e-b4e5-59108cee72a1
Github,Jianing Fu,2020-12-23T03:13:00,add more datasets,ea6921da-227c-5c89-a436-8246d6458e55
Github,Jianing Fu,2020-12-23T03:13:00,add more datasets,d8d97c45-c6c4-5ffe-9f2f-386d38c879cd
Github,Dan Jutan,2020-12-23T03:07:00,templates done,c93820fd-1c46-5736-9e95-0872f304179b
Github,Dan Jutan,2020-12-23T03:07:00,templates done,f8ea6dcf-35ad-5d09-b3dc-8aa583ff4751
Github,Dan Jutan,2020-12-22T21:55:00,add prod script,6db61e76-4a72-5b50-be46-d9a011249631
Github,Dan Jutan,2020-12-22T21:55:00,add prod script,72d7e2cb-a79b-5dbb-8149-6bf1b2e7cc86
Github,Dan Jutan,2020-12-22T19:17:00,fix and clealeanup playfair Vue options (was previously a copy of Peabody),54eb6c90-ff22-57ef-9416-1dac98c70363
Github,Dan Jutan,2020-12-22T19:17:00,fix and clealeanup playfair Vue options (was previously a copy of Peabody),7f28c5c4-2a0d-567d-87c9-3033afc3034a
Github,Dan Jutan,2020-12-22T07:52:00,don't show title header for the introduction section,2f7e3ac3-90f0-56ec-b2c3-c7f2526e0e46
Github,Dan Jutan,2020-12-22T07:52:00,don't show title header for the introduction section,702deb17-6629-59e9-b6a9-cc20e6fb0806
Github,Dan Jutan,2020-12-22T07:48:00,"Merge pull request #72 from GeorgiaTechDHLab/peabody-docs,e2544095-275a-55d0-aada-17404b9414ce
,670a99bd-627c-575f-9020-a229f770312d
Full docs integration for Peabody",94d523cf-d245-5ea4-9a76-41602269641a
Github,Dan Jutan,2020-12-22T07:48:00,"Merge pull request #72 from GeorgiaTechDHLab/peabody-docs,eb5c2365-bb88-56ee-9c51-1d31962dd269
,5e2d3e82-674f-5d36-b285-77b1f685ae3d
Full docs integration for Peabody",e7dee39e-e79a-5924-98b9-804257c7b926
Github,Dan Jutan,2020-12-22T07:40:00,proper subsection tracking,eb18679c-8cc8-5a19-9463-2eb82e29456c
Github,Dan Jutan,2020-12-22T07:40:00,proper subsection tracking,36bf81e3-f04c-5d1e-9f33-768529dca7a9
Github,Dan Jutan,2020-12-22T07:03:00,don't render empty paragraphs,ba8a028e-c7b8-5852-8603-a6c81e183e09
Github,Dan Jutan,2020-12-22T07:03:00,don't render empty paragraphs,1450d5a9-52cf-55bc-8d1d-7bf155ac7c35
Github,Jianing Fu,2020-12-22T05:27:00,"Merge pull request #71 from GeorgiaTechDHLab/playfair-covid-vis,b619bbf8-a6ec-53f8-b324-40ec2726e972
,480cd616-5ccd-5a62-bc44-d6a0fc2aad48
complete covid data, bug fix, add router link to playfair chapter",5d2dd21c-544c-52da-b8a7-4f3976c37436
Github,Jianing Fu,2020-12-22T05:27:00,"Merge pull request #71 from GeorgiaTechDHLab/playfair-covid-vis,8b915732-b756-5233-99b0-4c7955fd40da
,3566501a-62a1-5ac0-8b55-0a2c4dada2ea
complete covid data, bug fix, add router link to playfair chapter",f1ca84a3-bc4d-54ed-b7e9-4f47479ea5bb
Github,Jianing Fu,2020-12-22T05:21:00,"complete covid data, bug fix, add router link to playfair chapter",6e6f5a55-233a-560e-9ebb-03acdd72b59d
Github,Jianing Fu,2020-12-22T05:21:00,"complete covid data, bug fix, add router link to playfair chapter",67c05c46-ec0e-5e81-a1d3-a2c12b3c50e9
Github,Dan Jutan,2020-12-21T22:40:00,peabody is docs,584404d5-9b36-56f3-8d64-be63bf02ff09
Github,Dan Jutan,2020-12-21T22:40:00,peabody is docs,588d7e40-e29e-5f8d-9477-58d847ab3818
Github,Dan Jutan,2020-12-21T20:08:00,deal with objects before first section,fe69637e-2236-5187-81eb-33570d9d984f
Github,Dan Jutan,2020-12-21T20:08:00,deal with objects before first section,626db1ae-ee3b-5305-87ff-81a3751f4b35
Github,Dan Jutan,2020-12-21T19:45:00,basic inline slot inner text support,3dda4d4a-2edb-5d37-af93-deba2c15a579
Github,Dan Jutan,2020-12-21T19:45:00,basic inline slot inner text support,69bb7820-8855-592c-b7cf-6c582ccc3c79
Github,Dan Jutan,2020-12-21T07:55:00,Merge branch 'master' of https://github.com/GeorgiaTechDHLab/DataByDesign,66720776-da30-5d3d-b2c9-ed40eaa5ec2c
Github,Dan Jutan,2020-12-21T07:55:00,Merge branch 'master' of https://github.com/GeorgiaTechDHLab/DataByDesign,9a62b93e-cf31-53e5-abba-9950e11d0a2f
Github,Dan Jutan,2020-12-21T07:55:00,footnote & inline slot support,27e81fa7-5bb7-58a1-a415-4fc76558374c
Github,Dan Jutan,2020-12-21T07:55:00,footnote & inline slot support,0ed76c96-386f-5000-843c-50a855c6ab47
Github,Dan Jutan,2020-12-21T06:46:00,fix type function error,be3b01a8-6b0a-5704-b3c7-748350925bdd
Github,Dan Jutan,2020-12-21T06:46:00,fix type function error,2158a42d-bfc6-5909-904f-7be3ad5549f9
Github,Jianing Fu,2020-12-21T06:45:00,"Merge pull request #70 from GeorgiaTechDHLab/playfair-covid-vis,87124442-a44e-5983-8198-761fb630e06d
,5c2a4e03-5262-5ab0-8da6-e522d17150a4
added uk covid data",b01b23b1-0ee7-5933-8603-8e8f0c7a837f
Github,Jianing Fu,2020-12-21T06:45:00,"Merge pull request #70 from GeorgiaTechDHLab/playfair-covid-vis,c27d4a12-2f22-54ab-bdfd-34738043a59d
,a140780c-1ad7-5440-ab68-981fee5287a6
added uk covid data",c6181600-49ec-5eef-8638-eadf4cce4f06
Github,Jianing Fu,2020-12-21T06:43:00,added uk covid data,3647bd0e-b0d1-5fb7-9be7-df8852b6b87a
Github,Jianing Fu,2020-12-21T06:43:00,added uk covid data,968a23b9-35b4-5fd9-9615-3093202e3956
Github,Jianing Fu,2020-12-20T05:39:00,"Merge pull request #69 from GeorgiaTechDHLab/playfair-covid-vis,c7a6ed48-d5f1-5863-8c4b-4ff37f4478fc
,70421b59-65a3-5f8b-bf04-16b076ba7325
added vis back",fc13ac99-e7e4-55ad-8bda-e2b057167d68
Github,Jianing Fu,2020-12-20T05:39:00,"Merge pull request #69 from GeorgiaTechDHLab/playfair-covid-vis,15201104-991e-51ca-abe4-5c2c07d7dd28
,32bafbd6-dace-5852-90d6-3f3799ea9b21
added vis back",b05c91d0-1633-5075-a099-3e3af3c30a1e
Github,Jianing Fu,2020-12-20T05:38:00,added vis back,d0c70ce6-4641-56df-980e-2461435750ad
Github,Jianing Fu,2020-12-20T05:38:00,added vis back,537f2ce2-2af5-58c1-8fb6-0f85df02e672
Github,Dan Jutan,2020-12-20T05:14:00,Merge branch 'docs-integration',ccef04ce-abd7-5592-b588-1778c7703ac9
Github,Dan Jutan,2020-12-20T05:14:00,Merge branch 'docs-integration',ccd81dda-3b1a-5149-b7a4-aa8bf1b756c4
Github,Dan Jutan,2020-12-20T05:10:00,tag fixes in playfair,250a480b-ae10-5a44-8546-9364a5b8a672
Github,Dan Jutan,2020-12-20T04:44:00,no docsconfig file warning,8f5d0693-b9f2-5d0c-a502-b8027d44e6fa
Github,Dan Jutan,2020-12-20T04:44:00,no docsconfig file warning,b1516f0e-cb73-55e0-b7f3-0be49730b103
Github,Dan Jutan,2020-12-19T03:09:00,"Merge pull request #67 from GeorgiaTechDHLab/dxd-text,cd00086d-ba54-5b02-8954-1876a8c08bab
,1e45423f-ee70-5a31-ad5b-748daf2e31d6
Updated Playfair text and images",e94c4397-4b6a-514c-86f5-7f7c1ade0b70
Github,Dan Jutan,2020-12-19T03:09:00,Merge branch 'master' into dxd-text,327a2c66-0eda-5d72-9c08-ef3ec079dfbe
Github,Lauren Klein,2020-12-19T02:09:00,Updated Playfair chapter text and images,39905105-d0fb-584d-8d08-dfeaff84840f
Github,Dan Jutan,2020-12-16T20:21:00,working parseInner function,4af1f39c-ee53-5b9a-b2e2-38895a4d6dc5
Github,Dan Jutan,2020-12-16T20:21:00,working parseInner function,da3ed3a7-6afe-5a5c-9ff0-40a6fed81472
Github,Dan Jutan,2020-12-16T19:46:00,broken parseInner function,099dfd1e-54c2-51c8-a9a1-8a6330c55d12
Github,Dan Jutan,2020-12-16T19:46:00,broken parseInner function,c686e4b1-06f8-5fcf-a816-18450694b18b
Github,Dan Jutan,2020-12-14T23:17:00,delete docs config from repo,1ba8a44a-3906-5972-8902-c45155cffb0d
Github,Dan Jutan,2020-12-14T23:17:00,delete docs config from repo,3db2c83a-0210-5c28-aa2d-1408691a0860
Github,Dan Jutan,2020-12-14T23:02:00,doc renderer supports sections,ec9a322f-51cd-539f-a074-a852f6fe2c70
Github,Dan Jutan,2020-12-14T23:02:00,doc renderer supports sections,fd6514a9-4fad-58ca-86a8-4ba3b3a82c61
Github,Dan Jutan,2020-12-08T00:39:00,fix scrollytell glitching,1043d765-4c50-53e3-8b1b-f1ff5f7de435
Github,Dan Jutan,2020-12-07T20:35:00,fix notebook stickiness,4bc92aba-1fc7-5b9f-9514-b8fdc1b15895
Github,Dan Jutan,2020-11-17T06:14:00,"Merge pull request #66 from GeorgiaTechDHLab/playfair,2847e0c2-1fd6-5331-b9a5-69f76c9742f9
,5517e1f1-1a32-57f9-a055-3aa44b77426e
Playfair",b5149980-24f2-5d83-86a6-3ad44b55b02c
Github,Lauren Klein,2020-11-17T01:47:00,Created test chapter,2f0b22ae-7607-5e28-80eb-cf6caeee882f
Github,Dan Jutan,2020-11-16T23:09:00,timeline tweaking,494853bc-ba47-5006-ad69-4064d152a3fc
Github,Dan Jutan,2020-11-16T22:42:00,womens rights editable,9a5d7e9e-e19c-57be-8ba5-9da649f5132d
Github,Dan Jutan,2020-11-16T21:45:00,embarassingly long overdue git push,433716df-4c38-5ed6-970c-3cbd1629129c
Github,Jianing Fu,2020-11-13T04:50:00,added draft and bumpy line & animation,810e4a7c-a9ec-5680-8126-8aa3d6fc0a4c
Github,Jianing Fu,2020-11-05T05:43:00,added bumpy line,3ecde5b5-941c-5b1b-abff-8b86184909f5
Github,Jianing Fu,2020-10-30T01:19:00,scrollytell working,312a9515-0203-57e9-987e-47ff3b89e5ec
Github,Jianing Fu,2020-10-25T02:24:00,reading csv,a0e21cfc-cbc0-52f1-aeaa-aad85e8ebebf
Github,Jianing Fu,2020-10-18T04:29:00,add playfair chapter,2aa17b58-06fb-5c0f-af68-12efef502e31
Github,Dan Jutan,2020-09-25T18:49:00,peabody multi canvas,b9d12d23-733e-5354-8806-7f0dffcf92ac
Github,Dan Jutan,2020-09-25T03:00:00,update production api url,5addb596-2471-56bf-aee4-8abfd91704bb
Github,Dan Jutan,2020-09-18T18:11:00,https attempted fix,77298d9c-bcaf-5329-8bcd-ff8b22c86a0b
Github,Dan Jutan,2020-09-18T06:57:00,move legends down,496e864b-42bd-512d-a830-ca5974ac8d23
Github,Dan Jutan,2020-09-18T06:34:00,"dev mode warning, footnote update",02e6ed25-5165-52b5-9c4e-7b25033a9da5
Github,Dan Jutan,2020-09-18T05:55:00,"Merge pull request #65 from GeorgiaTechDHLab/homepage_fix,98a2ecb3-e652-5ad4-9fe9-fc5eb9b077f3
,2d82df63-b454-5718-b9bb-c277db4ec6b7
fixed homepage issues",9304b8c0-4814-5682-a672-2c2fd49295ed
Github,Jianing Fu,2020-09-11T23:03:00,update Qing's image,d9752b0b-992d-57bd-9aa1-21cea52a6882
Github,Jianing Fu,2020-09-11T19:31:00,homepage updated,f072e99f-e5cb-566e-8274-543bd6c16b8f
Github,Dan Jutan,2020-09-10T04:55:00,"when in production, use hosted server",fda2c364-15f4-51e0-ab45-adc4606002f3
Github,Jianing Fu,2020-09-04T00:53:00,added credit pictures,7b40dd84-3fdd-55d5-803c-acfdf48a4ad2
Github,Dan Jutan,2020-09-02T23:37:00,pushing current version of quiz + mutable,2a2eed69-f244-50fa-9ed0-86ec5cbd4b89
Github,Jianing Fu,2020-08-31T00:57:00,fixed timeline pic pose,880bcd21-89b9-5929-b7cd-c71ede8cdda7
Github,Jianing Fu,2020-08-29T01:02:00,fixed homepage,ae123a5c-5be6-58ca-8483-c312626779f2
Github,Jianing Fu,2020-08-28T04:32:00,fixed hp,801c78bb-b718-5cd0-8289-39c23dc695f7
Github,Jianing Fu,2020-08-23T02:51:00,fixed homepage issues,b27ea023-693f-5e47-876d-4bf0f76239ba
Github,Dan Jutan,2020-08-17T20:09:00,bunch of notebook/highlighting bug fixes,48cad852-7aa8-5e9f-b110-4bea8194d3bc
Github,Dan Jutan,2020-08-15T03:55:00,fix conflicts,a2ef4dea-e3ef-51d9-b8aa-fa1be71fedb3
Github,Dan Jutan,2020-08-15T03:49:00,get rid of double timeline bug in debugging,838cacd2-8445-5a75-b56a-fcd80c19d339
Github,Dan Jutan,2020-08-15T03:49:00,get rid of double timeline bug in debugging,da026717-b576-5b79-8dda-82bddbaf8af2
Github,Dan Jutan,2020-08-15T03:32:00,filter out header elements when dividing subsections,f732a218-6506-59f8-a03c-9416437cf640
Github,Dan Jutan,2020-08-15T01:10:00,update peabody text,21073756-16c8-516b-a826-8d6eb934a8d3
Github,Dan Jutan,2020-08-14T23:38:00,peabody grid and peabody canvas interreactive,48985c74-114f-57b0-803b-386cf8dfdf72
Github,Dan Jutan,2020-08-11T20:04:00,just gotta push,44fbc432-800d-59bd-a155-9d39a451f636
Github,Dan Jutan,2020-08-08T00:20:00,event box and error fixes,7b67476d-52f0-5753-9396-31ff612f380c
Github,Dan Jutan,2020-08-05T20:17:00,fix glitchy scroll trigger,fbae4107-ecae-5d6d-b210-bc6d6707c3de
Github,Dan Jutan,2020-08-03T21:18:00,new peabody grid,e24b0eab-8c5c-5673-992b-30da01e3bf99
Github,Dan Jutan,2020-07-28T00:20:00,EventKey works with v-model,4f43c28b-fa36-5239-959a-5ce3a801c375
Github,Dan Jutan,2020-07-27T23:27:00,PeabodyCanvas works with v-modelgit add .,aa0246d5-666a-57fc-9dd0-12a606187bbb
Github,Dan Jutan,2020-07-20T21:47:00,added footnote system,938c585c-782b-5b9b-a010-6bf25bee77af
Github,Dan Jutan,2020-07-20T02:20:00,nearest color,34474b62-d33f-567c-9187-c87d554ac5d8
Github,Dan Jutan,2020-07-20T01:43:00,commit,a1415fd6-f779-52ee-b331-409207463f3a
Github,Dan Jutan,2020-07-20T01:26:00,"mini overlay squares, and don't show when on border",6be866df-d708-563a-a943-46568a510285
Github,Dan Jutan,2020-07-20T01:26:00,"mini overlay squares, and don't show when on border",57132473-bd90-598d-9916-95118f125cbe
Github,Dan Jutan,2020-07-19T05:51:00,been working on the peabodycanvas last week and forgot to commit,0e4a1817-36b7-5757-874b-aec6ca8eb0cf
Github,Dan Jutan,2020-07-16T06:17:00,set highlight cursor to grab,b97d6ce6-a7c7-5d6b-8d99-10f8a3a69baa
Github,Dan Jutan,2020-07-15T17:26:00,"register MapScroller for dragging to notebook, and allow components to specify non-data props to retain when dragged to notebook",76dc4fc2-61df-5e17-9ec9-49ec26618595
Github,Dan Jutan,2020-07-14T22:08:00,fix bug in non-collect version,51ec17fc-3c1c-50a0-8fdf-a7cfb9c6c798
Github,Dan Jutan,2020-07-14T22:04:00,New Scrollytell structure that allows the collected elements to slide away together,a6eeeae5-8773-59dc-9c31-9bb429d2e530
Github,Dan Jutan,2020-07-13T21:35:00,always show blocks regardless of scroll,47cceeeb-73df-5d80-8516-fca1a41dccf0
Github,Dan Jutan,2020-07-13T21:30:00,tutorial scrollytell,43e05dbf-f095-5343-8ba0-381ee25d7ea0
Github,Dan Jutan,2020-07-13T06:21:00,reset the scroll before refresh,8bc3e4ce-cf87-56a5-923a-180dde76ebbe
Github,Dan Jutan,2020-07-13T06:04:00,fix offset issue,47fa5cc3-3191-500b-8d5c-7c7ca9efc04e
Github,Dan Jutan,2020-07-11T01:34:00,update vuejs,4e380d69-8a3d-5a57-a35e-5b5497dde936
Github,Dan Jutan,2020-07-08T21:40:00,consistent line endings,6de6aaf5-8a2d-53e9-8a15-0067d1c2e1b3
Github,Dan Jutan,2020-07-08T21:22:00,Consistent line endings,50f29e90-c758-5e25-979c-7bf645d1005f
Github,Dan Jutan,2020-07-05T21:16:00,a couple changes,28df4a7c-b37f-5769-a7ea-5e26f23a3e9c
Github,Dan Jutan,2020-07-04T01:14:00,viewports are relative to image size,96bf7769-8f6a-5365-85d3-eaea2f85f74b
Github,Dan Jutan,2020-07-04T00:39:00,scrolling always starts from current viewport state,6b876969-47b2-5272-8562-e8f7d3e1679b
Github,Dan Jutan,2020-07-03T20:11:00,smoother scrolling,4cc629b2-a36d-5983-a904-52460e423e09
Github,Dan Jutan,2020-07-03T01:20:00,initial scrolling map,b07f0d7b-5907-564a-8e13-ba7e5cbe1579
Github,Dan Jutan,2020-07-01T22:22:00,comment cleanup,f5784fb3-50ad-5d26-8fbc-83589ffcab4c
Github,Dan Jutan,2020-07-01T07:03:00,more accurate scrolling,5a7514b8-54fd-5e08-9de7-061008248cd4
Github,Dan Jutan,2020-06-30T23:27:00,scrollytell,63efa157-0309-5f72-8700-47106a700232
Github,Dan Jutan,2020-06-29T19:06:00,new placeholder text,be5ab565-612a-5661-9df6-d24467619a94
Github,Dan Jutan,2020-06-29T03:22:00,scrollTo navline sort of works...,f2a37cf4-4657-57fe-b604-b33ce93001cb
Github,Dan Jutan,2020-06-29T01:35:00,working section system + navline integration,6b5d43ce-25e3-59f4-8265-0879bda8c51e
Github,Dan Jutan,2020-06-21T07:41:00,deprecate chapters store and rename notebook store to fit index.js convention,1ecd680e-c170-5a16-8ad5-2c4c41a98d5a
Github,Dan Jutan,2020-06-19T21:02:00,fix peabodytimeline,19c9ec65-3373-5a7c-ae41-7e29448abb08
Github,Dan Jutan,2020-06-17T23:59:00,"Merge pull request #63 from GeorgiaTechDHLab/dataviz,b7a6d783-786c-5c7a-8cfc-c52b795bafb7
,497d3d9f-7465-5e37-a821-ffa8c166e606
Merge new data architecture",70d530e0-0f49-5e10-be7e-e4da4e0f8b2f
Github,Dan Jutan,2020-06-17T23:57:00,Mutable data successfully saves/loads from server,f05acb05-ff33-505f-ab6b-8a051c0411c7
Github,Dan Jutan,2020-06-17T21:32:00,(stuff in progress),8ce7107a-0b5a-5061-add9-53ec8e7778c5
Github,Dan Jutan,2020-06-17T21:32:00,(stuff in progress),d8cf8212-ee8c-5c68-8abd-6236942c39d8
Github,Dan Jutan,2020-06-12T07:31:00,repair saving/loading highlights from server function,ecafb0fa-5448-5248-8bc4-d88f16ef8f8d
Github,Dan Jutan,2020-06-11T22:22:00,use vuex for drag data,f7b981b5-bf74-5a69-8fbb-bce107ba08c9
Github,Dan Jutan,2020-06-11T07:00:00,custom drag image for multi-span highlights to let the user know exactly what they're dragging!,76540624-3896-5a03-bd07-4ae7bf4f7d61
Github,Dan Jutan,2020-06-10T10:01:00,now works with non-highlightable elements!,7393f2bd-a628-5329-83b7-415024082478
Github,Dan Jutan,2020-06-08T19:18:00,in progress,10a7bce4-193e-5ab0-9cc2-73a53bbd782f
Github,Dan Jutan,2020-06-08T03:10:00,attempt2,8e66d346-5116-56a2-912c-0ab6e60815f4
Github,Dan Jutan,2020-06-04T23:50:00,"Beginning Visualization highlight/drag system,488a5f42-fd05-5554-b99f-1a658ead5dad
,b3e52b5a-c31b-5d51-97b9-03dcb187139d
As part of creating a robust highlight system,,b6ef1872-2548-50a8-a733-1d55aba96dbf
we need a way to deal with when the user highlights,6b180bcc-deb8-5ae6-8a59-956429397263
""unhightable"" portions of the text. I tried a solution,2f203aac-f36e-5e6e-b89b-7a1a2ef39d1e
and I think I'm going to start over, but I want to save this,3b43808b-c7e2-5e5b-a077-be05cf29c140
in case I go back to it.",a2d747bd-91e7-5532-be36-3c6946ebdacf
Github,Dan Jutan,2020-06-01T20:49:00,viz reactivity works,d9912ea1-ccf7-5333-a834-4505f47e0061
Github,Dan Jutan,2020-05-29T04:39:00,almost there,0d6c2002-b042-503a-b987-a2bd8144ae55
Github,Dan Jutan,2020-05-26T21:44:00,it loads properly!,aa4fce3a-4b00-5f00-b5a6-8d47ab5edecd
Github,Dan Jutan,2020-05-25T21:59:00,create mutable visualization store,a840de2a-93b5-523d-82ae-b406dc6d8c6b
Github,Dan Jutan,2020-05-25T03:46:00,new dataset vuex store,6e304e51-7404-55dd-9350-0af3efc5c4c3
Github,Dan Jutan,2020-05-23T03:58:00,remove unused methods,1b57ad6f-e6c1-5bb5-901d-bce795df9bcc
Github,Dan Jutan,2020-05-22T23:09:00,add new notebook properties and set up mongoose validation,3f04a8ff-da4d-5efb-8fd8-17c66d80e1db
Github,Dan Jutan,2020-05-22T04:53:00,dataset.js routes are now specified in datasets.json and work with json as well as csv,a57c791e-b558-5027-8b85-104add9eafab
Github,Dan Jutan,2020-05-20T02:06:00,"Merge pull request #61 from GeorgiaTechDHLab/peabody-tutorial,7f543cc4-786e-56fe-9474-dec62e924ea5
,2e2afc4b-79e9-5c4d-8751-c8d748cb3011
Completed Peabody Tutorial / HowItWorks Component",9fce4769-203f-558d-b772-eeb26e6548bc
Github,Dan Jutan,2020-05-20T02:01:00,make dots tabbable + some accessibility placeholders,08e63273-f5ba-5786-873b-3c1df4bd9463
Github,Dan Jutan,2020-05-19T23:33:00,two way eventkey highlighting,23380f56-03f4-5ee9-ab61-2e026acff306
Github,Dan Jutan,2020-05-20T02:58:00,start highlighting,2c316fe7-f9e2-5d9d-bdac-38ecbe9c4bc8
Github,Dan Jutan,2020-05-20T00:27:00,click to advance slide,eb9f640a-b0f0-560a-99d7-7d25266e9753
Github,Dan Jutan,2020-05-20T00:20:00,dot slide selection,8138d7d2-f988-57b6-bcc9-9cd0d59fcae9
Github,Dan Jutan,2020-05-19T23:48:00,all tutorial slides completed,b9e30be2-c77d-5199-8691-1d5542ccc05d
Github,Dan Jutan,2020-05-19T22:22:00,slightly better positioning,7b433486-99d0-5394-98fc-a2a22abe0b85
Github,Dan Jutan,2020-05-19T22:17:00,fix small eventkey positioning,c0abe658-19aa-5f35-966d-a5f627133494
Github,Dan Jutan,2020-05-19T18:02:00,implement EventKey,3e9ac248-497c-55c1-9372-1de464970d0c
Github,Dan Jutan,2020-05-16T04:02:00,first four slides,3ed3564e-4751-5297-8d6a-3a2089786dca
Github,Dan Jutan,2020-05-15T05:56:00,"Merge pull request #60 from GeorgiaTechDHLab/dev,2c783846-db0a-50b7-bdf7-98deb2e1aa74
,c07c7f84-1de5-58f1-9b74-d9634766b547
Dev",902a5235-0162-5c8b-8abc-27a03fe3019a
Github,Jianing Fu,2020-05-15T04:04:00,organized chapterscaffold,8d18d969-4f68-5d6c-8e08-14c7a8f1b58a
Github,Jianing Fu,2020-05-15T04:03:00,organized chapterscaffold,90458fd4-7dd0-5c5d-baae-53a0e9dd10fc
Github,Dan Jutan,2020-05-15T03:15:00,gray out and hide mini squares,f63ff5db-1af1-5f52-a1eb-227abc62a0fb
Github,Dan Jutan,2020-05-14T23:33:00,make sure chapter scaffolds are using the new notebook,a5eed0da-4bef-5ff9-8697-18de53cb6ad3
Github,Dan Jutan,2020-05-13T22:50:00,Merge branch 'highlights-improvements',2e3e8539-2765-548e-9bfe-b20a19e4efce
Github,Dan Jutan,2020-05-13T22:46:00,fix conflicts,2cb87dd0-7126-5615-b117-5241493b4e3e
Github,Dan Jutan,2020-05-13T22:34:00,remove overflow neighbors; don't freak out when we remove everything at once,e24a2190-f6f0-5a0a-a967-37c6f2453b9a
Github,Dan Jutan,2020-05-13T21:16:00,hide context menu on remove,563925d1-bbe9-5f09-860c-2bb2683ef2b4
Github,Dan Jutan,2020-05-13T21:10:00,fix issue when multi-selecting into a non-block element,049becbf-c8d7-59d1-8236-98a56db6a155
Github,Dan Jutan,2020-05-13T20:18:00,clean some code and improve context menu's y position,ea2566be-8a5b-572d-96bb-7c3d1199b12f
Github,Dan Jutan,2020-05-13T08:06:00,remove on context-menu button click and on log-out,77dba749-768a-5e12-8844-c93644cd4e2f
Github,Dan Jutan,2020-05-12T23:47:00,check if user actually highlighted anything,1fee9d90-2768-58fe-af79-82998894b41f
Github,Dan Jutan,2020-05-12T21:56:00,removeHighlightSpan method stub,432982d9-b5a1-5858-84dd-ceaec8b9b31d
Github,Jianing Fu,2020-05-12T03:59:00,playfiar navline drafy,17563ece-920c-58f9-a291-82491ab9b7ec
Github,Jianing Fu,2020-05-12T02:02:00,dubois navline complete,6f828f33-394e-5ba2-9ca4-eecaaaefeff5
Github,Dan Jutan,2020-05-11T23:12:00,sync notebook,9f20cb51-079a-5ff1-aca0-f12e0b7daa12
Github,Dan Jutan,2020-05-07T20:59:00,validation message display improvements,3f962191-0db9-5681-bef6-230922de99b3
Github,Dan Jutan,2020-05-07T10:06:00,notebook auth seems to work,0d199fc6-44b5-5c13-8450-84196a16f7c1
Github,Dan Jutan,2020-05-06T08:15:00,deprecate unused vuex and create new auth vuex,65ac5da0-224c-544d-9388-525b8e4d99ac
Github,Dan Jutan,2020-05-06T00:02:00,"Merge pull request #58 from GeorgiaTechDHLab/highlights-and-notebook,296238fc-e4bd-53a9-ba93-848fc3620353
,3241455d-ab29-57a2-a3d0-df60f36c2850
Notebook feature's beginnings",12a68f54-dd0f-5766-a579-f316a6c8a663
Github,Dan Jutan,2020-05-06T00:01:00,Merge branch 'master' into highlights-and-notebook,18a98f71-2cbf-5816-8f59-1416c433cdd8
Github,Dan Jutan,2020-05-05T23:55:00,add flexbox in notebook header,dbf322df-5045-5b6f-9eaa-19bc2b453c40
Github,Jianing Fu,2020-05-05T08:00:00,"added dubois chapter, navline functioning, need to add seperate vuex",384f1562-c879-57ea-85e9-ba42bdc1cb10
Github,Dan Jutan,2020-05-05T05:53:00,create a script and an accompanying command to generate .env files (so we can store the template without having to store the password),ff0651af-5f7b-5fa2-a277-cbb64f50112d
Github,Dan Jutan,2020-05-05T01:29:00,"Merge pull request #57 from GeorgiaTechDHLab/dev,8d699ce6-ece3-57cc-8676-a641904d107f
,c8c01a9f-fa3b-5dd5-803e-7c71d142d4cc
Dev",1413c127-a27d-572c-b7b1-d54d70c944ca
Github,Jianing Fu,2020-05-02T06:40:00,navline scrolling complete,27391761-2978-5c05-b1fb-d985caf664a9
Github,Jianing Fu,2020-04-09T06:13:00,navline portal complete,6b72f9a7-cb15-5245-880b-0ade867492ad
Github,Dan Jutan,2020-04-06T22:19:00,new notebook endpoints and tests,12aa489d-cddc-5b75-a46f-f95577f7c73c
Github,Dan Jutan,2020-04-06T18:15:00,mongod setup command,597a7d6f-e2c9-5873-839c-13df20c9ee4a
Github,Dan Jutan,2020-04-06T17:47:00,"Add gitpod config,b50e509c-4c29-571b-91d3-f022982894e1
,836d354b-8859-5816-bbc4-14983b7cfaae
this commit adds support for Gitpod.io, a free automated,ab68a975-55ac-5290-9a66-41bb3109008f
dev environment that makes contributing and generally working on GitHub,acd2e2d5-9e05-5e66-9561-c74b665a4c85
projects much easier. It allows anyone to start a ready-to-code dev,c99728f9-1da6-52c7-8415-df67d609f5f1
environment for any branch, issue and pull request with a single click.",36c32a45-892e-55e0-830b-6d00411f8952
Github,Jianing Fu,2020-04-05T08:59:00,added vuex part for chapters,e0f65810-b4c9-5a54-8974-874784d868d3
Github,Jianing Fu,2020-04-05T07:10:00,motifing for eventbus,008007ff-5c90-5af8-80fa-7f38e77e6e5c
Github,Dan Jutan,2020-03-26T03:00:00,strip attributes from highlight (we might not want this but it makes sense right now,55c0561b-a958-5237-b4c6-11dfad2e727c
Github,Dan Jutan,2020-03-26T02:32:00,add basic serialization,e7455999-86b0-5fc0-8370-daf46840b9de
Github,Dan Jutan,2020-03-24T01:42:00,add text input; fix continuous trans-paragraph highlighting,373655b4-73d1-5008-99d6-9d9428671b70
Github,Dan Jutan,2020-03-23T17:59:00,move anonymous function into component method,6dd3a3bf-c498-5ec1-aef4-3a1795dfab68
Github,Dan Jutan,2020-03-23T17:54:00,fix highlight breakage which was due to triggering the highlight code twice,c19749bd-3a0c-5cb4-a413-08a966d97922
Github,Dan Jutan,2020-03-23T17:49:00,don't fire highlight functions on right click,b6e04ca7-e7f5-5ba7-ac05-bdbc6e898e55
Github,Dan Jutan,2020-03-23T17:34:00,expand drag to full highlight element (for cases where the highlight element has multiple children,a0f5ad64-e429-5bd3-aab0-fefe310b201d
Github,Dan Jutan,2020-03-09T22:40:00,fix wholeText bug,a08b1fbb-afea-517e-8e8f-b0308c6ff059
Github,Dan Jutan,2020-03-09T22:24:00,drag to change position,79471fe2-d4d8-53ec-8867-965ef97d061e
Github,Jianing Fu,2020-03-09T07:50:00,"added hoverover, working on click event",a7a37d40-0b05-5504-b15b-520bd3535180
Github,Dan Jutan,2020-03-03T02:21:00,fix drop,fc1366dc-7b8a-50bf-80d2-6391c36c5b61
Github,Dan Jutan,2020-03-02T22:10:00,allow the dev app to run via proxy,8a0cc639-0047-5473-900d-909633358594
Github,Dan Jutan,2020-03-02T21:51:00,create notebook vue components,99183867-2c72-5bbf-a32a-b15a2d3b6c6f
Github,Dan Jutan,2020-03-02T02:49:00,fix pointer and further narrow down y pos,82369045-5058-5061-9e37-436396de8af3
Github,Dan Jutan,2020-03-02T02:13:00,fix y pos of context menu,68860feb-2e36-5b27-9042-9f3168837895
Github,Jianing Fu,2020-03-01T04:07:00,navline static part fully functioning. able to adjust itself based on parsed in data,5b9d1032-3d42-565f-bb06-59fc03768f5c
Github,Jianing Fu,2020-02-14T06:47:00,organize navline svg,fbf1a8f6-1160-5f5b-b070-e1a081bba8fc
Github,Dan Jutan,2020-02-10T23:59:00,add context menu,62b9a3d3-f303-544e-ac17-441274afbea0
Github,Dan Jutan,2020-02-07T02:51:00,delete logs and comments,605789e6-8e4e-5477-b3ff-604d1629d43e
Github,Dan Jutan,2020-02-07T02:50:00,"fix a bunch of bugs, including cross-paragraph highlights!",8e6d2ff6-f18e-5078-94c8-e21a7c1af2e4
Github,Dan Jutan,2020-02-06T23:52:00,fix double highlighting,99bea8f1-f758-509d-b9dc-bc88f878d5e8
Github,Dan Jutan,2020-02-06T22:27:00,committing highlight stuff,4a1f806d-b977-5b80-bd88-206e8fc604f2
Github,Jianing Fu,2020-02-06T05:46:00,add naline svg,a6dc71ee-0c95-5e49-b947-8835306698a7
Github,Dan Jutan,2020-01-14T00:45:00,"Merge pull request #56 from GeorgiaTechDHLab/dev,e47d4e89-8304-5c4a-af73-6b0083673f38
,dcaf540f-1a81-5830-ad82-1e14f6cd3d38
Merge dev into master",d605c16a-dcae-5b1d-b3bc-05f75df796d3
Github,Jianing Fu,2020-01-11T01:50:00,timeline complete. cleaned up some css,ab7578ca-49f1-55c9-98c1-df714d259f95
Github,Dan Jutan,2019-12-18T21:45:00,fix merge,cb00a7f1-f2f2-5a4b-9fb0-6fd8eab64724
Github,Dan Jutan,2019-12-18T21:38:00,increase vertical padding on drop down item,fc21b257-c11f-5161-afae-da6da9641df0
Github,Jianing Fu,2019-12-18T21:38:00,Merge branch 'dev' of github.com:GeorgiaTechDHLab/DataByDesign into dev,d8a98afe-bfd8-5c37-bb7c-0a847ea0e477
Github,Dan Jutan,2019-12-18T21:36:00,(temporarily?) make h3 text more bold,44bb7a83-c119-58a2-8e52-5fe00567c1b2
Github,Dan Jutan,2019-12-18T21:34:00,(temporarily?) make p text more bold,48f2bf7b-8704-5661-8917-62928f6e4afe
Github,Dan Jutan,2019-12-18T21:32:00,remove dummy nav from chapter scaffolding,41adc510-19ae-5549-a00a-49709eaa5a4b
Github,Jianing Fu,2019-12-18T21:31:00,"fixed grid pos, fixing style",804a9591-fd31-54ae-a13b-969ef3ce6808
Github,Dan Jutan,2019-12-18T21:30:00,make main content move down below fixed nav,224cc7cb-8a5b-584c-9a19-e3aa8a0c55d6
Github,Dan Jutan,2019-12-18T21:23:00,make nav look like design,14040087-c0d3-5a22-9635-5e7444703ca2
Github,Dan Jutan,2019-12-18T21:22:00,fix Roboto fonts,9999862d-8b5f-504c-b206-d2f97e4c4442
Github,Dan Jutan,2019-12-18T20:51:00,fix fonts,518115af-4376-5450-a3b7-1b433b014398
Github,Dan Jutan,2019-12-18T03:20:00,start making nav look right,304b7bb3-de2e-542d-bbab-89045dce64f4
Github,Dan Jutan,2019-12-18T01:39:00,add border gradient,1f7e9128-e419-5cd8-8821-6833dc4a5f19
Github,Dan Jutan,2019-12-18T00:39:00,make header fixed,186f5261-72cf-5a03-90ae-1afcc48ad284
Github,Jianing Fu,2019-12-15T22:26:00,Merge branch 'dev' of github.com:GeorgiaTechDHLab/DataByDesign into dev,1d190358-acc7-53fe-90b0-5ab2bc88eaea
Github,Jianing Fu,2019-12-15T22:19:00,"added grid, fixed some bug in the time line",7074d7db-cf05-566f-a3ca-0eec8c7a54d6
Github,Dan Jutan,2019-11-22T20:02:00,fix production scripts for new server,3134daf4-accc-5740-b151-ee73e5b12c79
Github,Dan Jutan,2019-11-22T19:56:00,Merge branch 'dev' of https://github.com/GeorgiaTechDHLab/DataByDesign into dev,b7364f63-cb35-500a-8d66-68b03fba620b
Github,Dan Jutan,2019-11-22T19:55:00,Merge branch 'master' of https://github.com/GeorgiaTechDHLab/DataByDesign into dev,d177f8eb-fa87-50b7-91cc-8ab95f103d47
Github,Dan Jutan,2019-11-22T19:53:00,use a .env,019e815c-a54b-5cf4-8218-554c0ceb0da7
Github,Jianing Fu,2019-11-20T03:22:00,update pictures,cd03f3ca-fba0-5edb-9586-c189e3feab65
Github,Dan Jutan,2019-11-20T02:40:00,"Merge pull request #55 from GeorgiaTechDHLab/dev,c2cf4985-4dbf-5a8e-a09d-887cbe44154c
,a5a46d1d-e7f0-52ae-afdc-1fc9f69f7b3e
update Home.vue",08e79266-8871-5035-b082-cb9e588d24c9
Github,Jianing Fu,2019-11-20T02:30:00,updatae home.vue,b6721d39-a60c-58ed-ada1-201612d3f14f
Github,Dan Jutan,2019-11-15T01:27:00,"Merge pull request #54 from GeorgiaTechDHLab/dev,6165d499-cd50-5728-bc45-4395731a8888
,2f90bdf2-bf41-5dd3-87c8-ed1590849d64
Merge with Dev. (Will add all our work from this fall to master)",c83de666-e444-51a4-81c8-a7ee503ee835
Github,Dan Jutan,2019-11-15T00:10:00,choose their home file,98b50f23-f635-5851-acc5-d2fbedd6b1b4
Github,Dan Jutan,2019-11-15T00:01:00,"Merge branch 'api-auth' into no-loopback,07e8dbc4-d9a8-5c75-ad2d-c68f1c5b79f6
choose to keep file",f86e4e6b-9591-5fe5-b9b2-8c17be5a5be0
Github,Dan Jutan,2019-11-14T23:59:00,deleted file to assist merge,86edfbcd-2e18-576f-abfe-c7d57e3b3b64
Github,Dan Jutan,2019-11-14T23:49:00,New api completed,cca70511-74eb-5237-93f9-decd1a2e9751
Github,Jianing Fu,2019-11-14T03:36:00,timeline interactive,0c3f92d1-31ca-5620-91f7-cf9ab4fb7614
Github,Jianing Fu,2019-10-16T08:23:00,"frame to polygons, all points on the timeline",605c7983-a5e0-5eb6-8189-845c33736ea5
Github,Dan Jutan,2019-10-04T17:51:00,tried auth,f4e94bb5-6c6d-50b2-ac3b-2b8b87e0d7be
Github,Jianing Fu,2019-09-26T07:56:00,"added pic, formatted text to timeline, working on frame pos x for points from the same year",c8a3695e-bb7d-532f-b5eb-b9e84c89cfcf
Github,Jianing Fu,2019-08-06T13:32:00,"added canvas and pic to the timeline, still working on position the pics",6e706b32-72c5-551b-a648-ebc23880b332
Github,Jianing Fu,2019-08-03T18:34:00,add canvas on timeline& put in sample data,3eb59e6e-1d91-5a85-a00c-2f7261129dca
Github,Dan Jutan,2019-07-30T20:45:00,"Initial commit,bd3240d0-214e-5766-8212-98eac58754ce
,43a7ab5d-6b13-5973-98f0-334755318430
Set up an express api",28607f7c-59af-5999-8e62-9ef87227e022
Github,Adam Hayward,2019-07-19T03:32:00,Merge branch 'dev' of github.com:GeorgiaTechDHLab/DataByDesign into dev,58670a3c-689a-5bbc-b867-a9ac0fde065a
Github,Adam Hayward,2019-07-19T03:32:00,temporary fix before test data is updated,7401b220-9542-5be2-85be-6e66ddf46706
Github,Jianing Fu,2019-07-18T00:37:00,update files,a2c54e0d-3f35-5232-b1a0-34da323402f4
Github,Jianing Fu,2019-06-24T04:19:00,"fixed header links, fixed styles according to the style guide",3333eed9-3f93-5ca9-a0e0-d88a5782b589
Github,Adam Hayward,2019-05-29T23:36:00,demo of image collage with events and masking,fb7c5054-d1ac-593b-a0a8-c716b1c44806
Github,Adam Hayward,2019-05-24T02:01:00,reimplements feature section,86e36926-e20b-5b30-a781-cb6fdd83ff32
Github,Adam Hayward,2019-05-24T01:59:00,fixes chapter list colors,77d6b4d0-4f25-5cb5-aa84-98bbb26eafeb
Github,Adam Hayward,2019-05-23T21:30:00,Updates home page with reading progress bar and some new styles,043b4075-6d52-595a-9da7-3b2beb9cf1c2
Github,Adam Hayward,2019-05-22T22:03:00,creates basic picture line for use on home page (find on /sandbox),1408e2f6-1618-571f-bca7-35ecc1f90913
Github,Jianing Fu,2019-05-21T00:32:00,add svg,9fdb609f-dc96-5f99-bde8-40b6206a75d9
Github,Jianing Fu,2019-04-14T20:38:00,added arrow,52aee7ba-2977-565d-9d38-b4e633012250
Github,Jianing Fu,2019-04-08T04:50:00,edited svg mouseover,363fdae5-fd44-5b20-a270-ae0babbf273c
Github,Jianing Fu,2019-03-31T03:00:00,added svg,4c532c0b-e1ee-5887-b6aa-9c9e7d2fcf5f
Github,Jianing Fu,2019-03-11T04:08:00,fixed fonts,a02549fd-4d5a-54b4-b33f-578167f609ec
Github,Jianing Fu,2019-03-07T10:08:00,"hard coded chapter list,b05bc90e-6918-5d80-b910-875b52816dd8
fixing fonts",b672a10d-97bc-5092-bdfa-53e4344abbc2
Github,Jianing Fu,2019-03-04T01:20:00,fixed footer..,df03fb01-3b68-50c2-ba76-7bf9c07d5ead
Github,Jianing Fu,2019-03-04T01:07:00,added ChapList template,0a108879-cf24-5220-af9c-ba7a8d366ffe
Github,Jianing Fu,2019-03-03T03:49:00,modified some text,a2599993-2b03-5b3b-8c6e-f51bf36bfaad
Github,Jianing Fu,2019-02-25T00:15:00,modified homepage,4d72b86b-9c53-58d9-ae37-0e52f5b4bb9e
Github,Jianing Fu,2019-02-22T07:57:00,fixed other details on Home adn Header,062f895c-836b-5bdd-a311-3823af7b3a24
Github,Jianing Fu,2019-02-22T07:41:00,redid the credit page,369765cc-fbbb-54d9-b52f-e3118942d8cd
Github,Jianing Fu,2019-02-22T07:37:00,redid the features page,629ca5ce-df65-5607-a086-ba5b774cadcb
Github,Jianing Fu,2019-02-22T07:09:00,"changed Homepage cards, added feature templates",2ce3ac13-6fa4-577f-898d-3f6c1c9fc9cd
Github,Adam Hayward,2019-02-20T01:34:00,Updated readme,5c6e2b41-ecb5-54e7-aead-005f83404e5b
Github,Adam Hayward,2019-02-20T01:34:00,added better readme,4bd908e7-24e0-50eb-9820-75526fd4ce70
Github,Jianing Fu,2019-02-19T21:22:00,"Merge pull request #51 from GeorgiaTechDHLab/JFdev,e73d2386-c3d8-5b67-b5af-a0b8c26f3d5d
,986f29fe-9dad-59b3-b7b2-8478bbe9b5f2
J fdev",96cabeee-3501-586d-8dbf-e64db338f923
Github,Jianing Fu,2019-02-19T21:22:00,Merge branch 'dev' into JFdev,a336e63f-5a95-5eea-ab59-e8749cd13025
Github,Jianing Fu,2019-02-19T07:53:00,Merge remote-tracking branch 'origin/JFdev' into JFdev,b7db64c8-8f49-575c-9213-2870be1f359d
Github,Jianing Fu,2019-02-19T07:44:00,"changed font, color, formatting",3172916e-b1cb-5a37-8b20-6716c9708c76
Github,Adam Hayward,2019-02-19T02:44:00,"Merge pull request #50 from GeorgiaTechDHLab/dev,07abb8b3-488a-5b03-a5b9-de43d13aa9c3
,b5b15271-c0fe-5ab2-b57a-f6a4d44fadef
Dev",32dfc12d-f2b0-5b6e-bf36-87b7155138fd
Github,Adam Hayward,2019-02-19T02:41:00,updated npm packages,46c2129e-c8d8-5b07-8049-78dd60084543
Github,Adam Hayward,2019-02-17T06:17:00,basic chapter slides set up. not yet connected,638b62f0-3a8c-51f5-a4a1-597d76a846ba
Github,Adam Hayward,2019-02-14T21:09:00,updated npm packages,6834103c-e3f5-5a58-aa9a-2118d7a5d0c3
Github,Jianing Fu,2019-02-10T04:02:00,started on building slideshows,4c8c187b-559b-5ce2-994e-fd7d5c7daaaa
Github,Jianing Fu,2019-02-10T03:36:00,edited homepage style,dbc256a3-aa9b-56b4-a778-a9cac2c5d066
Github,Jianing Fu,2019-02-10T03:02:00,edited homepage style,cd78c62b-d195-5818-b72b-572759c2e7b8
Github,Jianing Fu,2019-02-04T08:22:00,"Update Home.vue,3e6d6775-1a66-5a25-ab37-35f9fb897d66
,1130b393-25df-57fc-b0b4-78dfdf73056c
added placeholder and lined up headers",3d0cbb14-6af6-5b93-9cef-a36d5d3eb9d2
Github,Jianing Fu,2019-02-03T02:57:00,"added place holder to credits, lined up TheHeader. comment out the flex block for TheHeader",72302ffa-1ee8-527c-9833-ffd747ad7e1d
Github,Jianing Fu,2019-01-27T23:42:00,change to 0114 Design style,0d5f835a-a1e1-5566-995f-eac00441f0a2
Github,Jianing Fu,2019-01-24T21:57:00,first peek,a26b136b-784e-535a-b6e9-5ed7322c4b13
Github,Adam Hayward,2019-01-24T21:10:00,Draggable reordering of notebook,6ec9042b-bcac-54a6-88b2-c37c950d3072
Github,Adam Hayward,2018-11-30T04:57:00,switching machines,eab26468-a3f2-5fbe-8dc9-17084e28b0a1
Github,Adam Hayward,2018-10-09T05:31:00,"completed basic add delete, and update text for notebook. very unstable",6629c142-126a-5765-833c-fd56dd2aaedf
Github,Adam Hayward,2018-10-08T22:25:00,beginning notebook work,d1cbac84-68a1-590d-a583-2701818a72b8
Github,Adam Hayward,2018-08-08T22:29:00,added configurations for env variables through a .env file,fcc59a16-95eb-519a-a85a-b74721476a2a
Github,Adam Hayward,2018-08-08T01:36:00,"Fixed authentication error in sign up, added npm commands for deployment",1d8ce568-3467-572d-bef2-fd1cec6911c5
Github,Adam Hayward,2018-08-08T00:01:00,Merge branch 'dev' of github.com:GeorgiaTechDHLab/DataByDesign into dev,6e6c6106-af10-57d3-8d6e-f2bde3308577
Github,Adam Hayward,2018-08-08T00:01:00,Merge branch 'dev' of github.com:GeorgiaTechDHLab/DataByDesign into dev,132c3912-dd9e-50c7-a054-aaf4639ee498
Github,Adam Hayward,2018-08-07T23:34:00,Merge branch 'dev' of github.com:GeorgiaTechDHLab/DataByDesign into dev,62d9a8a7-76f0-5200-8ac3-c75dbd17f078
Github,Adam Hayward,2018-08-07T23:34:00,preparing for deployment on server,1d7f3334-3b49-5f81-a199-30d2a779a003
Github,Adam Hayward,2018-08-07T23:14:00,preparing for deployment on server,ee17cb9d-d713-5ec1-a9f8-4e39f148ebe4
Github,Adam Hayward,2018-08-07T21:57:00,"added notification system, moved database name to env var",5a44f946-44ec-585f-aee4-619908577450
Github,Adam Hayward,2018-08-07T18:46:00,auth stuff updated (works on basic level now),488f89da-f730-512b-9f2f-fe45d2c3b170
Github,Adam Hayward,2018-08-02T22:21:00,added login and logout to api,ce544d37-3578-540d-8357-4b2141bc6fbc
Github,Adam Hayward,2018-07-31T23:03:00,Commented and cleaned up a bit,b9e49751-f20f-5a8b-97cc-b9798a50da23
Github,Adam Hayward,2018-07-31T20:16:00,cleaned up waypoints example,c7b4551a-5db4-50ae-9c08-ffa514a658b9
Github,Adam Hayward,2018-07-31T18:51:00,Scrolly proof of concept,0adcbaa8-8d09-564a-943a-165d8aba7f32
Github,Adam Hayward,2018-07-31T18:06:00,Merge branch 'dev' of github.com:GeorgiaTechDHLab/DataByDesign into dev,0bd957e1-9e43-543a-aa3c-73ca8f43788d
Github,Adam Hayward,2018-07-31T18:00:00,merging to work on waypoints,87b0cb3a-c2a0-555f-9263-88f6426a468d
Github,Adam Hayward,2018-07-30T22:38:00,"unignored datasets, added images for basic scrollytelling",37ba5f1c-019b-5107-8d7b-b87f24aa693a
Github,Adam Hayward,2018-07-26T22:22:00,merging client folder in after conflict,438b049c-5f5b-5b25-8ad3-da72a462006d
Github,Adam Hayward,2018-07-26T22:20:00,merging,f8c5d698-66e4-5d6b-bc8d-e566f9376753
Github,Adam Hayward,2018-07-26T22:07:00,retooling for loopback and vuecli 3,de338344-4174-5061-ac72-41672c23eaf6
Github,Adam Hayward,2018-07-26T21:51:00,"switched to loopback for backend, retooled vue using vue cli 3.0",518c407f-3b47-5c58-8b54-681bff9240a2
Github,Adam Hayward,2018-07-24T17:01:00,switching computers,2d170328-49cc-5937-828e-c01fa4c570fa
Github,Adam Hayward,2018-07-19T20:28:00,experimented with grid change in chapter,5aa7c35a-7bff-51e3-ab71-4ddffe0c6104
Github,Adam Hayward,2018-07-19T20:27:00,added highlighting to peabody grid and timeline,41160e04-28a5-59da-9529-145b634fea48
Github,Adam Hayward,2018-07-18T22:05:00,added pages specified in the mockups,39d5a67d-9065-5000-88ea-7d7da7124264
Github,Adam Hayward,2018-07-14T00:41:00,Added proof of concept for Peabody interactions and datasets,91421821-cf4b-5eeb-a0fd-ee4d3d02d68e
Github,Adam Hayward,2018-07-13T21:47:00,Mutation types used in place of Magic Strings now,37c6ac79-5332-5c9c-922d-562c8b08feaf
Github,Adam Hayward,2018-07-13T21:27:00,moved dataset store actions into its own module,168cb8a9-8622-5a67-baf1-56f5ae1ead01
Github,Adam Hayward,2018-07-13T20:36:00,Added mutable visualizations for peabody.,2720a945-01e2-5f76-8ede-d86e06b7f1ae
Github,Adam Hayward,2018-07-13T04:13:00,vuex datasets set up,81296c1c-49bc-55ae-9123-553b30564b19
Github,Adam Hayward,2018-07-11T23:30:00,"added local bus to visualizations, stripped down vuex stuff",1d36a2ed-8614-5579-be77-08ab8ef6b9a7
Github,Adam Hayward,2018-07-11T03:53:00,working on dataflow for vis. Not stable!,b255fc18-da6a-5b87-8e14-f1d423f9a8e3
Github,Adam Hayward,2018-06-26T18:00:00,"Merge pull request #13 from GeorgiaTechDHLab/node-config,01d8836f-fd07-5691-ade9-1ca9df28a95c
,507d67ef-f412-596e-bc13-c9234fa55212
chapter started",56568778-8ec2-5a6e-a3f6-6bc257c189f2
Github,Adam Hayward,2018-06-26T17:50:00,chapter started,695b8acd-76eb-51d6-ba60-48ff3e82ffde
Github,Adam Hayward,2018-06-21T04:00:00,"added data to grid, started api",38bc1da3-c7bb-58d6-9f9c-1be609199c9e
Github,Adam Hayward,2018-06-20T15:41:00,basic grid,b6e76fd9-c9be-5784-a4af-c1d1293815fb
Github,Adam Hayward,2018-06-19T19:25:00,Configure NodeJS server with Vue.js (basic),c4d7a9a9-74b0-5ca7-bd39-88213c4827b8
Github,Lauren Klein,2018-05-10T23:05:00,"Updated README.md,234e4b6e-23f1-553e-8087-20ffd50da3e4
,3d848f1d-3e3b-5e0d-95e7-41e86314e5e6
The first of many updates...",76af776a-c60f-59a6-af8c-1f34a7cc249f
Github,Adam Hayward,2018-05-10T22:47:00,Initial commit,9ffacadf-7854-529f-b730-d1e5ca6cc1d8
Github,Dan Jutan,2022-04-29T20:10:00,"rootElement prop; for vue3, no wrapper by default.",83ddf198-c5b4-5dad-9ef6-5ae96413a772
Github,Dan Jutan,2022-04-24T20:19:00,docs-renderer-vue3,95da303a-85e6-5a08-9fb5-fead0bbf6b7a
Github,Dan Jutan,2022-04-24T19:54:00,fix slots rendering,33da05fd-d15c-5a45-a3cc-76949e0407b0
Github,Dan Jutan,2022-04-24T19:33:00,convert renderer to vue3,fb42ad21-e6e5-50cc-a803-f7b474c3dc98
Github,Dan Jutan,2022-01-23T19:04:00,parse header,deb1cac8-6309-5c3d-8855-d25e0e7ea139
Github,Dan Jutan,2021-10-15T04:08:00,up vue2 package version (remove bad console.log),af7dc960-aaac-5637-9988-62c28f2b44a4
Github,Dan Jutan,2021-10-15T04:06:00,add more useful debugging information,a30acfaa-b7cd-5068-b628-780679eaa059
Github,Dan Jutan,2021-07-22T01:33:00,remove console log,007f8924-310b-5533-afdd-30dd49b03967
Github,Dan Jutan,2021-07-22T00:12:00,ability to add classes to elements,46241da2-bed5-5615-b6eb-407938176b5f
Github,Dan Jutan,2021-07-09T16:11:00,versions up,06ff9cb0-65da-5bc1-b601-a787c4ee0f2f
Github,Dan Jutan,2021-07-09T07:47:00,"Merge pull request #2 from Jutanium/class-prop,775eaf67-1fe4-524e-94ff-49aa1e9e7c49
,f9ef26e1-fc87-548f-9270-5b1eff595adf
Allow adding class name to table/component - turn on through config",31eb436a-8312-5692-8e55-fa693f39aa18
Github,Dan Jutan,2021-07-09T07:46:00,vue renderer adds class,9dd0f369-240c-59eb-9d9c-90c585de3bdf
Github,Dan Jutan,2021-07-09T07:43:00,cut out class row,2c296615-b572-593a-bcdc-a3c3596adee4
Github,Dan Jutan,2021-07-09T05:41:00,className is added if specified,881f8e3a-0c0c-5083-8c0b-0d634ed5fb30
Github,Dan Jutan,2021-07-08T23:50:00,processTable cleanup; componentsFromDoc doesn't have to make the table,a1360346-f3f4-5ed0-8bb5-48f712ad7796
Github,Dan Jutan,2021-07-07T18:17:00,case insensitivity slot fix,daf5751d-d4d8-53a7-a7ee-cb467b6aea45
Github,Dan Jutan,2021-07-07T17:46:00,google-docs-components 1.0.6,55259a56-9573-58ff-b761-4d85398d0fab
Github,Dan Jutan,2021-07-07T17:44:00,"Merge pull request #1 from Jutanium/flexible-slots,fb8e5d87-dd64-5a8e-aacc-cd685a4af8eb
,b6c607d1-8a19-5589-841e-d4c9b234bb32
Flexible slots",955ef0e1-deba-560b-9cf8-a122890c02d5
Github,Dan Jutan,2021-07-07T17:43:00,update example,ea5de4c6-dd94-563d-86d6-8cf930c0739d
Github,Dan Jutan,2021-07-07T17:34:00,there's no harm in passing a default slot even if one doesn't exist,9a32edff-6edb-58a5-8cca-e15961adc671
Github,Dan Jutan,2021-07-07T17:33:00,slotDefs is in array of name checkers,2d1b2507-a85a-50ec-aa46-be379a15edad
Github,Dan Jutan,2021-07-06T07:44:00,fix exports,a31bfa09-8c8c-5172-8ef7-4d5b3a4ab219
Github,Dan Jutan,2021-07-06T07:34:00,exports file,4d5307e8-39e4-5390-8c67-8317e2270000
Github,Dan Jutan,2021-07-06T07:34:00,exports file,db8e32cc-db5b-5a81-821f-75503bb5a60d
Github,Dan Jutan,2021-07-06T07:31:00,dots for nonexistant table entries,96277f62-3509-528e-8415-e68f032ca197
Github,Dan Jutan,2021-07-06T02:50:00,0.1.6,b22520d2-3afc-57a0-9c30-1d9a2c7229a7
Github,Dan Jutan,2021-07-06T02:48:00,remove console log,a8ab8923-8011-592a-b53f-a978f973c8de
Github,Dan Jutan,2021-07-06T02:43:00,remove unused computed,0ef12717-d139-5cbc-a075-c1d407e2b946
Github,Dan Jutan,2021-07-06T02:42:00,fix merge,4dc5b542-3287-551e-b05b-d80064ae4a14
Github,Dan Jutan,2021-07-06T02:42:00,up version,7d6a8791-eb62-553a-8543-0b7e971436fb
Github,Dan Jutan,2021-07-06T02:40:00,working table implementation,e8ae929e-1fe2-59d7-b78d-6089c2cf1173
Github,Dan Jutan,2021-07-06T02:25:00,initial table implementation,1b46d308-dff8-5bbf-8621-c3adf6bfce97
Github,Dan Jutan,2021-07-06T00:32:00,defaultTable setup,e9660b46-9e2d-5bc3-b500-0d2f7549b79a
Github,Dan Jutan,2021-06-29T00:41:00,ignoreCSS array,ed9b9eba-3fe1-556d-af6f-4ba93980cd96
Github,Dan Jutan,2021-06-26T04:42:00,fix: accessing props/slots on definition without checking if they exist,77754102-45e8-589c-bd19-792cb6c977b3
Github,Dan Jutan,2021-06-25T20:50:00,docs-renderer-vue2 0.1.2,5743ca19-3318-55fb-9718-b08234723c79
Github,Dan Jutan,2021-06-25T20:48:00,pass through attributes,8f45553d-459c-5c0b-af1a-214f8a389a2e
Github,Dan Jutan,2021-06-24T00:17:00,section finding,18a3759a-eff6-5045-9ad9-a7b50cf20958
Github,Dan Jutan,2021-06-23T00:51:00,extract function and clean up index.ts,9563a1ad-10f0-55f9-95cd-3447c15529ee
Github,Dan Jutan,2021-06-21T07:32:00,li elements,576af866-705c-54b5-9ba4-cdaa191bf30e
Github,Dan Jutan,2021-06-21T06:44:00,up versions,0185b625-078e-56f4-a1a5-47c8f563d4a3
Github,Dan Jutan,2021-06-21T06:42:00,"keep noncomponent, table data",02eacb24-5cbb-54c4-8a3b-c08f5142e320
Github,Dan Jutan,2021-06-21T06:22:00,list elements,57b42a49-3903-5a2d-830f-493f8bfc42f3
Github,Dan Jutan,2021-06-20T20:30:00,"recurse in the list extraction step, not in the list parsing",f316a3d8-328b-5870-863d-d0f7c7bddf13
Github,Dan Jutan,2021-06-20T07:50:00,fix the while loop,2860317a-d851-55c0-bac4-5c917e0bb58f
Github,Dan Jutan,2021-06-20T07:29:00,list parsing setup,78b3d0f2-b632-53a8-b947-e86946dbb505
Github,Dan Jutan,2021-06-19T02:40:00,mixin params,181abacc-241a-5cb4-a1ae-0c4088f72dc7
Github,Dan Jutan,2021-06-19T01:29:00,export getFilesInFolder,9d0c80b3-cf0f-508f-9606-5b9e3169bab9
Github,Dan Jutan,2021-06-17T21:44:00,inline slot support,5ce84631-bf1a-5e76-b5b3-b17418f88cec
Github,Dan Jutan,2021-06-17T17:16:00,up versions and publish,0ed89f7d-a473-50bf-b3c9-d4dff661a7b2
Github,Dan Jutan,2021-06-17T17:10:00,untested getComments function for reference,9e66df51-d9f9-558e-b832-345a63122400
Github,Dan Jutan,2021-06-17T06:49:00,fix typescript import issue,e024838f-3a14-51f3-b349-6398ab3d9e26
Github,Dan Jutan,2021-06-17T06:40:00,don't use html for styling; support links,73196183-baa9-5771-8833-80693ffb979d
Github,Dan Jutan,2021-06-17T05:41:00,working vue renderer,0485238a-c531-5223-b7b1-ba0ea616669b
Github,Dan Jutan,2021-06-17T02:09:00,add dev slots support,3a058898-85ff-5441-8efb-62a798eebef2
Github,Dan Jutan,2021-06-17T00:20:00,vue2 library setup,d02b27f6-d5b1-5b5f-941c-d9253f96f966
Github,Dan Jutan,2021-06-16T23:50:00,vue2 project setup,de68debb-d91f-543f-9ccd-42ea79293fa8
Github,Dan Jutan,2021-06-16T23:04:00,componentsFromDoc return type,30d7d184-b25b-5126-a9ab-d19dd0c89150
Github,Dan Jutan,2021-06-16T06:17:00,processed footnotes,8bb0502d-8a79-589e-9f7d-86839186cd4c
Github,Dan Jutan,2021-06-16T01:11:00,required props,f21b523f-56ca-50a6-86dc-fc67765b1697
Github,Dan Jutan,2021-06-16T00:55:00,default slots,55969087-3eaa-5b8d-bf13-4d32cdce8bf0
Github,Dan Jutan,2021-06-16T00:12:00,generate error functions using map,d87a4e79-4bf5-5c30-84d4-e6ceb726ba9b
Github,Dan Jutan,2021-06-16T00:06:00,remove validator functions for now,076d93a3-a438-5449-b0fa-ad640895e22d
Github,Dan Jutan,2021-06-15T23:48:00,rgb -> rgba for transparency,1a4d7ad6-2c6e-5e4b-8b53-23abf3c5711d
Github,Dan Jutan,2021-06-15T22:15:00,basic slots setup,f4cbdac1-99f2-5993-9162-57ee5d776aca
Github,Dan Jutan,2021-06-15T22:10:00,table component works for parse,1a3ea85d-15be-5d52-8573-0b2c1fa0f56e
Github,Dan Jutan,2021-06-15T21:36:00,Merge branch 'main' of github.com:Jutanium/docs-cms into main,3c4abb20-2b81-5ef5-b746-a9e3547a40f7
Github,Dan Jutan,2021-06-15T21:36:00,table parsing,4238cd5c-9e68-574a-b17d-0818bde89db3
Github,Dan Jutan,2021-06-14T23:55:00,Delete .idea directory,ff3a7fbd-0313-58e0-990f-603526688b1e
Github,Dan Jutan,2021-06-14T23:51:00,remove broken workspace build script,2edd6939-c355-57f4-a425-1b6c26cdcee4
Github,Dan Jutan,2021-06-14T23:16:00,table components setup,d340b85c-f930-5cb1-94fa-db5543bdc9e7
Github,Dan Jutan,2021-06-13T06:05:00,sandbox setup,b57d311b-fd17-5652-9bb2-d953ccfe858f
Github,Dan Jutan,2021-06-12T02:29:00,move test info,31ba9b19-72c9-5a14-bbe0-8c5e5eb2b680
Github,Dan Jutan,2021-06-10T21:29:00,yalc setup,9b48cbf8-a1ad-524e-9355-4e2a61da5e5a
Github,Dan Jutan,2021-06-10T07:01:00,rename and publish,4bd0bdde-1756-5f45-a1af-80758e26bdf9
Github,Dan Jutan,2021-06-10T00:31:00,add node types,0006ca17-2888-5efc-9d0e-5cee4618eb5f
Github,Dan Jutan,2021-06-10T00:30:00,"Revert ""watch commands"",d6f8e60f-55a1-5b97-8968-dee5f33af9c3
,f358c07b-3f8e-580d-a380-256cfb66fb32
This reverts commit e625d557de3494e4bdf249d23fe23a96b929a8c6.",74d474dd-6e64-5de8-9c4b-06c8aa38f187
Github,Dan Jutan,2021-06-10T00:28:00,watch commands,1743711b-b063-530f-a9ee-b7e46c9e5cd9
Github,Dan Jutan,2021-06-09T23:59:00,exception handling,e967b06b-2007-5c8a-8a69-0d0831c41f2b
Github,Dan Jutan,2021-06-09T06:50:00,add jest types to tsconfig for ide support,170404ef-9ed9-5771-b034-6899c22c0a19
Github,Dan Jutan,2021-06-09T06:22:00,move babel dependencies to dev dependencies,4a8bd32c-ec1b-53cf-84c5-a87acd5451ff
Github,Dan Jutan,2021-06-09T06:13:00,remove sandbox,14ecc393-e65f-5064-9ba8-4c1a7b612f67
Github,Dan Jutan,2021-06-09T01:12:00,fixed tests,6902300f-a2c5-53c7-80b4-5d47d590ddf6
Github,Dan Jutan,2021-06-09T01:11:00,fixed texts,828c71e7-5346-54da-9464-3a01202a1280
Github,Dan Jutan,2021-06-09T00:37:00,Merge branch 'main' of github.com:Jutanium/docs-cms into main,e620cb02-d8a2-50d0-9a0c-832b4861cd3a
Github,Dan Jutan,2021-06-09T00:33:00,ts-jest attempt,813f37be-57e1-5552-bafc-a79c4d15ecb8
Github,Dan Jutan,2021-06-09T00:33:00,ts-jest attempt,9223801c-edb6-5e3c-8a63-7b859f9cd23a
Github,Dan Jutan,2021-06-08T22:52:00,new package,a7597ca3-485b-58f3-9657-6f1fbad85a15
Github,Dan Jutan,2021-06-08T17:38:00,add root tsconfig to make IDE smarter,13dea9b0-2231-52c6-aaee-1778474b3a4f
Github,Dan Jutan,2021-06-07T22:55:00,rootMode upward for jest,d6f628e6-5467-5ee7-9464-33321cb3cb21
Github,Dan Jutan,2021-06-07T21:05:00,workspace setup,64aa789d-f24f-58c1-9e83-d0c563ec8012
Github,Dan Jutan,2021-06-07T20:23:00,export types,4e552b9e-c0b5-5e32-9e68-4e888dd38435
Github,Dan Jutan,2021-06-07T20:12:00,vanilla tsc setup,532519a0-b22e-5498-87e5-107240b90912
Github,Dan Jutan,2021-06-05T00:22:00,stash,6b119dc6-f4bd-5f38-93ad-e9cfda073ffa
Github,Dan Jutan,2021-06-04T16:08:00,add timestamp,99c650e1-081d-5bac-a4ab-eed689369c64
Github,Dan Jutan,2021-06-04T06:10:00,remove file saving from parse,9a9b5c02-526f-5701-982b-aa25815ba893
Github,Dan Jutan,2021-06-04T02:40:00,footnotes,4e44f5d4-947b-592a-b65d-2130ef32082d
Github,Dan Jutan,2021-06-04T02:17:00,extract matchers,337091b7-2bda-5701-9eea-fd4c0d768164
Github,Dan Jutan,2021-06-02T22:13:00,tables templates,b85ee493-f3a5-5cd6-beb8-46e647914d58
Github,Dan Jutan,2021-06-02T18:28:00,simpler tables,45aaf330-358f-5d28-9408-7bf0a10191c6
Github,Dan Jutan,2021-06-02T18:09:00,combine text within paragraph,8b9d4b49-c56c-5ddc-8994-dee9045eb242
Github,Dan Jutan,2021-06-02T18:00:00,text nodes,b5f586d1-7969-5ec3-8bae-5b7a7a0d7f28
Github,Dan Jutan,2021-06-02T16:47:00,matchers setup,a3d019b6-1b37-5cca-af5b-f8bf8281c268
Github,Dan Jutan,2021-06-01T21:55:00,Merge branch 'main' of github.com:Jutanium/docs-cms into main,dabfbb7d-d1d9-5f8e-b782-18280e328f22
Github,Dan Jutan,2021-06-01T21:54:00,"push the private stuff, for now",cc78d452-eb00-5c43-9125-267a9d9fc4f3
Github,Dan Jutan,2021-06-01T21:54:00,"push the private stuff, for now",32948b4f-f872-5df4-af91-036b613ab884
Github,Dan Jutan,2021-05-31T21:56:00,tests for connect functions,2f826452-8443-5cf4-a77c-e83092a4002d
Github,Dan Jutan,2021-05-30T05:29:00,add root gitignore,3c629ac6-74d1-5381-b05c-6ef4f55f67f1
Github,Dan Jutan,2021-05-30T05:28:00,setup,622ca83e-f58d-50cf-b948-923f363ea669
Github,Jianing Fu,2020-09-27T04:02:00,udpate,9aa23669-d2f6-5e33-8830-d3f2be1ccf73
Github,Jianing Fu,2020-09-27T03:46:00,update,3f9d26ef-615f-5148-8802-4192d6072785
Github,Jianing Fu,2020-09-18T07:29:00,update to D3 v6,c82fbb02-371c-5f8e-aadd-161b9aa9044d
Github,Lauren Klein,2017-04-24T02:17:00,Edits to women's history and election categories,5dd56149-a166-5da9-bc5f-60f6073c7fed
Github,Adam Hayward,2017-04-23T20:30:00,fixed menu navigator to update based on given position,c35f7578-2840-59fe-be20-bf5d485bb9f8
Github,Adam Hayward,2017-04-23T19:38:00,minor change to site reload (no longer scrolls back to start),721f0d8f-66b4-527b-a6f6-2f96238df2a3
Github,Lauren Klein,2017-04-23T01:13:00,Added in navigate-to-location on load,76183938-2084-5115-86b5-d7f3e79be795
Github,Lauren Klein,2017-04-23T00:20:00,Adding in anchors,9bd3dbe1-7981-5673-8b50-d5ce0e7552ad
Github,Adam Hayward,2017-04-01T00:09:00,"Changed 'Table of the Women's history' to 'Table of Women's History,' removed console.logs to speed up load times for production.",b541b8f8-e5bf-5b94-b425-669893e1742a
Github,Adam Hayward,2017-04-01T00:00:00,fixed year offset so Women's History works,46e6a800-0a24-505a-97c5-ce325277d779
Github,Adam Hayward,2017-03-31T05:12:00,completed event key updates. fixed errors. Women set not yet adjusted,12cb1e91-1643-5964-bee5-f467fff7c301
Github,Adam Hayward,2017-03-30T21:24:00,almost completed event key updates,5c24a054-277f-56de-a220-32a8bfdc2780
Github,Lauren Klein,2017-03-17T19:46:00,Added more credits/further reading.,cd8b4f08-282a-56d0-832d-311d6514715e
Github,Lauren Klein,2017-03-16T23:56:00,Adding datasets,432cb2f5-3215-59e6-bf4b-3ee0d0424b78
Github,Adam Hayward,2017-03-16T23:37:00,fixed navbars to show up on white bg,e8190193-1258-5d32-92ce-73b18bdb07ea
Github,Adam Hayward,2017-03-10T21:05:00,added browser support warning for non-chrome browsers (safari can be added too if it works),1333d279-3586-5a2f-8c3b-310847784af0
Github,Adam Hayward,2017-03-10T20:42:00,fixed color animations,f36b5fe7-09d3-5772-8613-7fa1d153ad53
Github,Adam Hayward,2017-03-10T19:53:00,Switching between devices,c39a7660-5717-530a-bd06-16a25d3f84bb
Github,Lauren Klein,2017-02-13T01:57:00,Added a link the credits section (minor),0d716141-737c-50ff-afe3-3b3ee113419f
Github,Lauren Klein,2017-01-25T01:18:00,Caught a missing bracket.,42afeca7-bd11-5145-95da-0dd35b4a0532
Github,Lauren Klein,2017-01-24T22:17:00,Can't stop tweaking!,80fd0874-1fd1-5219-9a2b-eb0af7479716
Github,Lauren Klein,2017-01-24T22:11:00,Some text edits and CSS tweaks,286ce986-a0b2-5777-b82c-7909f304314d
Github,Adam Hayward,2017-01-21T03:45:00,"linked shivani's routing to borders, made borders seamless, simplified routing function, added drop shadow to navigation icon, increased size of nav chevrons to 1.7em",d3e928c5-daa1-5228-818a-47b6196df683
Github,Adam Hayward,2017-01-21T01:16:00,brought back HIW0.png from the depths of git history,f4983455-f5f3-5bd9-9f1e-b1ccab1a3737
Github,Adam Hayward,2017-01-16T02:19:00,fixed the annoying timeline bug. *proceeds fist pumping*,d89e734f-7595-5ea0-9ae1-a44a54117193
Github,Adam Hayward,2017-01-16T02:10:00,fixed pallete bug when loading new csv format,a632db2d-1ea5-5218-963d-ade3b2dff4b8
Github,Adam Hayward,2017-01-16T00:44:00,"fixed header styles, repositioned interactive elements, removed spaces between bars, and replaced special characters in p's with html-safe identifiers",81c145cf-104d-5836-8c0b-e986a250bf2d
Github,Adam Hayward,2017-01-14T02:33:00,Merge branch 'master' of https://github.com/GeorgiaTechDHLab/speculative,8b1bb6ac-2f4f-5bb3-a294-ad921c668a4d
Github,Adam Hayward,2017-01-14T02:33:00,adding new dataset for testing,906c3098-c4ac-5a76-baaf-d77d28036562
Github,Lauren Klein,2017-01-12T09:41:00,Typo and some formatting fixes before I dive in,bda49a40-deab-501d-9ca9-68052c515220
Github,Adam Hayward,2017-01-06T21:14:00,fixed bug with keyboard input not registering.,eb4b9835-8894-5823-b6b3-ebdecd8fe883
Github,Lauren Klein,2017-01-04T04:29:00,"Draft of ""Play"" text.",52cb0f68-b1b4-5496-9b55-4b4e23d19dfc
Github,Adam Hayward,2017-01-02T07:36:00,"set up burger nav. not yet clickable, but fully styled",18340c58-d443-5218-b2f3-80c86660638e
Github,Adam Hayward,2016-12-31T21:45:00,"did some styling for the gridlines. Let me know what you think, and if we should be switching it all to match the original design (white borders)",68e59376-55d0-5113-aecb-36ee218dc8d6
Github,Adam Hayward,2016-12-31T21:32:00,fixed annoying white lines above top gridline and beside left gridline.,286ee355-3333-5310-a5d9-c4de5d00721a
Github,Adam Hayward,2016-12-31T21:28:00,fixed more conflicts,2cf17a10-6522-533f-9d69-58c1a190945b
Github,Adam Hayward,2016-12-31T21:22:00,"fixed conflicts, added arrows. didn't style arrows entirely. Use .suggested to style entire bar with arrow contained inside.",25883df3-78be-5bce-a8f9-0618b77633c3
Github,Lauren Klein,2016-12-31T20:20:00,Resolved style-related merge conflicts (I hope),360a6dd4-0095-561f-bdab-60f4cda1d1ce
Github,Adam Hayward,2016-12-31T20:07:00,Merge branch 'onepage' of https://github.com/GeorgiaTechDHLab/speculative into onepage,80f4098b-a5e5-507b-a69d-0944264c4584
Github,Adam Hayward,2016-12-31T20:07:00,preparing* to merge with master. Also waking up still apparently,1cebaa8b-a209-5d4a-b3c4-8662b89a0a3f
Github,Lauren Klein,2016-12-31T19:49:00,Updates to credits section.,7fe8fdd4-8d0c-58f2-8247-a56b2df6132e
Github,Lauren Klein,2016-12-31T19:45:00,Starting the style tweaks; trying out orange grid,bd8bb52d-6e90-5b55-a617-1b846ea95ec2
Github,Adam Hayward,2016-12-28T03:14:00,finished very basic scrolling navigation buttons. still need styling and arrows. hid scrollbars for sake of simplicity.,a1bc714b-cf2b-565f-a55f-d70dbbd10db2
Github,Adam Hayward,2016-12-27T23:56:00,"converted back to one page app without routing. All scroll based. Minor restyling needed for all explanations (font size, etc).",41fa1b1d-f949-536d-86f7-92e50db58fa6
Github,Lauren Klein,2016-12-27T20:06:00,"Updated ""Credits"" text.",fc190191-5add-584b-88a3-4b3ba5233067
Github,Lauren Klein,2016-12-23T22:07:00,A few more textual tweaks,e1fd8a34-2f9b-51b4-bf85-cfd0edc1a7a2
Github,Lauren Klein,2016-12-23T22:03:00,Missing bracket!,e08fe016-668f-5abd-8ccf-f91b0626cb7d
Github,Lauren Klein,2016-12-23T21:53:00,"Updated subtitles, expanded ""credits"" text",9a1bba42-2bc1-57c1-a61b-f86c21a3ce13
Github,Adam Hayward,2016-12-23T00:04:00,"fixed ordering of click through, added cursor:pointer for usability",5ecf6870-c33b-5c97-9697-25972e2f56a4
Github,Adam Hayward,2016-12-22T23:58:00,finished click-through how to (looking for opinions on it),31a181c9-28fd-5069-b3e8-ead19d42ca41
Github,Adam Hayward,2016-12-22T23:28:00,data set changes now affect all datasets.,8c23aadb-3fcc-5b4d-ba14-74ff7c4e0303
Github,Adam Hayward,2016-12-22T22:47:00,Merge branch 'master' of https://github.com/GeorgiaTechDHLab/speculative,39f38424-c01b-54c1-b5e4-e17dbc60fba8
Github,Adam Hayward,2016-12-22T22:47:00,migrated all visualizations to single page,3ef12fb5-dcac-54f3-9b27-39a28d7028a2
Github,Adam Hayward,2016-12-20T00:35:00,Fixed another styling conflict in style.css,333b5a73-6774-59a3-9a07-fdc249f26949
Github,Adam Hayward,2016-12-20T00:22:00,still fixing merge issues,4be03768-a5e3-5a49-aa74-6b3e9ff45778
Github,Adam Hayward,2016-12-20T00:18:00,fixed styles conflicts,410337eb-be10-5f31-b488-cbdb4590375b
Github,Adam Hayward,2016-12-20T00:16:00,merging with master,8db3721f-bb1d-59c1-97fd-5051729cf901
Github,Adam Hayward,2016-12-19T02:27:00,implemented rudimentary play page. not styled yet.,84f00e8e-ffdb-5347-ab43-6b5c96e51ba2
Github,Adam Hayward,2016-12-08T02:16:00,"Completed timeline work, fixed highlighting bugs across all visualization objects",06abc25e-e659-5721-97fb-95c8fcba77da
Github,Adam Hayward,2016-12-04T04:13:00,added synchronized highlighting and functioning event key,d8c3224b-a3c9-58cb-b088-5771f7b632ba
Github,Adam Hayward,2016-11-14T05:59:00,"Build and play mode now implemented. Minor highlighting problems now exist with grid, but these can be fixed.",c1a68442-8bce-583b-8780-b42ed2ca0c7b
Github,Adam Hayward,2016-11-09T02:02:00,Testing GitHub Slack integrations,b87787c2-e56e-573c-aba6-f3a713ff6351
Github,Adam Hayward,2016-11-02T03:54:00,finished grid drawing. evt lines still causeing trouble.,e1763706-ccb0-508a-984d-03d7a180b113
Github,Adam Hayward,2016-10-27T07:42:00,"began two js implementation of grid. Added event sets, added Evt class. Added test html page for testing all of that.",d03e2b9b-2240-554f-b74c-f113b5cb8708
Github,Adam Hayward,2016-10-13T20:34:00,Fixed a small highlighting problem with view. Fixed show link to be more visible in build navigation,96fe1215-de60-5200-a78a-eb8466fb4413
Github,Adam Hayward,2016-10-13T20:23:00,Merge branch 'master' of https://github.com/GeorgiaTechDHLab/speculative,d57d707e-8230-554d-b95d-2ed643cf6de0
Github,Adam Hayward,2016-10-13T20:23:00,fixed a conflict in classes between highlightSquare and buildSquare,fb7e854c-3ac5-5829-9627-e0cb13638e57
Github,Lauren Klein,2016-10-07T21:43:00,New section titles,6dd3f279-eb43-519e-9c1c-b8265bf9184f
Github,Lauren Klein,2016-10-05T05:40:00,Inserted credits.,c817a62b-b2a2-5d59-863e-fe764da801e4
Github,Adam Hayward,2016-10-04T23:57:00,Merge branch 'master' of https://github.com/GeorgiaTechDHLab/speculative,6950826b-e5d5-5176-b008-da5ba56490f1
Github,Adam Hayward,2016-10-04T23:57:00,"added square fill to build mode on empty squares, shrunk svg for correct/incorrect feedback, and shifted and bolded event header in view",dd40676b-a7ab-5326-bb9b-762a4fc1b7bd
Github,Adam Hayward,2016-10-04T23:17:00,Merge branch 'master' of https://github.com/GeorgiaTechDHLab/speculative,7786aef9-7511-523d-8cef-bbf985881a2b
Github,Adam Hayward,2016-10-04T23:17:00,fixed header alignment and svg for correct/incorrect,48a78fc7-b901-570d-821c-7e9eaf2f89d5
Github,Lauren Klein,2016-10-04T20:24:00,"Added text for ""Compare"" section.",fd6e6f88-0817-5143-bc39-f1e70d43a65a
Github,Lauren Klein,2016-10-04T20:02:00,Updated section titles,95042be6-5b98-5473-b963-9fa891491657
Github,Adam Hayward,2016-10-04T04:28:00,fixed some of the many build placement bugs. Still have a few random ones here and there.,fb08a917-0a5d-5b6c-9ea7-bb1ebf7d5c7f
Github,Lauren Klein,2016-10-01T00:15:00,Additional language tweaks,ae01ccbd-0d19-55e6-8bf5-ee4850abd0af
Github,Lauren Klein,2016-10-01T00:13:00,Tweaked some of the headers and subtitles,0b995a43-6249-5046-bf23-7666ae1648aa
Github,Adam Hayward,2016-09-29T20:01:00,added stroke highlight to palette,44d236af-abb6-5e09-90b8-5d0fb355bd4e
Github,Adam Hayward,2016-09-29T19:53:00,Fixed show hide bug. Created event object to better manage events in the future,2a5bb958-8a8c-52fe-8212-da2e10bef21b
Github,Adam Hayward,2016-09-27T02:35:00,fixed unpushed conflict reolution in index.html,91cae215-537f-56ac-85c8-60d21de497da
Github,Adam Hayward,2016-09-27T02:23:00,"Merge branch 'master' of https://github.com/GeorgiaTechDHLab/speculative into NewGrid,63e23cd8-61a3-5917-9d76-891a0a87e0c9
,36ee1101-cd0e-5509-8756-d30be4ed89d4
# Conflicts:,404c205b-fc9c-54b8-817c-4cc833120bf6
#	index.html",54ee72fc-7562-5f5d-aa87-dd671fa895d9
Github,Adam Hayward,2016-09-27T02:18:00,Final commit before merge. Fixed show.,59ac7859-97ab-5476-89d7-0cfea8ca1e8a
Github,Adam Hayward,2016-09-26T06:37:00,Rewrote grid functions and grid. Broke compare until merge. Wanted to avoid conflicts. Created and added svgs for validator in events list,38199925-56f2-5a95-b33b-6c66601a28b1
Github,Lauren Klein,2016-09-21T20:48:00,"Updated text for ""Interact"" section.",44331be7-9f06-5851-b85f-0bd8b3cdb004
Github,Adam Hayward,2016-09-19T18:46:00,Began work on Events list. Committing current setup as back up to be safe.,defef7c4-0c2a-5de2-b325-950e318703b8
Github,Lauren Klein,2016-09-16T20:22:00,"Revised title, tag line, and ""About"" text",2583212c-5d87-52f3-9d2c-ee8be024e570
Github,Adam Hayward,2016-09-11T20:40:00,"Added cursor: pointer property to build grid, and added black stroke to selected color.",972b08ef-52a7-5bfa-a189-94894945b12f
Github,Adam Hayward,2016-09-11T20:16:00,Transferred makeGrid function to build.js and refactored to fix grid for build as well. Both grids are now up to par.,23c6af4f-ca6b-52ef-9f2a-7e66b665fabb
Github,Adam Hayward,2016-09-11T20:03:00,Fixed view grid to mirror new layout. Still need to fix some line length issues.,4de065b5-384b-53ff-94ce-d95c9f551fab
Github,Adam Hayward,2016-09-11T18:55:00,Implemented rudimentary crosshairs. committing to begin work on new grid layout.,84dca32a-38f9-5596-8393-ba415c07fefb
Github,Lauren Klein,2016-08-12T19:56:00,"Merge pull request #11 from jessicallison/master,b2a544ec-63e7-5505-9ffa-a0d551102013
,54f5509d-2fad-53df-b1bd-b33242b5d0f3
Master",0706a649-2045-589d-a94c-d6ae63c5c04d
Github,Lauren Klein,2016-06-28T17:34:00,"Merge pull request #9 from yueerchu/master,5440db25-e55a-52ca-a311-1a59dd8c1d12
,824d4184-7502-5929-8289-e23dcec8092b
Fixed the navigation arrow",82c3e163-c46e-5a21-9c83-8cd4a47d65f9
Github,Lauren Klein,2016-05-18T17:06:00,"Merge pull request #8 from laurenfklein/master,316ba7db-66c1-586e-ab28-83f237f42603
,cb64041b-18e8-58e7-b1cb-219905ddc5b9
Added the first chunk of text",89163ac1-0b56-5d0d-861b-d9e4465ad09a
Github,Lauren Klein,2016-05-18T17:04:00,"Added the first chunk of text,965b7e23-eb18-5491-81cb-cc5e8649e2c2
,b5021b18-7149-55b5-bc6a-8e3e81c2f3bd
Still pretty drafty.",27568e90-824f-52d9-8e9f-8b6a97783ecd
Github,Lauren Klein,2016-04-05T18:24:00,Updated title / nav bar,9cc3fb68-c032-52e4-8fb1-ba2391b3baeb
Github,Lauren Klein,2016-04-05T18:23:00,Updated title / nav bar,ee7021c0-7aad-525e-b9b2-101279bdf598
Github,Lauren Klein,2016-04-05T18:22:00,Update Peabody_build.html,a156c14d-1fca-54fc-ac69-4219623cb280
Github,Lauren Klein,2016-03-21T18:45:00,"Final text (for now) for the landing page. ,9db2880e-c313-52b3-91c0-336052c5d0f5
,5634db94-d1fc-5045-9ee1-4858c8658499
Still need to deal with some formatting...",ade13be8-7087-59fa-98d1-4a8da98bb04b
Github,Lauren Klein,2016-03-21T18:41:00,Update Peabody_landing_parallax_3.html,83593a96-0873-5ed5-8f8f-cacca5c90376
Github,Lauren Klein,2016-03-21T18:17:00,"Added working version of longer landing page  ,762e7e6a-c25d-5c89-8ab3-fb41beafe6d2
,05a8691f-5dbc-5f28-b2bf-e52c257ef9e0
An initial / partial draft of the ""data narrative"" version.",aacedaee-9bf0-56f9-b7ff-321b3058b0b8
Github,Lauren Klein,2016-03-21T18:13:00,"Update Peabody_landing_parallax_3.html,815831de-a9b3-52f6-8d96-af7c671b4de5
,b3593155-2258-5d7b-87f5-799acbec1c67
Tweaking the language on our preferred front page.",d59f1a65-4448-575e-8424-32f955372413
Github,Lauren Klein,2015-08-20T05:49:00,"Reference images,0b2c4b9a-e203-53ee-a8f9-9bfef7ffbd62
,f745f94f-dede-5356-9be8-c2e855ed0373
Added reference images.",f727bc1a-705f-5fd3-a46d-4a3b0cc93fc1
